arose,ascot
arose,horse,horse
arose,horse,rouse
arose,horse,worse
arose,opera
arose,bachs,grasp
arose,bachs,crash
arose,bachs,brass
arose,bachs,grass
arose,bachs,trash
arose,bachs,crass
arose,bachs,brash
arose,kempt,steak
arose,kempt,sweat
arose,kempt,steam
arose,kempt,sepia
arose,kempt,sneak
arose,kempt,stead,stead
arose,kempt,stead,steal
arose,kempt,easel,essay
arose,kempt,easel,easel
arose,kempt,sedan
arose,kempt,speak
arose,roast
arose,parse,raise
arose,parse,parse
arose,centu,rinse
arose,centu,purse
arose,centu,curse
arose,centu,reuse
arose,centu,terse
arose,centu,verse
arose,centu,nurse
arose,clapt,dumka,shame
arose,clapt,dumka,shave
arose,clapt,dumka,suave
arose,clapt,dumka,shake,shake
arose,clapt,dumka,shake,snake
arose,clapt,dumka,shade
arose,clapt,dumka,usage
arose,clapt,sauce
arose,clapt,spade
arose,clapt,stale
arose,clapt,skate,state
arose,clapt,skate,skate
arose,clapt,skate,stage,stave
arose,clapt,skate,stage,stage
arose,clapt,skate,stake
arose,clapt,space
arose,clapt,slave
arose,clapt,caste
arose,clapt,thumb,haste
arose,clapt,thumb,saute
arose,clapt,thumb,taste
arose,clapt,thumb,baste
arose,clapt,thumb,waste
arose,clapt,shale
arose,clapt,paste
arose,clapt,slate
arose,clapt,salve
arose,clapt,scale
arose,clapt,shape
arose,pudic,truce
arose,pudic,prune
arose,pudic,gripe,tripe
arose,pudic,gripe,gripe
arose,pudic,creme
arose,pudic,prime,prime
arose,pudic,prime,prize
arose,pudic,brute
arose,pudic,prude
arose,pudic,crepe
arose,pudic,urine
arose,pudic,price
arose,pudic,crude
arose,pudic,tribe,trite
arose,pudic,tribe,tribe
arose,pudic,tribe,bribe
arose,pudic,tribe,grime
arose,pudic,tribe,brine
arose,pudic,tribe,write
arose,pudic,pride
arose,pudic,crime,crime
arose,pudic,crime,trice
arose,pudic,bride,bride
arose,pudic,bride,drive
arose,arena
arose,enmew,saner
arose,enmew,smear
arose,enmew,safer
arose,enmew,swear
arose,enmew,shear,shear
arose,enmew,shear,spear
arose,flint,awful
arose,flint,align
arose,flint,anvil
arose,flint,amity
arose,flint,alibi
arose,flint,attic
arose,flint,avail
arose,flint,adapt
arose,flint,aptly
arose,flint,axial
arose,flint,aphid
arose,flint,aging,aging
arose,flint,aging,aping
arose,flint,avian
arose,flint,aback
arose,flint,adult
arose,flint,allay,alpha
arose,flint,allay,allay
arose,flint,allay,album
arose,flint,amply,apply
arose,flint,amply,amply
arose,flint,affix
arose,flint,aunty
arose,flint,antic
arose,flint,admin,admin
arose,flint,admin,again
arose,flint,admit,admit
arose,flint,admit,audit
arose,flint,admit,await
arose,flint,annul
arose,spilt,spent
arose,spilt,slept
arose,spilt,upset
arose,spilt,spell
arose,spilt,sleet
arose,spilt,sheep,sheep
arose,spilt,sheep,sweep
arose,spilt,sheik,sheik
arose,spilt,sheik,sinew
arose,spilt,steed
arose,spilt,spiel
arose,spilt,bused
arose,spilt,spied
arose,spilt,sleek
arose,spilt,steel
arose,spilt,pesky
arose,spilt,sleep
arose,spilt,sheet,sweet
arose,spilt,sheet,scent
arose,spilt,sheet,sheet
arose,spilt,smelt
arose,spilt,islet
arose,spilt,spelt
arose,spilt,fehme,smell
arose,spilt,fehme,shelf
arose,spilt,fehme,shell
arose,spilt,fehme,swell
arose,spilt,shied
arose,spilt,stein
arose,spilt,swept
arose,spilt,setup,setup
arose,spilt,setup,steep
arose,spilt,speed,speck
arose,spilt,speed,speed
arose,spilt,speed,spend
arose,spilt,beset,unset
arose,spilt,beset,beset
arose,spilt,testy,zesty
arose,spilt,testy,testy
arose,spilt,testy,fetus
arose,spilt,semen,seedy
arose,spilt,semen,semen
arose,spilt,semen,seven
arose,spilt,semen,sheen
arose,could,coupe
arose,could,oxide
arose,could,movie
arose,could,lodge
arose,could,olive
arose,could,ounce
arose,could,vogue
arose,could,opine,opine
arose,could,opine,ovine
arose,could,dodge
arose,could,gouge
arose,could,voice
arose,could,noble
arose,could,boule
arose,bundt,drone
arose,bundt,drove
arose,bundt,erode
arose,bundt,trope,trove
arose,bundt,trope,wrote
arose,bundt,trope,trope
arose,bundt,broke
arose,bundt,crone,crone
arose,bundt,crone,prone
arose,bundt,probe
arose,bundt,grope,froze
arose,bundt,grope,grope
arose,bundt,grope,grove
arose,bundt,grope,prove
arose,filmy,mossy
arose,filmy,foist
arose,filmy,lousy
arose,filmy,bossy
arose,filmy,hoist,hoist
arose,filmy,hoist,joist
arose,filmy,noisy
arose,filmy,joust
arose,filmy,moist
arose,roost
arose,burst,first
arose,burst,burst
arose,befit,quota
arose,befit,float
arose,befit,bloat
arose,befit,gloat
arose,befit,viola
arose,befit,cloak
arose,clint,stone
arose,clint,stoke,stoke
arose,clint,stoke,smote
arose,clint,stoke,stove
arose,clint,shone
arose,clint,scope
arose,clint,scone
arose,clint,smoke,smoke
arose,clint,smoke,shove
arose,clint,smoke,spoke
arose,clint,slope
arose,clint,stole
arose,calmy,board,board
arose,calmy,board,hoard
arose,calmy,board,borax
arose,calmy,coral
arose,calmy,roach
arose,calmy,rivet,baron
arose,calmy,rivet,ratio
arose,calmy,rivet,tarot
arose,calmy,rivet,razor
arose,calmy,rivet,vapor
arose,calmy,rivet,favor
arose,calmy,rivet,radio
arose,calmy,moral
arose,calmy,cobra
arose,calmy,cargo
arose,calmy,major,manor
arose,calmy,major,major
arose,calmy,macro
arose,calmy,rayon
arose,calmy,foray,foray
arose,calmy,foray,ovary
arose,calmy,carol
arose,calmy,valor
arose,calmy,polar
arose,calmy,molar
arose,calmy,labor
arose,calmy,royal
arose,calmy,mayor
arose,ablow,poser
arose,ablow,loser
arose,ablow,sober
arose,ablow,sower
arose,caphs,fresh
arose,caphs,dress
arose,caphs,cress
arose,caphs,wrest
arose,caphs,crest
arose,caphs,press
arose,chapt,smart,smart
arose,chapt,smart,start
arose,chapt,scrap
arose,chapt,sugar
arose,chapt,raspy
arose,chapt,strap
arose,chapt,spray
arose,chapt,satyr,satyr
arose,chapt,satyr,stray
arose,chapt,satyr,straw
arose,chapt,sharp
arose,chapt,snarl,swarm
arose,chapt,snarl,snarl
arose,chapt,shard,shark
arose,chapt,shard,shard
arose,chapt,stair,stark
arose,chapt,stair,stair
arose,chapt,spark
arose,chapt,scram
arose,chapt,scarf,scary
arose,chapt,scarf,scarf
arose,verso
arose,chang,noose
arose,chang,loose,moose
arose,chang,loose,loose
arose,chang,close
arose,chang,those,whose
arose,chang,those,those
arose,chang,goose
arose,chang,chose
arose,gouch,borne,borne
arose,gouch,borne,forte
arose,gouch,ombre
arose,gouch,forge
arose,gouch,gorge
arose,gouch,rouge
arose,gouch,route
arose,gouch,rogue
arose,gouch,force
arose,gouch,horde
arose,cubit,tryst
arose,cubit,crust
arose,cubit,crisp
arose,cubit,wrist
arose,cubit,crush
arose,cubit,trust
arose,cubit,frisk,frisk
arose,cubit,frisk,prism
arose,cubit,brisk
arose,cubit,brush
arose,cubit,truss
arose,denet,check,check
arose,denet,check,fleck
arose,denet,check,whelp
arose,denet,check,quell
arose,denet,check,equip
arose,denet,clued,clued
arose,denet,clued,plied
arose,denet,beget
arose,denet,dwelt
arose,denet,begin,being
arose,denet,begin,begun
arose,denet,begin,newly
arose,denet,begin,begin
arose,denet,begin,neigh
arose,denet,begin,feign
arose,denet,bleep,bleep
arose,denet,bleep,wheel
arose,denet,bleep,excel
arose,denet,bleep,cheek
arose,denet,bleep,expel
arose,denet,edict
arose,denet,enemy
arose,denet,aleph,hefty
arose,denet,aleph,fetch
arose,denet,aleph,petty
arose,denet,aleph,jetty
arose,denet,aleph,lefty
arose,denet,ennui
arose,denet,empty,empty
arose,denet,empty,piety
arose,denet,empty,ethic
arose,denet,blend,blend
arose,denet,blend,fiend
arose,denet,duvet
arose,denet,dicey
arose,denet,betel
arose,denet,eject,elect
arose,denet,eject,eject
arose,denet,kneed
arose,denet,befit
arose,denet,fleet,tweet
arose,denet,fleet,fleet
arose,denet,bicep,chief
arose,denet,bicep,pixel
arose,denet,bicep,libel
arose,denet,bicep,bicep
arose,denet,bicep,impel
arose,denet,debug,devil
arose,denet,debug,debug
arose,denet,inlet,unmet
arose,denet,inlet,inlet
arose,denet,belch,welch
arose,denet,belch,belly
arose,denet,belch,belch
arose,denet,belch,helix
arose,denet,belch,leggy
arose,denet,belch,jelly
arose,denet,belch,weigh
arose,denet,cleft,theft
arose,denet,cleft,exult
arose,denet,cleft,evict
arose,denet,cleft,cleft
arose,denet,cleft,eight
arose,denet,dwell
arose,denet,fetid,teddy
arose,denet,fetid,fetid
arose,denet,fetid,tepid
arose,denet,beech,geeky
arose,denet,beech,leech
arose,denet,beech,beech
arose,denet,beech,beefy
arose,denet,deign
arose,denet,agila,liken
arose,denet,agila,hymen
arose,denet,agila,given
arose,denet,agila,vixen
arose,denet,agila,lumen
arose,denet,medic
arose,denet,edify,field
arose,denet,edify,wield
arose,denet,edify,edify
arose,denet,edify,yield
arose,denet,filet,filet
arose,denet,filet,quiet
arose,denet,unfed,unwed
arose,denet,unfed,index
arose,denet,unfed,widen
arose,denet,unfed,unfed
arose,denet,debit,debut
arose,denet,debit,debit
arose,denet,denim
arose,denet,bench,penny
arose,denet,bench,wench
arose,denet,bench,bench
arose,denet,tenth
arose,denet,weedy
arose,denet,teeth
arose,denet,tweed
arose,denet,bevel,bevel
arose,denet,bevel,jewel
arose,denet,bevel,bezel
arose,denet,bevel,level
arose,denet,eking,eking
arose,denet,eking,eying
arose,denet,eking,elfin
arose,denet,elegy
arose,denet,thief
arose,denet,inept,knelt
arose,denet,inept,inept
arose,denet,linen,piney
arose,denet,linen,linen
arose,denet,bleed,embed
arose,denet,bleed,bleed
arose,denet,deity,depth
arose,denet,deity,deity
arose,denet,kneel,kneel
arose,denet,kneel,queen
arose,denet,needy
arose,denet,event
arose,denet,tenet
arose,blimp,amaze
arose,blimp,angle,angle
arose,blimp,angle,ankle
arose,blimp,agile
arose,blimp,abate
arose,blimp,anime
arose,blimp,alike,alive
arose,blimp,alike,alike
arose,blimp,ample
arose,blimp,adage,acute
arose,blimp,adage,adage
arose,blimp,adage,awake
arose,blimp,adage,agate
arose,blimp,agape
arose,blimp,apple
arose,blimp,amble
arose,blimp,abide
arose,blimp,algae
arose,chirl,glory
arose,chirl,choir
arose,chirl,chord
arose,chirl,thorn
arose,chirl,floor,floor
arose,chirl,floor,flour
arose,chirl,roomy
arose,chirl,fjord
arose,chirl,ivory
arose,cameo,ocean
arose,cameo,cameo
arose,cameo,oaken
arose,cameo,omega
arose,abaca,groan
arose,abaca,croak
arose,abaca,broad
arose,clung,flout
arose,clung,thong
arose,clung,towzy,tooth
arose,clung,towzy,ovoid
arose,clung,towzy,booth
arose,clung,towzy,photo
arose,clung,towzy,whoop
arose,clung,towzy,booby,moody
arose,clung,towzy,booby,booby
arose,clung,towzy,woozy
arose,clung,towzy,woody
arose,clung,towzy,booty
arose,clung,towzy,boozy
arose,clung,cloud,cloud
arose,clung,cloud,clout
arose,clung,blown,flown
arose,clung,blown,blown
arose,clung,blood,bloom
arose,clung,blood,flood
arose,clung,blood,blood
arose,clung,knoll
arose,clung,loopy,wooly
arose,clung,loopy,loopy
arose,clung,known
arose,clung,quoth
arose,clung,pooch
arose,clung,knock
arose,clung,clown
arose,clung,block,flock
arose,clung,block,block
arose,clung,blond
arose,clung,gloom
arose,clung,ghoul
arose,clung,clock,cloth
arose,clung,clock,clock
arose,clung,chock
arose,clung,goody,goofy
arose,clung,goody,goody
arose,clung,phony
arose,nosey,onset
arose,nosey,pesto
arose,nosey,nosey
arose,nosey,ethos
arose,tying,privy
arose,tying,grunt
arose,tying,trunk
arose,tying,grimy
arose,tying,caked,brick,brick
arose,tying,caked,brick,prick
arose,tying,caked,drill
arose,tying,caked,frill
arose,tying,caked,crick
arose,tying,caked,crimp
arose,tying,caked,krill
arose,tying,fruit
arose,tying,drift,drift
arose,tying,drift,fritz
arose,tying,wrung
arose,tying,drunk
arose,tying,gruff
arose,tying,brunt
arose,tying,crypt
arose,tying,trick
arose,tying,truly
arose,tying,crumb,crump
arose,tying,crumb,crumb
arose,tying,dryly,dryly
arose,tying,dryly,wryly
arose,tying,brink,brink
arose,tying,brink,drink
arose,tying,abmho,trump
arose,tying,abmho,truck
arose,tying,abmho,truth
arose,tying,bring,wring
arose,tying,bring,bring
arose,tying,print
arose,tying,druid
arose,tying,grill
arose,tying,grind
arose,tying,briny
arose,argue
arose,moten,otter,otter
arose,moten,otter,outer
arose,moten,mover,mower
arose,moten,mover,mover
arose,moten,voter
arose,moten,decor
arose,moten,odder,older
arose,moten,odder,offer
arose,moten,odder,odder
arose,moten,metro
arose,moten,goner
arose,moten,heron
arose,moten,tenor
arose,moten,retro
arose,moten,tower
arose,moten,overt
arose,moten,rawly,cower,power
arose,moten,rawly,cower,cower
arose,moten,rawly,foyer
arose,moten,rawly,rower
arose,moten,rawly,lower
arose,moten,rawly,lover
arose,moten,rawly,birch,cover
arose,moten,rawly,birch,joker,poker
arose,moten,rawly,birch,joker,joker
arose,moten,rawly,birch,boxer
arose,moten,rawly,birch,hover
arose,moten,rawly,birch,corer
arose,moten,rawly,roger,roger
arose,moten,rawly,roger,rover
arose,moten,rawly,roger,rodeo
arose,moten,owner
arose,moten,homer
arose,moten,other
arose,sewen,wiser
arose,sewen,ester
arose,sewen,sperm
arose,sewen,sheer,steer
arose,sewen,sheer,sheer
arose,sewen,resin
arose,sewen,miser,miser
arose,sewen,miser,usher
arose,sewen,miser,riser
arose,sewen,risen
arose,sewen,screw,shrew
arose,sewen,screw,screw
arose,sewen,siren
arose,sewen,stern
arose,sewen,sever
arose,sewen,rebus
arose,sewen,sewer
arose,sewen,reset
arose,sewen,super,skier
arose,sewen,super,surer
arose,sewen,super,super
arose,sewen,sneer
arose,sewen,serif,serif
arose,sewen,serif,serum
arose,aroma
arose,solve
arose,ditch,dairy
arose,ditch,fairy,flair
arose,ditch,fairy,rabbi
arose,ditch,fairy,rainy
arose,ditch,fairy,fairy
arose,ditch,carat
arose,ditch,chart
arose,ditch,radar,randy
arose,ditch,radar,guard
arose,ditch,radar,radar
arose,ditch,tiara
arose,ditch,carry
arose,ditch,rabid,rabid
arose,ditch,rabid,nadir
arose,ditch,rabid,rapid
arose,ditch,rabid,radii
arose,ditch,dwarf
arose,ditch,charm
arose,ditch,harpy,harpy
arose,ditch,harpy,harry
arose,ditch,harpy,wharf
arose,ditch,rajah,rajah
arose,ditch,rajah,ralph
arose,ditch,tardy
arose,ditch,march,march
arose,ditch,march,ranch
arose,ditch,cairn
arose,ditch,tapir
arose,ditch,chard
arose,ditch,circa
arose,ditch,hardy
arose,ditch,hairy
arose,ditch,chair
arose,ditch,hamal,parka
arose,ditch,hamal,parry
arose,ditch,hamal,rumba
arose,ditch,hamal,lunar
arose,ditch,hamal,karma
arose,ditch,hamal,umbra
arose,ditch,hamal,larva
arose,ditch,hamal,mural
arose,ditch,hamal,rural
arose,ditch,hamal,rally
arose,ditch,hamal,marry
arose,ditch,hamal,quark
arose,ditch,cigar,vicar
arose,ditch,cigar,cigar
arose,ditch,ratty,ultra
arose,ditch,ratty,ratty
arose,ditch,rival,viral
arose,ditch,rival,rival
arose,ditch,party,warty
arose,ditch,party,party
arose,ditch,party,quart
arose,ditch,diary
arose,chore
arose,aarti,agree
arose,aarti,azure
arose,aarti,aware
arose,aarti,afire
arose,assay
arose,aland,angel
arose,aland,alley
arose,aland,apnea
arose,aland,abled
arose,aland,adept
arose,aland,abbey
arose,aland,agent
arose,aland,alien
arose,aland,amend
arose,aland,ahead
arose,aland,annex
arose,chant,scare
arose,chant,stare
arose,chant,share
arose,chant,spare
arose,chant,snare
arose,pilum,louse
arose,pilum,mouse
arose,pilum,obese
arose,pilum,poise
arose,pilum,house
arose,pilum,copse
arose,pilum,posse
arose,pilum,noise
arose,guilt,untie
arose,guilt,butte
arose,guilt,belle,cycle
arose,guilt,belle,belle
arose,guilt,belie
arose,guilt,delve,melee
arose,guilt,delve,delve
arose,guilt,mince,niche
arose,guilt,mince,mince
arose,guilt,mince,wince
arose,guilt,mince,niece
arose,guilt,mince,pixie
arose,guilt,mince,piece
arose,guilt,exile,while
arose,guilt,exile,exile
arose,guilt,flute
arose,guilt,elide
arose,guilt,elite
arose,guilt,aband,fugue
arose,guilt,aband,budge
arose,guilt,aband,nudge
arose,guilt,aband,fudge,fudge
arose,guilt,aband,fudge,judge
arose,guilt,chute,chute
arose,guilt,chute,etude
arose,guilt,deuce,venue
arose,guilt,deuce,undue
arose,guilt,deuce,deuce
arose,guilt,binge,hinge
arose,guilt,binge,midge
arose,guilt,binge,binge
arose,guilt,genie
arose,guilt,tithe
arose,guilt,tepee,thyme
arose,guilt,tepee,theme
arose,guilt,tepee,tepee
arose,guilt,quite
arose,guilt,bible
arose,guilt,unite
arose,guilt,tulle
arose,guilt,chide,whine
arose,guilt,chide,chide
arose,guilt,chide,chime
arose,guilt,chide,knife
arose,guilt,imbue,pique
arose,guilt,imbue,imbue
arose,guilt,title
arose,guilt,guile
arose,guilt,bilge,liege
arose,guilt,bilge,bilge
arose,guilt,champ,femme
arose,guilt,champ,fence
arose,guilt,champ,hence
arose,guilt,champ,pence
arose,guilt,champ,penne
arose,guilt,champ,emcee
arose,guilt,juice
arose,guilt,uncle
arose,guilt,twice,twine
arose,guilt,twice,twice
arose,guilt,twice,white
arose,guilt,cutie
arose,guilt,ledge
arose,guilt,bulge,bulge
arose,guilt,bulge,lunge
arose,guilt,lithe,tilde
arose,guilt,lithe,lithe
arose,guilt,bugle
arose,guilt,hedge,wedge
arose,guilt,hedge,hedge
arose,guilt,utile
arose,guilt,flume,fluke
arose,guilt,flume,plume
arose,guilt,flume,elude
arose,guilt,flume,flume
arose,guilt,glide
arose,guilt,dunce,queue
arose,guilt,dunce,dunce
arose,guilt,guide
arose,abaca,agora
arose,abaca,acorn
arose,abaca,adorn
arose,abaca,abort
arose,arise
arose,aight,kiosk
arose,aight,slosh
arose,aight,boost
arose,aight,gloss
arose,aight,ghost
arose,aight,floss
arose,abram,arrow
arose,abram,armor
arose,abram,arbor
arose,abram,ardor
arose,bravo,organ
arose,bravo,bravo
arose,mason,salon
arose,mason,chaos
arose,mason,soapy
arose,mason,salvo
arose,mason,mason
arose,mason,savoy
arose,clipt,tract
arose,clipt,trawl
arose,clipt,craft
arose,clipt,brand,drawn
arose,clipt,brand,urban
arose,clipt,brand,grand
arose,clipt,brand,drank
arose,clipt,brand,brawn
arose,clipt,brand,frank
arose,clipt,brand,gravy
arose,clipt,brand,brand
arose,clipt,brand,drama
arose,clipt,brand,fraud
arose,clipt,cramp
arose,clipt,tramp
arose,clipt,draft,grant
arose,clipt,draft,draft
arose,clipt,draft,graft
arose,clipt,brawl,brawl
arose,clipt,brawl,drawl
arose,clipt,trial
arose,clipt,trail
arose,clipt,graph
arose,clipt,crack,crazy
arose,clipt,crack,crack
arose,clipt,crack,crank
arose,clipt,prank,prawn
arose,clipt,prank,prank
arose,clipt,trait
arose,clipt,crawl
arose,clipt,frail,grail
arose,clipt,frail,frail
arose,clipt,briar,friar
arose,clipt,briar,briar
arose,clipt,wrath
arose,clipt,wrack
arose,clipt,track
arose,clipt,triad
arose,clipt,braid,drain
arose,clipt,braid,braid
arose,clipt,braid,grain
arose,clipt,braid,brain
arose,clipt,train
arose,bufty,leash
arose,bufty,feast
arose,bufty,yeast
arose,bufty,least
arose,bufty,beast
arose,built,girly
arose,built,thrum
arose,built,flirt
arose,built,third
arose,built,right
arose,built,curly
arose,built,incur
arose,built,rigid
arose,built,burly
arose,built,rugby
arose,built,lyric
arose,built,chirp
arose,built,blurt
arose,built,lurid
arose,built,burnt
arose,built,myrrh
arose,built,girth,dirty
arose,built,girth,mirth
arose,built,girth,girth
arose,built,churn
arose,built,birch
arose,built,quirk
arose,built,chard,curry
arose,built,chard,murky
arose,built,chard,ruddy
arose,built,chard,hurry
arose,built,chard,curvy
arose,built,chard,furry
arose,built,blurb
arose,built,lurch
arose,built,twirl
arose,built,birth
arose,built,whirl
arose,arson
arose,arose
arose,ghest,guest
arose,ghest,welsh
arose,ghest,heist
arose,ghest,flesh
arose,ghest,quest
arose,ghest,guess
arose,ghest,chest
arose,ghest,chess
arose,ghest,bless
arose,ghest,exist
arose,month,horny
arose,month,torch
arose,month,rumor
arose,month,turbo,tutor
arose,month,turbo,turbo
arose,month,moron,moron
arose,month,moron,mourn
arose,month,court,rotor
arose,month,court,court
arose,month,court,robot
arose,month,rhino
arose,month,humor
arose,month,porch,porch
arose,month,porch,rough
arose,month,intro
arose,month,motor
arose,month,micro
arose,month,forth,worth
arose,month,forth,forth
arose,month,corny,round
arose,month,corny,corny
arose,month,corny,robin
arose,month,forum
arose,month,minor
arose,month,north
arose,month,hydro
arose,month,wordy,rowdy
arose,month,wordy,gourd
arose,month,wordy,world
arose,month,wordy,color
arose,month,wordy,dowry
arose,month,wordy,rocky
arose,month,wordy,worry
arose,month,wordy,forgo
arose,month,wordy,wordy
arose,month,wordy,lorry
arose,month,throb,throb
arose,month,throb,throw
arose,month,furor,occur
arose,month,furor,curio
arose,month,furor,rigor
arose,month,furor,vigor
arose,month,furor,juror
arose,month,furor,furor
arose,month,forty
arose,month,donor
arose,month,morph
arose,month,honor
arose,month,tumor
arose,bundt,adobe
arose,bundt,atone
arose,bundt,anode
arose,bundt,above
arose,bundt,alone
arose,bundt,awoke
arose,bundt,abode
arose,canoe,ovate
arose,canoe,canoe
arose,adore
arose,clipt,scoop
arose,clipt,stock
arose,clipt,spool
arose,clipt,sloth
arose,clipt,sooth,sooth
arose,clipt,sooth,stood
arose,clipt,sooth,stony
arose,clipt,sooth,sooty
arose,clipt,flawn,spook
arose,clipt,flawn,snoop
arose,clipt,flawn,spoof
arose,clipt,flawn,spoon
arose,clipt,flawn,swoop
arose,clipt,shown,swoon
arose,clipt,shown,smoky
arose,clipt,shown,snowy
arose,clipt,shown,shown
arose,clipt,shown,showy
arose,clipt,shown,shook
arose,clipt,stomp,stomp
arose,clipt,stomp,stoop
arose,clipt,spout
arose,clipt,stoic
arose,clipt,scold,scold
arose,clipt,scold,scowl
arose,clipt,spoil
arose,clipt,sloop
arose,clipt,bhuna,stout
arose,clipt,bhuna,snout
arose,clipt,bhuna,shout
arose,clipt,bhuna,shoot
arose,clipt,stool
arose,clipt,shock,scoff
arose,clipt,shock,smock
arose,clipt,shock,shock
arose,clipt,scout
arose,diact,drake,drape
arose,diact,drake,drake
arose,diact,brave,grave
arose,diact,brave,brave
arose,diact,brave,brake
arose,diact,brave,grape,frame
arose,diact,brave,grape,graze
arose,diact,brave,grape,grape
arose,diact,trace
arose,diact,irate
arose,diact,grate
arose,diact,brace,grace
arose,diact,brace,brace
arose,diact,trade
arose,diact,anvil,craze
arose,diact,anvil,crane
arose,diact,anvil,crave
arose,diact,crate
arose,diact,grade
arose,bling,choke,evoke
arose,bling,choke,quote
arose,bling,choke,choke
arose,bling,booze
arose,bling,gnome
arose,bling,ozone,phone
arose,bling,ozone,ozone
arose,bling,globe
arose,bling,diode
arose,bling,bloke
arose,bling,clone
arose,bling,clove,elope
arose,bling,clove,clove
arose,bling,glove
arose,bling,whole
arose,bling,biome
arose,barge,flare
arose,barge,glare
arose,barge,large
arose,barge,carve,carve
arose,barge,carve,farce
arose,barge,blare
arose,barge,range
arose,barge,barge
arose,chant,store
arose,chant,shore
arose,chant,score
arose,chant,snore
arose,chant,spore,swore
arose,chant,spore,spore
arose,lauch,cease
arose,lauch,false
arose,lauch,lapse
arose,lauch,pause
arose,lauch,tease
arose,lauch,lease
arose,lauch,chase
arose,lauch,phase
arose,lauch,masse
arose,lauch,cause
arose,tacan,tonal
arose,tacan,bacon
arose,tacan,coach,comma
arose,tacan,coach,coach
arose,tacan,patio
arose,tacan,bayou,bayou
arose,tacan,bayou,mambo
arose,tacan,wagon
arose,tacan,tango
arose,tacan,loath
arose,tacan,octal
arose,tacan,loyal,offal
arose,tacan,loyal,loyal
arose,tacan,loyal,modal
arose,tacan,piano
arose,tacan,taboo
arose,tacan,polka,loamy
arose,tacan,polka,voila
arose,tacan,polka,polka
arose,tacan,polka,foamy
arose,tacan,polka,vodka
arose,tacan,polka,dogma
arose,tacan,talon
arose,tacan,canon
arose,tacan,woman
arose,tacan,macho
arose,tacan,koala
arose,tacan,banjo,mango
arose,tacan,banjo,banjo
arose,tacan,baton
arose,tacan,falls,vocal
arose,tacan,falls,focal
arose,tacan,falls,local
arose,tacan,tonga
arose,tacan,cocoa,mocha
arose,tacan,cocoa,cocoa
arose,tacan,cacao
arose,tacan,havoc
arose,tacan,abled,total
arose,tacan,abled,today
arose,tacan,abled,topaz
arose,tacan,gonad,gonad
arose,tacan,gonad,nomad
arose,tacan,gonad,zonal
arose,actin,askew
arose,actin,asset
arose,actin,ashen
arose,clint,dumpy,dummy
arose,clint,dumpy,pudgy
arose,clint,dumpy,pygmy
arose,clint,dumpy,gummy,gummy
arose,clint,dumpy,gummy,mummy
arose,clint,dumpy,muddy
arose,clint,dumpy,guppy,guppy
arose,clint,dumpy,guppy,puppy
arose,clint,dumpy,puffy
arose,clint,dumpy,buddy
arose,clint,dumpy,dumpy
arose,clint,dumpy,humph
arose,clint,dumpy,buggy,buggy
arose,clint,dumpy,buggy,fuzzy
arose,clint,dumpy,jumpy
arose,clint,dampy,fowth,willy
arose,clint,dampy,fowth,hilly
arose,clint,dampy,fowth,filly
arose,clint,dampy,fowth,billy
arose,clint,dampy,pupil
arose,clint,dampy,dilly
arose,clint,dampy,idyll
arose,clint,dampy,dimly
arose,clint,dampy,vigil
arose,clint,dampy,lipid
arose,clint,dampy,filmy,filmy
arose,clint,dampy,filmy,milky
arose,clint,dampy,livid
arose,clint,dampy,imply
arose,clint,badge,quilt
arose,clint,badge,guilt
arose,clint,badge,built
arose,clint,duchy,duchy
arose,clint,duchy,mucky
arose,clint,funky,nymph
arose,clint,funky,hunky
arose,clint,funky,funky
arose,clint,icily
arose,clint,aswim,digit
arose,clint,aswim,wight
arose,clint,aswim,might
arose,clint,aswim,fight,fight
arose,clint,aswim,fight,tight
arose,clint,chunk
arose,clint,civil
arose,clint,juicy,which
arose,clint,juicy,juicy
arose,clint,juicy,quick
arose,clint,civic,cubic
arose,clint,civic,civic
arose,clint,chick
arose,clint,filth,filth
arose,clint,filth,tulip
arose,clint,dampy,unzip
arose,clint,dampy,dingy
arose,clint,dampy,kinky
arose,clint,dampy,windy
arose,clint,dampy,minim
arose,clint,dampy,pinky
arose,clint,dampy,undid
arose,clint,dampy,fungi
arose,clint,lunch,lunch
arose,clint,lunch,lynch
arose,clint,unity
arose,clint,dying,vying
arose,clint,dying,whiny
arose,clint,dying,dying
arose,clint,icing
arose,clint,flick
arose,clint,cling,cling
arose,clint,cling,clink
arose,clint,nutty
arose,clint,thigh
arose,clint,abamp,bunch
arose,clint,abamp,hunch
arose,clint,abamp,punch
arose,clint,abamp,munch
arose,clint,blind,blink
arose,clint,blind,fling
arose,clint,blind,blind
arose,clint,flung,flunk
arose,clint,flung,plunk
arose,clint,flung,flung
arose,clint,flint,flint
arose,clint,flint,glint
arose,clint,howdy,hitch
arose,clint,howdy,itchy
arose,clint,howdy,pitch
arose,clint,howdy,witch
arose,clint,howdy,ditch
arose,clint,bully,lumpy
arose,clint,bully,bulky
arose,clint,bully,adage,fully
arose,clint,bully,adage,dully
arose,clint,bully,adage,gully
arose,clint,bully,pulpy
arose,clint,bully,bully
arose,clint,bully,lymph
arose,clint,thick
arose,clint,clung
arose,clint,awful,winch
arose,clint,awful,finch
arose,clint,awful,pinch
arose,clint,build,guild
arose,clint,build,quill
arose,clint,build,build
arose,clint,lucid
arose,clint,chuck,chuck
arose,clint,chuck,chump
arose,clint,cinch,cumin
arose,clint,cinch,cinch
arose,clint,cinch,cynic
arose,clint,whiff
arose,clint,input,night
arose,clint,input,input
arose,clint,input,unfit
arose,clint,uncut
arose,clint,pluck
arose,clint,unify
arose,clint,blitz
arose,clint,tunic
arose,clint,putty,putty
arose,clint,putty,thump
arose,clint,putty,thumb
arose,clint,unlit
arose,clint,cluck,clump
arose,clint,cluck,cluck
arose,clint,blimp
arose,clint,aduki,chili
arose,clint,aduki,child
arose,clint,aduki,chill
arose,clint,gulch,gulch
arose,clint,gulch,lucky
arose,clint,gulch,mulch
arose,clint,abaca,cliff
arose,clint,abaca,click
arose,clint,abaca,climb
arose,clint,lying
arose,clint,fudgy,giddy
arose,clint,fudgy,jiffy
arose,clint,fudgy,piggy
arose,clint,fudgy,fizzy
arose,clint,fudgy,biddy
arose,clint,fudgy,vivid
arose,clint,fudgy,hippy,hippy
arose,clint,fudgy,hippy,wimpy
arose,clint,fudgy,dizzy
arose,clint,fudgy,humid
arose,clint,blunt
arose,clint,mimic,pubic
arose,clint,mimic,mimic
arose,clint,mimic,picky
arose,clint,twixt
arose,clint,bunny,bunny
arose,clint,bunny,funny
arose,clint,vinyl
arose,clint,width,width
arose,clint,width,bitty,bitty
arose,clint,width,bitty,fifty
arose,clint,width,bitty,kitty
arose,clint,width,fifth
arose,clint,width,witty
arose,clint,width,pithy
arose,clint,width,timid
arose,clint,width,ditty
arose,clint,ninny
arose,clint,bluff,fluff
arose,clint,bluff,glyph
arose,clint,bluff,plumb
arose,clint,bluff,plump
arose,clint,bluff,bluff
arose,clint,light,light
arose,clint,light,limit
arose,clint,minty,ninth
arose,clint,minty,minty
arose,clint,fluid
arose,clint,until
arose,clint,thing,thing
arose,clint,thing,tying
arose,clint,thing,think
arose,clint,aband,hutch
arose,clint,aband,butch
arose,clint,aband,dutch
arose,acids,dross
arose,acids,frost
arose,acids,cross
arose,acids,gross
arose,gests,these
arose,gests,geese
arose,gests,dense
arose,gests,guise
arose,gests,sense
arose,gests,pulse
arose,gests,tense
arose,solar,savor
arose,solar,solar
arose,solar,sonar
arose,ebony,epoxy
arose,ebony,gooey
arose,ebony,ebony
arose,ebony,epoch
arose,gland,glaze
arose,gland,image
arose,gland,blade
arose,gland,ladle
arose,gland,mange
arose,gland,dance
arose,gland,knave
arose,gland,butch,latte
arose,gland,butch,fable
arose,gland,butch,maple,valve
arose,gland,butch,maple,maple
arose,gland,butch,cable
arose,gland,butch,lathe
arose,gland,butch,value
arose,gland,butch,halve
arose,gland,butch,table
arose,gland,vague
arose,gland,glade
arose,gland,eagle
arose,gland,leave,leave
arose,gland,leave,whale
arose,gland,heave,quake
arose,gland,heave,peace
arose,gland,heave,heave
arose,gland,heave,weave
arose,gland,heave,chafe
arose,gland,inane
arose,gland,gauge,gauze
arose,gland,gauge,gaffe
arose,gland,gauge,gauge
arose,gland,amity,haute
arose,gland,amity,bathe
arose,gland,amity,payee
arose,gland,amity,maybe
arose,gland,amity,maize
arose,gland,amity,cache
arose,gland,amity,mauve
arose,gland,amity,waive
arose,gland,lance
arose,gland,naive
arose,gland,evade
arose,gland,badge
arose,gland,kempt,blame,blame
arose,gland,kempt,blame,flame
arose,gland,kempt,elate
arose,gland,kempt,flake
arose,gland,kempt,place
arose,gland,kempt,plate
arose,gland,kempt,blaze
arose,gland,plane
arose,abase,abase
arose,abase,amuse
arose,abase,abuse
arose,flora
arose,sorry,torus
arose,sorry,sorry
arose,sorry,visor
arose,tabid,treat
arose,tabid,tread
arose,tabid,dream
arose,tabid,great
arose,tabid,cawks,creak
arose,tabid,cawks,freak
arose,tabid,cawks,wreak
arose,tabid,cawks,cream
arose,tabid,bread
arose,tabid,break
arose,tabid,dread
arose,fluty,agony
arose,fluty,afoul
arose,fluty,afoot
arose,fluty,atoll
arose,fluty,aloft
arose,fluty,along
arose,fluty,among,among
arose,fluty,among,avoid
arose,fluty,aloud
arose,fluty,adopt
arose,fluty,aloof
arose,fluty,about
arose,erase
arose,lings,bonus
arose,lings,sonic
arose,lings,posit
arose,lings,disco
arose,lings,synod
arose,lings,soggy
arose,lings,bison
arose,lings,scion
arose,lings,gusto
arose,lings,sound
arose,lings,locus
arose,lings,focus
arose,lings,bosom,bosom
arose,lings,bosom,south
arose,lings,solid
arose,cunit,hippo,limbo
arose,cunit,hippo,hippo
arose,cunit,hippo,idiom
arose,cunit,hippo,widow
arose,cunit,hippo,igloo
arose,cunit,union
arose,cunit,optic,optic
arose,cunit,optic,topic
arose,cunit,optic,toxic
arose,cunit,aband,dingo
arose,cunit,aband,bingo
arose,cunit,aband,lingo
arose,cunit,count
arose,cunit,joint,joint
arose,cunit,joint,ingot
arose,cunit,joint,point
arose,cunit,pilot,pivot
arose,cunit,pilot,pilot
arose,cunit,pilot,bigot
arose,cunit,pilot,idiot
arose,cunit,toxin
arose,cunit,login
arose,cunit,tonic
arose,cunit,godly,oddly
arose,cunit,godly,foggy
arose,cunit,godly,moldy
arose,cunit,godly,polyp
arose,cunit,godly,dodgy
arose,cunit,godly,dowdy,howdy
arose,cunit,godly,dowdy,dowdy
arose,cunit,godly,lobby
arose,cunit,godly,aflaj,holly
arose,cunit,godly,aflaj,lowly
arose,cunit,godly,aflaj,jolly
arose,cunit,godly,aflaj,folly
arose,cunit,godly,dolly
arose,cunit,godly,golly
arose,cunit,godly,godly
arose,cunit,godly,bobby,bobby
arose,cunit,godly,bobby,hobby
arose,cunit,godly,bobby,poppy
arose,cunit,bumph,mound
arose,cunit,bumph,bound
arose,cunit,bumph,hound
arose,cunit,bumph,found,wound
arose,cunit,bumph,found,found
arose,cunit,bumph,found,young
arose,cunit,bumph,pound
arose,cunit,comfy,coyly
arose,cunit,comfy,comfy
arose,cunit,touch
arose,cunit,mount
arose,cunit,logic
arose,cunit,mouth,pouty
arose,cunit,mouth,youth
arose,cunit,mouth,mouth
arose,cunit,mouth,tough
arose,cunit,conch,condo
arose,cunit,conch,conch
arose,cunit,folio
arose,cunit,couch,couch
arose,cunit,couch,cough
arose,cunit,couch,could
arose,cunit,month
arose,cunit,doubt,moult
arose,cunit,doubt,doubt
arose,cunit,opium
arose,cunit,pouch,vouch
arose,cunit,pouch,pouch
arose,cunit,junto
arose,cunit,pinto
arose,cunit,ought
arose,cunit,notch
arose,cunit,bough,would
arose,cunit,bough,bough
arose,cunit,bough,dough
arose,cunit,bough,mogul
arose,cunit,doing,going
arose,cunit,doing,doing
arose,cunit,doing,inbox
arose,cunit,doing,owing
arose,cunit,doing,onion
arose,cunit,gumbo,jumbo
arose,cunit,gumbo,gumbo
arose,cunit,gumbo,buxom
arose,cunit,motif
arose,cunit,hotly,toddy
arose,cunit,hotly,lofty
arose,cunit,hotly,hotly
arose,cunit,hotly,motto
arose,cunit,bongo
arose,cunit,colon
arose,cunit,donut
arose,cunit,comic
arose,cunit,conic
arose,cunit,vomit
arose,cunit,downy,nylon
arose,cunit,downy,downy
arose,cunit,downy,nobly
arose,cunit,outdo,outgo
arose,cunit,outdo,outdo
arose,cunit,ionic
arose,cunit,ditto
arose,cunit,botch
arose,plink,skimp,skimp
arose,plink,skimp,spiky
arose,plink,shunt,stunt
arose,plink,shunt,stung
arose,plink,shunt,swung
arose,plink,shunt,shunt
arose,plink,shunt,sunny
arose,plink,snuck
arose,plink,aught,suing
arose,plink,aught,shiny
arose,plink,aught,using
arose,plink,aught,swing
arose,plink,aught,sting
arose,plink,aught,stint
arose,plink,pushy
arose,plink,silky
arose,plink,spiny
arose,plink,skunk,stunk
arose,plink,skunk,skunk
arose,plink,lupus
arose,plink,shift,shift
arose,plink,shift,swift
arose,plink,shift,stiff
arose,plink,shift,smith
arose,plink,silly
arose,plink,aahed,musky
arose,plink,aahed,dusky
arose,plink,aahed,husky
arose,plink,snuff
arose,plink,sniff
arose,plink,stump
arose,plink,skulk
arose,plink,mushy,mushy
arose,plink,mushy,study
arose,plink,mushy,bushy
arose,plink,mushy,stuff
arose,plink,mushy,humus
arose,plink,mushy,dusty,gusty
arose,plink,mushy,dusty,dusty
arose,plink,mushy,mucus
arose,plink,mushy,musty
arose,plink,minus
arose,plink,spicy
arose,plink,slyly
arose,plink,fishy,sixth
arose,plink,fishy,visit
arose,plink,fishy,music
arose,plink,fishy,sight
arose,plink,fishy,sushi
arose,plink,fishy,fishy
arose,plink,fishy,sixty
arose,plink,fishy,ficus
arose,plink,fishy,squib
arose,plink,sling
arose,plink,slunk
arose,plink,stick
arose,plink,lusty,sully
arose,plink,lusty,shyly
arose,plink,lusty,lusty
arose,plink,shuck,stuck
arose,plink,shuck,shuck
arose,plink,wispy
arose,plink,stink
arose,plink,slung
arose,plink,slink
arose,plink,slump
arose,plink,slick
arose,plink,spill,spill
arose,plink,spill,spilt
arose,plink,still,stilt
arose,plink,still,still
arose,plink,still,swill
arose,plink,split
arose,plink,slimy
arose,plink,skull,skull
arose,plink,skull,sulky
arose,plink,skill
arose,plink,skiff
arose,plink,spunk
arose,chant,short
arose,chant,sword
arose,chant,abysm,stork
arose,chant,abysm,storm
arose,chant,abysm,story
arose,chant,scour
arose,chant,sworn
arose,chant,scorn
arose,chant,shorn
arose,chant,snort
arose,chant,sport
arose,artsy
arose,pling,siege
arose,pling,snide
arose,pling,singe
arose,pling,ached,slice
arose,pling,ached,slide
arose,pling,ached,slime
arose,pling,ensue
arose,pling,since
arose,pling,issue,sieve
arose,pling,issue,issue
arose,pling,smite,seize
arose,pling,smite,suite
arose,pling,smite,smite
arose,pling,smile
arose,pling,aback,spice
arose,pling,aback,spite
arose,pling,aback,spike
arose,pling,scene
arose,pling,spine
arose,pling,shine,swine
arose,pling,shine,shine
arose,pling,snipe
arose,pling,segue
arose,pling,style
arose,shalt,sassy
arose,shalt,class,flask
arose,shalt,class,class
arose,shalt,class,glass
arose,shalt,class,clasp
arose,shalt,gnash,gnash
arose,shalt,gnash,quash
arose,shalt,patsy
arose,shalt,waist
arose,shalt,aband,gassy
arose,shalt,aband,daisy
arose,shalt,aband,pansy
arose,shalt,salsa
arose,shalt,stash
arose,shalt,spasm
arose,shalt,slash
arose,shalt,blast
arose,shalt,clash,flash
arose,shalt,clash,clash
arose,shalt,palsy
arose,shalt,quasi
arose,shalt,chasm
arose,shalt,smash,swash
arose,shalt,smash,smash
arose,credo,credo
arose,credo,order
arose,credo,error
arose,patly,teary
arose,patly,relay
arose,patly,gayer
arose,patly,paper,parer
arose,patly,paper,paper
arose,patly,rebar,rehab
arose,patly,rebar,heard
arose,patly,rebar,zebra
arose,patly,rebar,beard
arose,patly,rebar,cedar
arose,patly,rebar,rebar
arose,patly,rebar,rearm
arose,patly,rebar,reach
arose,patly,rebar,debar
arose,patly,realm
arose,patly,recap
arose,patly,yearn
arose,patly,payer
arose,patly,baler,baler
arose,patly,baler,lager
arose,patly,taker,tamer
arose,patly,taker,earth
arose,patly,taker,taker
arose,patly,extra
arose,patly,repay
arose,patly,beech,eater
arose,patly,beech,hater
arose,patly,beech,cater
arose,patly,beech,water
arose,patly,merer,raven
arose,patly,merer,eager
arose,patly,merer,gowfs,waver
arose,patly,merer,gowfs,baker
arose,patly,merer,gowfs,wafer
arose,patly,merer,gowfs,gazer
arose,patly,merer,gowfs,wager
arose,patly,merer,harem
arose,patly,merer,racer
arose,patly,merer,gamer
arose,patly,merer,maker
arose,patly,merer,ramen
arose,patly,merer,rarer
arose,patly,pearl
arose,patly,paler
arose,patly,caper
arose,patly,ready,ready
arose,patly,ready,weary
arose,patly,taper
arose,patly,early
arose,patly,regal,feral
arose,patly,regal,clear
arose,patly,regal,regal
arose,patly,regal,renal
arose,patly,regal,learn
arose,patly,regal,relax
arose,patly,layer
arose,patly,heart,heart
arose,patly,heart,react
arose,patly,heart,terra
arose,patly,later
arose,primo,prior
arose,primo,orbit
arose,primo,primo
arose,duing,droll,drool
arose,duing,droll,droop
arose,duing,droll,droll
arose,duing,abaca,frown
arose,duing,abaca,crown
arose,duing,abaca,brown
arose,duing,grown
arose,duing,croup,croup
arose,duing,croup,trout
arose,duing,prong,wrong
arose,duing,prong,prong
arose,duing,groin
arose,duing,proud
arose,duing,group,grout
arose,duing,group,group
arose,duing,groom,growl
arose,duing,groom,groom
arose,duing,irony
arose,duing,frond
arose,duing,cloop,troll
arose,duing,cloop,brook,broom
arose,duing,cloop,brook,brook
arose,duing,cloop,troop
arose,duing,cloop,proof
arose,duing,cloop,broth,froth
arose,duing,cloop,broth,broth
arose,duing,cloop,frock
arose,duing,cloop,crock
arose,duing,cloop,crook
arose,duing,cloop,prowl
arose,duing,cloop,proxy
arose,duing,drown
arose,duing,broil
arose,duing,brood,brood
arose,duing,brood,crowd
arose,duing,crony,crony
arose,duing,crony,front
arose,duing,droit
arose,harsh,harsh
arose,harsh,marsh
arose,clint,abaft,champ
arose,clint,abaft,cabby
arose,clint,abaft,chaff
arose,clint,abaft,caddy
arose,clint,gamut
arose,clint,fault,vault
arose,clint,fault,fault
arose,clint,midgy,gawky
arose,clint,midgy,kayak
arose,clint,midgy,mammy
arose,clint,midgy,happy,happy
arose,clint,midgy,happy,jazzy
arose,clint,midgy,gaudy
arose,clint,midgy,kappa
arose,clint,midgy,madam
arose,clint,midgy,baggy
arose,clint,midgy,daddy,daddy
arose,clint,midgy,daddy,paddy
arose,clint,midgy,gamma
arose,clint,midgy,magma
arose,clint,midgy,mamma
arose,clint,midgy,guava
arose,clint,midgy,bawdy
arose,clint,final,inlay
arose,clint,final,final
arose,clint,tibia
arose,clint,dight,gaunt
arose,clint,dight,haunt
arose,clint,dight,daunt
arose,clint,dight,ajiva,vaunt
arose,clint,dight,ajiva,jaunt
arose,clint,dight,ajiva,taunt
arose,clint,macaw,quack
arose,clint,macaw,whack
arose,clint,macaw,macaw
arose,clint,macaw,wacky
arose,clint,canny
arose,clint,tally,tubal
arose,clint,tally,tally
arose,clint,tally,fatal
arose,clint,tally,waltz
arose,clint,candy
arose,clint,tidal,tidal
arose,clint,tidal,vital
arose,clint,clack,clack
arose,clint,clack,clamp
arose,clint,badly,gayly
arose,clint,badly,laugh,papal
arose,clint,badly,laugh,laugh
arose,clint,badly,badly
arose,clint,badly,bylaw
arose,clint,badly,pupal
arose,clint,badly,dally
arose,clint,badly,qualm
arose,clint,badly,madly
arose,clint,badly,balmy
arose,clint,yacht
arose,clint,latch
arose,clint,mafia,vapid
arose,clint,mafia,pizza
arose,clint,mafia,mafia
arose,clint,mafia,khaki
arose,clint,mafia,maxim
arose,clint,bumph,hatch,watch
arose,clint,bumph,hatch,hatch
arose,clint,bumph,batch
arose,clint,bumph,tacky
arose,clint,bumph,match
arose,clint,bumph,patch
arose,clint,natal
arose,clint,catch,catch
arose,clint,catch,catty
arose,clint,titan
arose,clint,daily,daily
arose,clint,daily,gaily
arose,clint,baffy,tabby
arose,clint,baffy,taffy
arose,clint,baffy,patty,patty
arose,clint,baffy,patty,tatty
arose,clint,baffy,datum
arose,clint,baffy,batty
arose,clint,baffy,fatty
arose,clint,junta,tangy
arose,clint,junta,junta
arose,clint,lilac
arose,clint,claim
arose,clint,mania,ninja
arose,clint,mania,mania
arose,clint,clang,clang
arose,clint,clang,clank
arose,clint,llama,plaza
arose,clint,llama,flaky
arose,clint,llama,llama
arose,clint,attap,paint
arose,clint,attap,faint
arose,clint,attap,taint
arose,clint,canal
arose,clint,cabin,cabin
arose,clint,cabin,chain
arose,clint,plait
arose,clint,plain
arose,clint,bifid,bland
arose,clint,bifid,gland
arose,clint,bifid,blank
arose,clint,bifid,plank
arose,clint,bifid,flank
arose,clint,fanny,nanny
arose,clint,fanny,fanny
arose,clint,fanny,fauna
arose,clint,magic
arose,clint,giant
arose,clint,dandy,manga
arose,clint,dandy,human
arose,clint,dandy,mangy
arose,clint,dandy,dandy
arose,clint,dandy,pagan
arose,clint,dandy,handy
arose,clint,black,flack
arose,clint,black,black
arose,clint,cabal,cabal
arose,clint,cabal,chalk
arose,clint,cabal,caulk
arose,clint,china
arose,clint,chant
arose,clint,quail,valid
arose,clint,quail,villa
arose,clint,quail,quail
arose,clint,plant
arose,clint,iliac
arose,clint,cavil
arose,clint,manic,manic
arose,clint,manic,panic
arose,clint,tawny,thank
arose,clint,tawny,twang
arose,clint,tawny,tawny
arose,clint,habit
arose,clint,fancy,fancy
arose,clint,fancy,knack
arose,clint,flail,plaid
arose,clint,flail,flail
arose,clint,tacit
arose,clint,lanky,banal
arose,clint,lanky,naval
arose,clint,lanky,lanky
arose,clint,lanky,manly
arose,clint,cacti
arose,clint,faith
arose,clint,caput
arose,poesy
arose,shoal
arose,torso,worst
arose,torso,torso
arose,ships,sissy
arose,ships,swish
arose,ships,whisk
arose,ships,gypsy
arose,ships,bliss
arose,ships,slush
arose,ships,hussy
arose,ships,twist
arose,ships,blush,flush
arose,ships,blush,blush
arose,ships,fussy
arose,ships,missy
arose,ships,midst
arose,ships,plush
arose,ships,gipsy,tipsy
arose,ships,gipsy,gipsy
arose,ships,shush
arose,amass,amass
arose,amass,amiss
arose,amass,angst
arose,amass,abyss
arose,amass,awash
arose,blend,anger
arose,blend,avert
arose,blend,alert
arose,blend,after
arose,blend,aider
arose,blend,alter
arose,blend,amber
arose,abhor,actor
arose,abhor,aorta
arose,abhor,abhor
arose,abhor,apron
arose,array
arose,denet,cheer,cheer
arose,denet,cheer,queer
arose,denet,cheer,ember
arose,denet,diner
arose,denet,reedy
arose,denet,elder
arose,denet,inter
arose,denet,abrim,rebut
arose,denet,abrim,merit
arose,denet,abrim,remit
arose,denet,abrim,recut
arose,denet,abrim,refit
arose,denet,renew
arose,denet,their
arose,denet,tiger,timer
arose,denet,tiger,threw
arose,denet,tiger,tuber
arose,denet,tiger,tiger
arose,denet,tiger,utter
arose,denet,weird
arose,denet,pluck,abaft,berry
arose,denet,pluck,abaft,ferry
arose,denet,pluck,abaft,merry
arose,denet,pluck,lemur
arose,denet,pluck,recur
arose,denet,pluck,mercy
arose,denet,pluck,reply
arose,denet,pluck,peril
arose,denet,pluck,jerky
arose,denet,pluck,femur
arose,denet,pluck,relic
arose,denet,pluck,perch
arose,denet,pluck,perky
arose,denet,beret
arose,denet,diver
arose,denet,nerdy
arose,denet,pilau,purer
arose,denet,pilau,bluer,bluer
arose,denet,pilau,bluer,ulcer
arose,denet,pilau,hyper
arose,denet,pilau,riper,viper
arose,denet,pilau,riper,riper
arose,denet,pilau,befog,fixer
arose,denet,pilau,befog,giver
arose,denet,pilau,befog,fiber
arose,denet,pilau,befog,river
arose,denet,pilau,flyer
arose,denet,pilau,cyber
arose,denet,pilau,upper
arose,denet,pilau,filer
arose,denet,pilau,flier
arose,denet,pilau,ruler
arose,denet,pilau,liver
arose,denet,pilau,piper
arose,denet,pilau,plier
arose,denet,pilau,buyer
arose,denet,fever,refer
arose,denet,fever,lever
arose,denet,fever,leper
arose,denet,fever,fever
arose,denet,fever,rebel,repel
arose,denet,fever,rebel,rebel
arose,denet,fever,revel
arose,denet,fever,fewer
arose,denet,reign,reign
arose,denet,reign,rerun
arose,denet,egret
arose,denet,entry
arose,denet,exert
arose,denet,leery
arose,denet,ether
arose,denet,rivet
arose,denet,cirri,idler
arose,denet,cirri,wider
arose,denet,cirri,cider
arose,denet,cirri,rider
arose,denet,cirri,udder
arose,denet,cirri,ruder
arose,denet,meter
arose,denet,defer
arose,denet,never,never
arose,denet,never,newer
arose,denet,fiery,query
arose,denet,fiery,fiery
arose,denet,fiery,clerk
arose,denet,inert
arose,denet,dimly,inner
arose,denet,dimly,liner
arose,denet,dimly,finer
arose,denet,dimly,miner
arose,denet,every
arose,denet,berth,retry
arose,denet,berth,berth
arose,denet,berth,retch
arose,denet,under
arose,denet,deter
arose,denet,decry,derby
arose,denet,decry,demur
arose,denet,decry,decry
arose,denet,infer,ripen
arose,denet,infer,infer
arose,denet,infer,nicer
arose,denet,enter
arose,adman,acrid
arose,adman,altar
arose,adman,alarm
arose,adman,angry
arose,adman,award
arose,adman,augur
arose,adman,apart
arose,diact,erect
arose,diact,creed
arose,diact,green,green
arose,diact,green,gruel
arose,diact,green,freer
arose,diact,green,preen
arose,diact,dried,drier
arose,diact,dried,dried
arose,diact,tried
arose,diact,fried,pried
arose,diact,fried,fried
arose,diact,trend
arose,diact,cried
arose,diact,abaft,greed
arose,diact,abaft,freed
arose,diact,abaft,breed
arose,diact,creek,creek
arose,diact,creek,creep
arose,diact,creek,cruel
arose,diact,truer
arose,diact,dryer
arose,diact,crept
arose,diact,crier
arose,diact,brief,brief
arose,diact,brief,grief
arose,diact,erupt,greet
arose,diact,erupt,erupt
arose,diact,wreck
arose,abaca,coast
arose,abaca,boast
arose,abaca,lasso
arose,abaca,toast
arose,metol,totem
arose,metol,cello,hello
arose,metol,cello,cello
arose,metol,detox
arose,metol,bandh,novel
arose,metol,bandh,dowel
arose,metol,bandh,bowel
arose,metol,bandh,vowel
arose,metol,bandh,hovel
arose,metol,melon
arose,metol,comet
arose,metol,hotel
arose,metol,motel
arose,metol,extol
arose,metol,elbow
arose,metol,lemon
arose,metol,woven,dopey
arose,metol,woven,boney,boney
arose,metol,woven,boney,honey
arose,metol,woven,coven
arose,metol,woven,dozen
arose,metol,woven,woken
arose,metol,woven,video
arose,metol,woven,woven
arose,metol,woven,covey
arose,metol,octet,often
arose,metol,octet,octet
arose,metol,demon,venom
arose,metol,demon,demon
arose,metol,depot
arose,metol,model
arose,metol,enjoy,enjoy
arose,metol,enjoy,envoy
arose,metol,enjoy,endow
arose,metol,covet,covet
arose,metol,covet,token
arose,metol,modem,modem
arose,metol,modem,money
arose,metol,olden
arose,metol,tempo
arose,metol,gecko
arose,metol,golem
arose,metol,below,felon
arose,metol,below,below
arose,metol,towel
arose,metol,decoy
arose,metol,women
arose,blimy,axiom
arose,blimy,axion
arose,blimy,alloy
arose,blimy,aglow
arose,blimy,audio
arose,blimy,allot,allot
arose,blimy,allot,allow
arose,blimy,abbot
arose,blimy,annoy
arose,wooer
arose,aisle,aside
arose,aisle,aisle
arose,spree,surge
arose,spree,shire
arose,spree,spire
arose,spree,scree
arose,spree,serve
arose,spree,spree
arose,verge,genre
arose,verge,dirge,purge
arose,verge,dirge,dirge
arose,verge,ridge
arose,verge,verve
arose,verge,verge
arose,verge,nerve
arose,verge,eerie
arose,verge,revue
arose,verge,puree,puree
arose,verge,puree,three
arose,verge,there,there
arose,verge,there,rupee
arose,verge,there,where
arose,verge,curve
arose,verge,fibre,fibre
arose,verge,fibre,rifle
arose,verge,fibre,rhyme
arose,verge,merge
arose,shtup,sprig
arose,shtup,usurp
arose,shtup,risky
arose,shtup,scrub,scrub
arose,shtup,scrub,scrum
arose,shtup,virus
arose,shtup,skirt
arose,shtup,shirt
arose,shtup,strut
arose,shtup,shirk
arose,shtup,strip
arose,shtup,spurt
arose,shtup,surly
arose,shtup,shrub,shrug
arose,shtup,shrub,shrub
arose,shtup,slurp
arose,shtup,spurn
arose,shtup,rusty
arose,shtup,smirk,swirl
arose,shtup,smirk,smirk
arose,shtup,syrup
arose,prose
arose,clapt,meant
arose,clapt,cleat
arose,clapt,clean
arose,clapt,debag,bagel
arose,clapt,debag,medal
arose,clapt,debag,gavel
arose,clapt,debag,ideal
arose,clapt,debag,laden
arose,clapt,debag,delay
arose,clapt,debag,legal
arose,clapt,debag,equal
arose,clapt,debag,hazel,hazel
arose,clapt,debag,hazel,navel
arose,clapt,debag,fella
arose,clapt,debag,label
arose,clapt,begat,begat
arose,clapt,begat,wheat
arose,clapt,fetal,metal
arose,clapt,fetal,fetal
arose,clapt,fetal,delta
arose,clapt,cagey
arose,clapt,leach
arose,clapt,bleat
arose,clapt,decal,decal
arose,clapt,decal,fecal
arose,clapt,eclat
arose,clapt,petal
arose,clapt,taken,eaten
arose,clapt,taken,taken
arose,clapt,taken,theta
arose,clapt,taken,matey
arose,clapt,taken,tweak
arose,clapt,pecan
arose,clapt,beach
arose,clapt,leapt
arose,clapt,leafy,email
arose,clapt,leafy,mealy
arose,clapt,leafy,leaky
arose,clapt,leafy,leafy
arose,clapt,decay,decay
arose,clapt,decay,mecca
arose,clapt,plead
arose,clapt,beady,heavy
arose,clapt,beady,heady
arose,clapt,beady,beady
arose,clapt,pleat
arose,clapt,enact,enact
arose,clapt,enact,exact
arose,clapt,gleam,glean
arose,clapt,gleam,gleam
arose,clapt,gleam,bleak
arose,clapt,valet
arose,clapt,cheap
arose,clapt,cadet,cadet
arose,clapt,cadet,cheat
arose,clapt,peach
arose,clapt,camel
arose,clapt,bedew,kebab
arose,clapt,bedew,knead
arose,clapt,bedew,haven
arose,clapt,bedew,hyena
arose,clapt,bedew,began
arose,clapt,bedew,waxen
arose,clapt,bedew,enema
arose,clapt,bedew,media
arose,clapt,bedew,vegan
arose,clapt,facet
arose,clapt,teach
arose,clapt,dealt,dealt
arose,clapt,dealt,exalt
arose,clapt,dealt,leant
arose,clapt,panel,penal
arose,clapt,panel,panel
arose,clapt,panel,pedal
arose,clapt,panel,lapel
arose,clapt,death,meaty
arose,clapt,death,death
arose,clapt,death,heath
arose,plant,slant
arose,plant,ached,staid
arose,plant,ached,swath
arose,plant,ached,stack
arose,plant,ached,staff
arose,plant,basic,sigma
arose,plant,basic,basic
arose,plant,basic,sumac
arose,plant,basic,savvy
arose,plant,basic,saucy
arose,plant,basic,squad
arose,plant,basic,basis
arose,plant,basic,scuba
arose,plant,sappy
arose,plant,shaft
arose,plant,salad,sally
arose,plant,salad,sadly
arose,plant,salad,basil
arose,plant,salad,salad
arose,plant,salad,usual
arose,plant,salad,basal
arose,plant,hasty,vista
arose,plant,hasty,hasty
arose,plant,hasty,tasty
arose,plant,chewy,small
arose,plant,chewy,shawl
arose,plant,chewy,scald
arose,plant,chewy,shall
arose,plant,chewy,scaly
arose,plant,snack,snaky
arose,plant,snack,snack
arose,plant,shalt
arose,plant,saint
arose,plant,nasty,satin
arose,plant,nasty,nasty
arose,plant,pasta,pasty
arose,plant,pasta,pasta
arose,plant,sauna
arose,plant,psalm
arose,plant,nasal
arose,plant,stamp
arose,plant,stalk,stalk
arose,plant,stalk,stall
arose,plant,scalp
arose,plant,salty
arose,plant,slain
arose,plant,spawn
arose,plant,slang
arose,plant,shack,smack
arose,plant,shack,shady
arose,plant,shack,shack
arose,plant,shack,shaky
arose,plant,shack,swami
arose,plant,spank
arose,plant,squat
arose,plant,shank
arose,plant,stain
arose,plant,scamp,scamp
arose,plant,scamp,swamp
arose,plant,splat
arose,plant,slack
arose,plant,stand,stank
arose,plant,stand,stand
arose,plant,basin,basin
arose,plant,basin,sandy
arose,plant,scant
arose,plant,snail
