carle,scale
carle,minty,bacon
carle,minty,manic
carle,minty,saucy,saucy
carle,minty,saucy,wacky
carle,minty,tacky
carle,minty,panic
carle,minty,fancy
carle,minty,havoc
carle,minty,macaw,macaw
carle,minty,macaw,macho
carle,minty,magic
carle,minty,yacht
carle,minty,match
carle,minty,basic
carle,minty,howbe,batch
carle,minty,howbe,watch
carle,minty,howbe,hatch
carle,minty,howbe,patch
carle,minty,tacit
carle,griot,drool
carle,griot,prowl
carle,griot,twirl
carle,griot,blurb,slurp
carle,griot,blurb,blurb
carle,griot,growl
carle,griot,floor
carle,griot,broil
carle,griot,flour
carle,griot,flirt
carle,griot,glory
carle,griot,swirl,swirl
carle,griot,swirl,whirl
carle,griot,blurt
carle,rally
carle,pions,slung,slung
carle,pions,slung,slunk
carle,pions,fetid,filmy
carle,pions,fetid,vigil
carle,pions,fetid,livid
carle,pions,fetid,light
carle,pions,fetid,filth
carle,pions,fetid,limit
carle,pions,fetid,milky
carle,pions,blitz,blitz
carle,pions,blitz,fluid
carle,pions,lupus
carle,pions,spoil
carle,pions,pupil
carle,pions,floss,gloss
carle,pions,floss,floss
carle,pions,basks,lusty
carle,pions,basks,flush
carle,pions,basks,slush
carle,pions,basks,blush
carle,pions,basks,sulky
carle,pions,blown,flown
carle,pions,blown,blown
carle,pions,lobby,mogul
carle,pions,lobby,lobby
carle,pions,lobby,moldy
carle,pions,lobby,lofty
carle,pions,plumb,pulpy
carle,pions,plumb,plump
carle,pions,plumb,plumb
carle,pions,unlit,unlit
carle,pions,unlit,until
carle,pions,slump
carle,pions,polyp
carle,pions,silky
carle,pions,lingo
carle,pions,solid
carle,pions,vinyl
carle,pions,sling,sling
carle,pions,sling,slink
carle,pions,slosh,stool
carle,pions,slosh,slosh
carle,pions,slosh,sloth
carle,pions,slimy
carle,pions,plunk
carle,pions,lousy
carle,pions,bluff,fluff
carle,pions,bluff,bluff
carle,pions,bluff,bulky
carle,pions,blimp,tulip
carle,pions,blimp,blimp
carle,pions,lipid
carle,pions,sloop,spool
carle,pions,sloop,sloop
carle,pions,folio,igloo
carle,pions,folio,folio
carle,pions,limbo
carle,pions,bliss
carle,pions,plush
carle,pions,blond
carle,pions,loopy
carle,pions,login
carle,pions,pilot
carle,pions,flung,blunt
carle,pions,flung,flung
carle,pions,flung,flunk
carle,pions,nylon
carle,pions,blood,gloom
carle,pions,blood,blood
carle,pions,blood,bloom
carle,pions,blood,flood
carle,pions,blood,ghoul
carle,pions,blood,flout
carle,pions,glyph,glyph
carle,pions,glyph,lumpy
carle,pions,glyph,lymph
carle,pions,defog,flint
carle,pions,defog,fling
carle,pions,defog,lying
carle,pions,defog,blink
carle,pions,defog,glint
carle,pions,defog,blind
carle,pions,split
carle,midst,daily
carle,midst,dally
carle,midst,fault,fault
carle,midst,fault,vault
carle,midst,badly
carle,midst,manly
carle,midst,gayly
carle,midst,sadly
carle,midst,madly
carle,midst,tally
carle,midst,sally
carle,midst,gaily
carle,chalk
carle,albee,belch
carle,albee,leech
carle,albee,excel
carle,albee,fleck
carle,albee,welch
carle,albee,elect
carle,dinos,piece
carle,dinos,dunce
carle,dinos,voice
carle,dinos,scope
carle,dinos,scone
carle,dinos,spice
carle,dinos,juice,juice
carle,dinos,juice,twice
carle,dinos,mince,wince
carle,dinos,mince,mince
carle,dinos,aheap,fence
carle,dinos,aheap,pence
carle,dinos,aheap,hence
carle,dinos,ounce
carle,dinos,scene
carle,dinos,niche,niece
carle,dinos,niche,niche
carle,dinos,since
carle,dinos,emcee
carle,dinos,deuce
carle,avant,craze
carle,avant,crane
carle,avant,crave
carle,avant,crate
carle,suint,vista
carle,suint,gnash
carle,suint,admin,ninja
carle,suint,admin,again
carle,suint,admin,admin
carle,suint,avian,axion
carle,suint,avian,avian
carle,suint,squat
carle,suint,boast,toast
carle,suint,boast,boast
carle,suint,shank,shank
carle,suint,shank,spank
carle,suint,amity
carle,suint,quota
carle,suint,aphid,khaki
carle,suint,aphid,aphid
carle,suint,aphid,pizza
carle,suint,aphid,avoid
carle,suint,aphid,affix
carle,suint,shaft
carle,suint,sigma,sigma
carle,suint,sigma,swami
carle,suint,thank,twang
carle,suint,thank,thank
carle,suint,apish,stash
carle,suint,apish,swath
carle,suint,apish,stamp
carle,suint,apish,staff
carle,suint,agony,among
carle,suint,agony,agony
carle,suint,squad
carle,suint,aunty,aunty
carle,suint,aunty,junta
carle,suint,gonad,annoy
carle,suint,gonad,woman
carle,suint,gonad,nomad
carle,suint,gonad,gonad
carle,suint,about
carle,suint,guava
carle,suint,tibia
carle,suint,abbot,adopt
carle,suint,abbot,adapt
carle,suint,abbot,afoot
carle,suint,abbot,abbot
carle,suint,giant
carle,suint,human
carle,suint,tonga
carle,suint,snaky,snaky
carle,suint,snaky,spawn
carle,suint,titan
carle,suint,stain
carle,suint,chowk,shaky
carle,suint,chowk,spasm
carle,suint,chowk,swamp
carle,suint,chowk,swash
carle,suint,chowk,shady
carle,suint,chowk,soapy
carle,suint,chowk,smash
carle,suint,angst
carle,suint,audio
carle,suint,quasi
carle,suint,aging,aging
carle,suint,aging,aping
carle,suint,audit
carle,suint,axiom
carle,suint,admit,admit
carle,suint,admit,await
carle,suint,dogma,foamy
carle,suint,dogma,vodka
carle,suint,dogma,dogma
carle,suint,staid
carle,suint,today,today
carle,suint,today,topaz
carle,suint,quash
carle,suint,amiss
carle,suint,abyss,awash
carle,suint,abyss,assay
carle,suint,abyss,amass
carle,suint,abyss,abyss
carle,suint,piano
carle,suint,stand,stank
carle,suint,stand,stand
carle,hoiks,crock,crook
carle,hoiks,crock,crock
carle,hoiks,choir
carle,hoiks,crumb,crumb
carle,hoiks,crumb,crump
carle,hoiks,crumb,crypt
carle,hoiks,cross
carle,hoiks,crust
carle,hoiks,churn
carle,hoiks,court
carle,hoiks,chirp
carle,hoiks,crown,crony
carle,hoiks,crown,crown
carle,hoiks,crown,croup
carle,hoiks,crown,crowd
carle,hoiks,chord
carle,hoiks,crimp
carle,hoiks,crisp
carle,hoiks,crush
carle,hoiks,crick
carle,boink,click
carle,boink,cloth,cloth
carle,boink,cloth,cloud
carle,boink,cloth,clout
carle,boink,cluck
carle,boink,climb
carle,boink,clung
carle,boink,cling
carle,boink,civil
carle,boink,cliff
carle,boink,clock
carle,boink,colon
carle,boink,clump
carle,boink,clown
carle,boink,clink
carle,slice
carle,farce
carle,mural,rural
carle,mural,viral
carle,mural,mural
carle,mural,moral
carle,cabal,canal
carle,cabal,cavil
carle,cabal,cabal
carle,decor,retch
carle,decor,decor
carle,decor,erect,wreck
carle,decor,erect,erect
carle,decor,recut
carle,decor,recur
carle,decor,nicer
carle,decor,decry
carle,suint,pubic
carle,suint,which
carle,suint,abamp,bunch
carle,suint,abamp,punch
carle,suint,abamp,munch
carle,suint,abamp,hunch
carle,suint,ficus
carle,suint,scout
carle,suint,disco
carle,suint,stuck
carle,suint,botch
carle,suint,touch
carle,suint,hyped,pitch
carle,suint,hyped,itchy
carle,suint,hyped,toxic
carle,suint,hyped,optic
carle,suint,hyped,topic
carle,suint,hyped,hitch
carle,suint,hyped,ditch
carle,suint,hyped,witch
carle,suint,mucus
carle,suint,knock
carle,suint,focus
carle,suint,cowps,pinch
carle,suint,cowps,winch
carle,suint,cowps,finch
carle,suint,cowps,ionic
carle,suint,pouch,pouch
carle,suint,pouch,vouch
carle,suint,stock
carle,suint,notch
carle,suint,tunic
carle,suint,thick
carle,suint,sonic
carle,suint,juicy,quick
carle,suint,juicy,juicy
carle,suint,stick
carle,suint,tonic
carle,suint,stoic
carle,suint,pooch
carle,suint,snuck
carle,suint,mimic,picky
carle,suint,mimic,mimic
carle,suint,duchy,duchy
carle,suint,duchy,mucky
carle,suint,scion
carle,suint,spicy
carle,suint,music
carle,suint,aband,butch
carle,suint,aband,dutch
carle,suint,aband,hutch
carle,suint,achoo,smock
carle,suint,achoo,scoff
carle,suint,achoo,shock
carle,suint,achoo,scoop
carle,suint,shuck
carle,suint,uncut
carle,suint,icing
carle,march
carle,color
carle,livor,leery
carle,livor,liner
carle,livor,older
carle,livor,revel
carle,livor,lemur,lemur
carle,livor,lemur,leper
carle,livor,lever
carle,livor,lover
carle,livor,abled,elder
carle,livor,abled,ruler
carle,livor,abled,bluer
carle,livor,abled,flyer
carle,livor,rebel,repel
carle,livor,rebel,gruel
carle,livor,rebel,rebel
carle,livor,flier,plier
carle,livor,flier,flier
carle,livor,flier,idler
carle,livor,liver
carle,livor,loser,lower
carle,livor,loser,loser
carle,livor,filer
carle,clean,clean
carle,clean,cleat
carle,cairn
carle,icily,icily
carle,icily,scold
carle,reply
carle,reach,recap
carle,reach,reach
carle,reach,react
carle,larva
carle,lance
carle,force,force
carle,force,scree
carle,peril
carle,pecan,beach,beach
carle,pecan,beach,teach
carle,pecan,exact
carle,pecan,pecan
carle,pecan,decay
carle,pecan,ocean
carle,pecan,mecca
carle,pecan,enact
carle,pecan,peach
carle,carve
carle,crawl
carle,uncle
carle,dempt,leant,least
carle,dempt,leant,leant
carle,dempt,fetal
carle,dempt,leapt
carle,dempt,pleat
carle,dempt,delay
carle,dempt,abled,abled
carle,dempt,abled,ideal
carle,dempt,metal
carle,dempt,bleat
carle,dempt,delta
carle,dempt,leafy,leaky
carle,dempt,leafy,leafy
carle,dempt,leafy,leash
carle,dempt,leafy,legal
carle,dempt,plead
carle,dempt,alien,alley
carle,dempt,alien,bleak
carle,dempt,alien,glean
carle,dempt,alien,equal
carle,dempt,alien,angel
carle,dempt,alien,alien
carle,dempt,email,email
carle,dempt,email,gleam
carle,dempt,penal
carle,dempt,petal
carle,dempt,pedal
carle,dempt,medal
carle,dempt,steal
carle,macro,macro
carle,macro,ranch
carle,rifle
carle,buiks,gulch,mulch
carle,buiks,gulch,gulch
carle,buiks,gulch,lunch
carle,buiks,pluck
carle,buiks,slick
carle,buiks,lucid
carle,buiks,block
carle,buiks,lucky
carle,buiks,logic
carle,buiks,locus
carle,buiks,flock
carle,buiks,lynch
carle,buiks,flick
carle,buiks,scowl
carle,lorry,lorry
carle,lorry,lurid
carle,decal,eclat
carle,decal,fecal
carle,decal,decal
carle,decal,leach
carle,donsy,salvo
carle,donsy,salad
carle,donsy,salon
carle,donsy,banal
carle,donsy,balmy
carle,donsy,talon
carle,donsy,nasal
carle,donsy,fatal,laugh
carle,donsy,fatal,waltz
carle,donsy,fatal,fatal
carle,donsy,fatal,papal
carle,donsy,valid
carle,donsy,lasso
carle,donsy,basal,basal
carle,donsy,basal,basil
carle,donsy,lanky
carle,donsy,salsa
carle,donsy,salty
carle,donsy,palsy
carle,donsy,natal,naval
carle,donsy,natal,natal
carle,bouks,prick,prick
carle,bouks,prick,trick
carle,bouks,rocky
carle,bouks,truck
carle,bouks,frock
carle,bouks,brick
carle,bouks,occur
carle,bouks,micro
carle,bouks,incur
carle,bouks,scorn
carle,bouks,scour
carle,snift,avail,plaid
carle,snift,avail,avail
carle,snift,avail,quail
carle,snift,aloft
carle,snift,align
carle,snift,flank
carle,snift,blast
carle,snift,loath,tubal
carle,snift,loath,loath
carle,snift,loath,total
carle,snift,shawl,slash
carle,snift,shawl,shoal
carle,snift,shawl,shawl
carle,snift,bloat,allot
carle,snift,bloat,bloat
carle,snift,bloat,gloat
carle,snift,plant
carle,snift,tonal
carle,snift,flash,flash
carle,snift,flash,flask
carle,snift,float
carle,snift,snail
carle,snift,slang
carle,snift,slain
carle,snift,afoul,awful
carle,snift,afoul,offal
carle,snift,afoul,aloof
carle,snift,afoul,afoul
carle,snift,afoul,flaky
carle,snift,final
carle,snift,annul
carle,snift,plain
carle,snift,glass,glass
carle,snift,glass,usual
carle,snift,alloy,alloy
carle,snift,alloy,bylaw
carle,snift,alloy,loamy
carle,snift,alloy,plaza
carle,snift,alloy,allow
carle,snift,alloy,allay
carle,snift,alloy,aglow
carle,snift,alloy,loyal
carle,snift,alloy,polka
carle,snift,alloy,llama
carle,snift,alloy,modal
carle,snift,alloy,pupal
carle,snift,alloy,aloud
carle,snift,alloy,album,alpha
carle,snift,alloy,album,album
carle,snift,bland,bland
carle,snift,bland,along
carle,snift,bland,blank
carle,snift,bland,gland
carle,snift,bland,plank
carle,snift,bland,zonal
carle,snift,splat
carle,snift,flail
carle,snift,plait
carle,snift,anvil,anvil
carle,snift,anvil,inlay
carle,snift,slant
carle,snift,tidal,vital
carle,snift,tidal,tidal
carle,snift,alibi,alibi
carle,snift,alibi,axial
carle,tymps,harpy
carle,tymps,parka
carle,tymps,harsh
carle,tymps,party
carle,tymps,marsh
carle,tymps,baron
carle,tymps,tardy
carle,tymps,warty
carle,tymps,parry
carle,tymps,tarot
carle,tymps,marry
carle,tymps,hardy,hardy
carle,tymps,hardy,harry
carle,tymps,karma
carle,apays,apron
carle,apays,aorta
carle,apays,stray
carle,apays,straw
carle,apays,strap
carle,apays,borax
carle,apays,spray
carle,apays,foray
carle,apays,arrow
carle,apays,array
carle,relic,relic
carle,relic,ulcer
carle,sowth,wordy,wordy
carle,sowth,wordy,worry
carle,sowth,forgo,forum
carle,sowth,forgo,moron
carle,sowth,forgo,forgo
carle,sowth,furor,juror
carle,sowth,furor,furor
carle,sowth,sorry
carle,sowth,burnt
carle,sowth,torso,torso
carle,sowth,torso,torus
carle,sowth,shrub,shrub
carle,sowth,shrub,shrug
carle,sowth,forty
carle,sowth,turbo
carle,sowth,hurry
carle,sowth,throb
carle,sowth,strip,strip
carle,sowth,strip,strut
carle,sowth,thrum
carle,sowth,burst,burst
carle,sowth,burst,first
carle,sowth,horny
carle,sowth,myrrh
carle,sowth,dirty
carle,sowth,furry,murky
carle,sowth,furry,furry
carle,sowth,virus
carle,sowth,morph
carle,sowth,abamp,girth
carle,sowth,abamp,birth
carle,sowth,abamp,mirth
carle,sowth,throw
carle,sowth,worst
carle,sowth,sprig,syrup
carle,sowth,sprig,sprig
carle,sowth,forth,forth
carle,sowth,forth,north
carle,sowth,worth
carle,mercy,screw
carle,mercy,mercy
carle,mercy,perch
carle,cycle
carle,large
carle,racer
carle,cease,cease
carle,cease,chase
carle,cease,chafe
carle,scram,scram
carle,scram,acrid
carle,scram,scrap
carle,knaps,cloak
carle,knaps,clack
carle,knaps,class
carle,knaps,claim
carle,knaps,clash
carle,knaps,clamp
carle,knaps,clank
carle,knaps,clasp
carle,knaps,clang
carle,curly
carle,abaft,blare
carle,abaft,flare
carle,abaft,glare
carle,event,covey
carle,event,cheek
carle,event,chest
carle,event,chief
carle,event,check,check
carle,event,check,chess
carle,event,covet
carle,event,comet
carle,event,coven
carle,beted,bread
carle,beted,dream
carle,beted,debar
carle,beted,tread
carle,beted,break
carle,beted,great,great
carle,beted,great,treat
carle,beted,great,avert
carle,beted,pshaw,shear
carle,beted,pshaw,swear
carle,beted,pshaw,wreak
carle,beted,pshaw,spear
carle,beted,pshaw,arena
carle,beted,pshaw,freak
carle,beted,pshaw,smear
carle,beted,pshaw,opera
carle,beted,beard
carle,beted,rebar,rebar
carle,beted,rebar,zebra
carle,beted,rebar,rehab
carle,beted,repay,repay
carle,beted,repay,weary
carle,beted,repay,yearn
carle,beted,repay,rearm
carle,beted,aider
carle,beted,after
carle,beted,ready
carle,beted,dread
carle,beted,anger
carle,beted,extra
carle,beted,heart,heart
carle,beted,heart,teary
carle,beted,heard
carle,beted,amber
carle,poind,radii
carle,poind,rajah,satyr
carle,poind,rajah,ratty
carle,poind,rajah,rajah
carle,poind,rabid
carle,poind,dairy
carle,poind,rainy
carle,poind,rabbi
carle,poind,vapor
carle,poind,radio
carle,poind,azyms,razor
carle,poind,azyms,favor
carle,poind,azyms,major
carle,poind,azyms,savor
carle,poind,azyms,mayor
carle,poind,rapid
carle,poind,manor,rayon
carle,poind,manor,manor
carle,poind,radar
carle,poind,raspy
carle,poind,tapir
carle,poind,randy
carle,poind,nadir
carle,poind,ratio
carle,poind,fairy,hairy
carle,poind,fairy,fairy
carle,realm
carle,price,trice
carle,price,score
carle,price,price
carle,price,truce
carle,clear
carle,feral
carle,spang,whale
carle,spang,ankle
carle,spang,agile
carle,spang,apple
carle,spang,shale,stale
carle,spang,shale,shale
carle,spang,ample
carle,spang,angle
carle,spang,amble
carle,spang,aisle
carle,angst,image
carle,angst,skate,stave
carle,angst,skate,skate
carle,angst,skate,state
carle,angst,skate,stake
carle,angst,tease
carle,angst,ovate
carle,angst,aside
carle,angst,anime,anode
carle,angst,anime,anime
carle,angst,phase
carle,angst,abate
carle,angst,stage
carle,angst,abode,awoke
carle,angst,abode,abode
carle,angst,abode,above
carle,angst,abode,abide
carle,angst,abode,adobe
carle,angst,abode,amaze,amaze
carle,angst,abode,amaze,awake
carle,angst,inane,inane
carle,angst,inane,knave
carle,angst,adage,agape
carle,angst,adage,adage
carle,angst,dumps,spade
carle,angst,dumps,shake,shake
carle,angst,dumps,shake,shave
carle,angst,dumps,suave
carle,angst,dumps,shame
carle,angst,dumps,shade
carle,angst,dumps,shape
carle,angst,abase,abuse
carle,angst,abase,abase
carle,angst,abase,amuse
carle,angst,heave,quake
carle,angst,heave,weave
carle,angst,heave,heave
carle,angst,heave,evade
carle,angst,agate
carle,angst,snake
carle,angst,usage
carle,angst,atone
carle,besat,ahead,knead
carle,besat,ahead,ahead
carle,besat,heady,heavy
carle,besat,heady,heady
carle,besat,heady,media
carle,besat,wheat
carle,besat,essay
carle,besat,began
carle,besat,sepia
carle,besat,death,meaty
carle,besat,death,heath
carle,besat,death,death
carle,besat,kebab
carle,besat,adeem,steam
carle,besat,adeem,stead
carle,besat,adeem,steak
carle,besat,theta
carle,besat,tweak
carle,besat,meant
carle,besat,beady
carle,besat,annex,enema
carle,besat,annex,apnea
carle,besat,annex,hyena
carle,besat,annex,omega
carle,besat,annex,amend
carle,besat,annex,annex
carle,besat,sedan
carle,besat,beast
carle,besat,vegan
carle,besat,begat
carle,besat,feast,yeast
carle,besat,feast,feast
carle,besat,ashen,ashen
carle,besat,ashen,askew
carle,besat,sneak,speak
carle,besat,sneak,sneak
carle,besat,adept,adept
carle,besat,adept,agent
carle,besat,asset
carle,besat,abbey
carle,besat,sweat
carle,facet
carle,latch
carle,gilds,compt,fluke
carle,gilds,compt,flume
carle,gilds,compt,flute
carle,gilds,compt,plume
carle,gilds,compt,bloke
carle,gilds,compt,elope
carle,gilds,lithe
carle,gilds,loose,slope
carle,gilds,loose,louse
carle,gilds,loose,loose
carle,gilds,pulse,pulse
carle,gilds,pulse,solve
carle,gilds,bulge
carle,gilds,lunge
carle,gilds,belie
carle,gilds,elide
carle,gilds,melee
carle,gilds,slime
carle,gilds,glide
carle,gilds,elite,olive
carle,gilds,elite,elite
carle,gilds,slide
carle,gilds,tilde
carle,gilds,elude
carle,gilds,delve
carle,gilds,ledge,ledge
carle,gilds,ledge,lodge
carle,gilds,globe,globe
carle,gilds,globe,glove
carle,gilds,liege
carle,gilds,bilge
carle,foist,scarf
carle,foist,wrack
carle,foist,actor
carle,foist,scary
carle,foist,roach
carle,foist,track
carle,foist,acorn
carle,foist,vicar
carle,foist,tract
carle,beted,maple
carle,beted,fable
carle,beted,table
carle,beted,eagle
carle,beted,ladle
carle,place
carle,moans,china
carle,moans,champ
carle,moans,coach
carle,moans,coast
carle,moans,chasm
carle,moans,comma
carle,moans,chaff
carle,moans,cocoa
carle,moans,chaos
carle,moans,chant
carle,moans,chain
carle,caulk
carle,cello
carle,bothy,eaten
carle,bothy,taken
carle,bothy,haven
carle,bothy,matey
carle,bothy,waxen
carle,bothy,oaken
carle,brond,ardor
carle,brond,sonar
carle,brond,grain,grain
carle,brond,grain,train
carle,brond,grain,prawn
carle,brond,abhor
carle,brond,aahed,shard
carle,brond,aahed,award
carle,brond,aahed,guard
carle,brond,drank
carle,brond,ovary,roast
carle,brond,ovary,ovary
carle,brond,rumba,umbra
carle,brond,rumba,rumba
carle,brond,armor
carle,brond,brain,brawn
carle,brond,brain,brain
carle,brond,aroma
carle,brond,abort
carle,brond,braid
carle,brond,frank,grant
carle,brond,frank,prank
carle,brond,frank,frank
carle,brond,diary,diary
carle,brond,diary,dwarf
carle,brond,urban
carle,brond,shakt,smart,smart
carle,brond,shakt,smart,start
carle,brond,shakt,sharp
carle,brond,shakt,quark
carle,brond,shakt,wharf
carle,brond,shakt,swarm
carle,brond,shakt,spark
carle,brond,shakt,apart,apart
carle,brond,shakt,apart,quart
carle,brond,shakt,shark
carle,brond,shakt,tiara
carle,brond,shakt,stark
carle,brond,shakt,stair
carle,brond,shakt,sugar
carle,brond,shakt,augur
carle,brond,hoard
carle,brond,piths,wrath
carle,brond,piths,graph
carle,brond,piths,tramp
carle,brond,piths,friar
carle,brond,piths,gravy
carle,brond,piths,grass
carle,brond,piths,trash
carle,brond,piths,graft
carle,brond,piths,trait
carle,brond,piths,artsy
carle,brond,piths,grasp
carle,brond,drain,drain
carle,brond,drain,drawn
carle,brond,broad
carle,brond,fraud,fraud
carle,brond,fraud,triad
carle,brond,adorn
carle,brond,agora
carle,brond,board
carle,brond,draft,draft
carle,brond,draft,drama
carle,brond,brash,briar
carle,brond,brash,brass
carle,brond,brash,brash
carle,brond,grand
carle,brond,arbor
carle,brond,brand
carle,brond,groan
carle,brond,bravo
carle,brond,arson,arson
carle,brond,arson,organ
carle,brond,angry
carle,parer,parer
carle,parer,harem
carle,parer,earth
carle,parer,rarer
carle,bilgy,later
carle,bilgy,lager
carle,bilgy,layer
carle,bilgy,paler
carle,bilgy,baler
carle,doats,cutie
carle,doats,coupe
carle,doats,choke
carle,doats,chide
carle,doats,copse
carle,doats,chime
carle,doats,chute
carle,doats,chose
carle,shunt,midgy,moody
carle,shunt,midgy,dodgy
carle,shunt,midgy,piggy
carle,shunt,midgy,dowdy,dowdy
carle,shunt,midgy,dowdy,woody
carle,shunt,midgy,vivid
carle,shunt,midgy,idiom
carle,shunt,midgy,fizzy,jiffy
carle,shunt,midgy,fizzy,fizzy
carle,shunt,midgy,dizzy
carle,shunt,midgy,biddy
carle,shunt,midgy,pygmy
carle,shunt,midgy,booby,booby
carle,shunt,midgy,booby,boozy
carle,shunt,midgy,booby,woozy
carle,shunt,midgy,booby,poppy
carle,shunt,midgy,booby,bobby
carle,shunt,midgy,goofy
carle,shunt,midgy,giddy
carle,shunt,midgy,widow
carle,shunt,midgy,wimpy
carle,shunt,midgy,goody
carle,shunt,midgy,foggy
carle,shunt,midgy,ovoid
carle,shunt,quoth
carle,shunt,shown
carle,shunt,aking,skunk
carle,shunt,aking,swung
carle,shunt,aking,spunk
carle,shunt,aking,sound
carle,shunt,betid,fifth
carle,shunt,betid,width
carle,shunt,betid,booth
carle,shunt,betid,tooth
carle,shunt,betid,pithy
carle,shunt,whisk
carle,shunt,stomp,stoop
carle,shunt,stomp,stood
carle,shunt,stomp,stomp
carle,shunt,stomp,sooty
carle,shunt,stomp,sixty
carle,shunt,stomp,stiff
carle,shunt,fishy
carle,shunt,month,month
carle,shunt,month,ninth
carle,shunt,sting,stony
carle,shunt,sting,sting
carle,shunt,sting,stink
carle,shunt,humid,humph
carle,shunt,humid,humid
carle,shunt,donut,donut
carle,shunt,donut,input
carle,shunt,donut,unfit
carle,shunt,sixth,sixth
carle,shunt,sixth,smith
carle,shunt,sixth,sooth
carle,shunt,abmho,humus
carle,shunt,abmho,bushy
carle,shunt,abmho,mushy
carle,shunt,abmho,pushy
carle,shunt,abmho,husky,husky
carle,shunt,abmho,husky,hussy
carle,shunt,snout
carle,shunt,shook,showy
carle,shunt,shook,shook
carle,shunt,joint,point
carle,shunt,joint,joint
carle,shunt,nymph
carle,shunt,hoist
carle,shunt,mouth,tough
carle,shunt,mouth,mouth
carle,shunt,mouth,youth
carle,shunt,hobby,hippo
carle,shunt,hobby,hippy
carle,shunt,hobby,hobby
carle,shunt,hobby,howdy
carle,shunt,shush
carle,shunt,bigot,idiot
carle,shunt,bigot,digit
carle,shunt,bigot,vomit
carle,shunt,bigot,twixt
carle,shunt,bigot,bigot
carle,shunt,bigot,pivot
carle,shunt,outdo,outgo
carle,shunt,outdo,putty
carle,shunt,outdo,outdo
carle,shunt,bison,bison
carle,shunt,bison,noisy
carle,shunt,shunt
carle,shunt,tipsy
carle,shunt,dusky,dusky
carle,shunt,dusky,fussy
carle,shunt,dusky,musky
carle,shunt,shiny
carle,shunt,tying
carle,shunt,bough,bough
carle,shunt,bough,dough
carle,shunt,hound
carle,shunt,spiny,spiny
carle,shunt,spiny,swing
carle,shunt,phony,phony
carle,shunt,phony,whiny
carle,shunt,shout
carle,shunt,joust
carle,shunt,stint
carle,shunt,ought
carle,shunt,snuff
carle,shunt,night
carle,shunt,sight
carle,shunt,bumpy,mound
carle,shunt,bumpy,found,wound
carle,shunt,bumpy,found,found
carle,shunt,bumpy,young
carle,shunt,bumpy,pound
carle,shunt,bumpy,bound
carle,shunt,using
carle,shunt,mount
carle,shunt,stung,stung
carle,shunt,stung,stunk
carle,shunt,foist,visit
carle,shunt,foist,posit
carle,shunt,foist,joist,moist
carle,shunt,foist,joist,joist
carle,shunt,foist,twist
carle,shunt,foist,foist
carle,shunt,foist,midst
carle,shunt,foist,boost
carle,shunt,suing,sunny
carle,shunt,suing,suing
carle,shunt,whiff,whiff
carle,shunt,whiff,whoop
carle,shunt,bitty,fifty
carle,shunt,bitty,motto
carle,shunt,bitty,motif
carle,shunt,bitty,toddy
carle,shunt,bitty,booty
carle,shunt,bitty,adaws,witty
carle,shunt,bitty,adaws,kitty
carle,shunt,bitty,adaws,ditty
carle,shunt,bitty,bitty
carle,shunt,bitty,timid
carle,shunt,bitty,ditto
carle,shunt,thing,think
carle,shunt,thing,thong
carle,shunt,thing,thing
carle,shunt,junto,unity
carle,shunt,junto,nutty
carle,shunt,junto,junto
carle,shunt,pouty
carle,shunt,doing,dying
carle,shunt,doing,owing
carle,shunt,doing,downy
carle,shunt,doing,ninny
carle,shunt,doing,going
carle,shunt,doing,doing
carle,shunt,doing,vying
carle,shunt,minty,toxin
carle,shunt,minty,pinto
carle,shunt,minty,minty
carle,shunt,swift
carle,shunt,thumb,thump
carle,shunt,thumb,thumb
carle,shunt,squib
carle,shunt,sushi
carle,shunt,south
carle,shunt,shift,shift
carle,shunt,shift,shoot
carle,shunt,ghost
carle,shunt,audio,unzip
carle,shunt,audio,funky
carle,shunt,audio,unify
carle,shunt,audio,undid
carle,shunt,audio,union
carle,shunt,audio,fungi
carle,shunt,hunky
carle,shunt,agood,gusty
carle,shunt,agood,gusto
carle,shunt,agood,musty
carle,shunt,agood,dusty
carle,shunt,kondo,onion
carle,shunt,kondo,bongo
carle,shunt,kondo,inbox
carle,shunt,kondo,windy
carle,shunt,kondo,dingy
carle,shunt,kondo,pinky
carle,shunt,kondo,dingo
carle,shunt,kondo,kinky
carle,shunt,kondo,known
carle,shunt,kondo,minim
carle,shunt,kondo,bingo
carle,shunt,spout,stout
carle,shunt,spout,spout
carle,shunt,swish
carle,shunt,amowt,wight
carle,shunt,amowt,might
carle,shunt,amowt,fight,tight
carle,shunt,amowt,fight,fight
carle,shunt,abysm,stuff
carle,shunt,abysm,stump
carle,shunt,abysm,study
carle,shunt,photo,thigh
carle,shunt,photo,photo
carle,shunt,doubt
carle,shunt,stunt
carle,shunt,snoop,snoop
carle,shunt,snoop,synod
carle,shunt,snoop,sniff
carle,shunt,snoop,snowy
carle,shunt,snoop,spoon
carle,shunt,snoop,swoon
carle,shunt,bunny,funny
carle,shunt,bunny,bunny
carle,shunt,gimpy,dumpy,jumpy
carle,shunt,gimpy,dumpy,dumpy
carle,shunt,gimpy,muddy
carle,shunt,gimpy,jumbo
carle,shunt,gimpy,puppy
carle,shunt,gimpy,guppy
carle,shunt,gimpy,opium
carle,shunt,gimpy,gumbo
carle,shunt,gimpy,puffy
carle,shunt,gimpy,dummy,dummy
carle,shunt,gimpy,dummy,mummy
carle,shunt,gimpy,buxom
carle,shunt,gimpy,gummy
carle,shunt,gimpy,pudgy
carle,shunt,gimpy,buggy
carle,shunt,gimpy,buddy,buddy
carle,shunt,gimpy,buddy,fuzzy
carle,shunt,missy,mossy
carle,shunt,missy,wispy
carle,shunt,missy,bosom
carle,shunt,missy,missy
carle,shunt,missy,kiosk
carle,shunt,missy,gipsy
carle,shunt,missy,bossy
carle,shunt,missy,gypsy
carle,shunt,ingot
carle,shunt,skimp,sissy
carle,shunt,skimp,spiky
carle,shunt,skimp,spook
carle,shunt,skimp,swoop
carle,shunt,skimp,skimp
carle,shunt,skimp,smoky
carle,shunt,skimp,soggy
carle,shunt,skimp,skiff
carle,shunt,skimp,spoof
carle,shunt,bonus,bonus
carle,shunt,bonus,minus
carle,bunco,cumin
carle,bunco,chump
carle,bunco,cinch
carle,bunco,chick
carle,bunco,chuck
carle,bunco,civic
carle,bunco,cubic
carle,bunco,cynic
carle,bunco,chunk
carle,bunco,chock
carle,bunco,couch
carle,bunco,conch
carle,bunco,conic
carle,bunco,cough
carle,bunco,condo
carle,bunco,comfy,comic
carle,bunco,comfy,comfy
carle,bunco,count
carle,mulsh,halve
carle,mulsh,lathe
carle,mulsh,false
carle,mulsh,valve
carle,mulsh,value
carle,mulsh,salve
carle,mulsh,latte
carle,mulsh,lapse
carle,labor,ralph
carle,labor,labor
carle,labor,valor
carle,griot,ivory,ivory
carle,griot,ivory,robin
carle,griot,grimy,grimy
carle,griot,grimy,grind
carle,griot,rugby
carle,griot,broth,broth
carle,griot,broth,froth
carle,griot,amahs,truss
carle,griot,amahs,truth
carle,griot,amahs,trump
carle,griot,amahs,trunk
carle,griot,prong,wrong
carle,griot,prong,prong
carle,griot,frond,frown
carle,griot,frond,brown
carle,griot,frond,frond
carle,griot,frond,dross
carle,griot,frond,drown
carle,griot,frond,proxy
carle,griot,frond,proud
carle,griot,risky
carle,griot,amped,brood
carle,griot,amped,brook
carle,griot,amped,proof
carle,griot,amped,droop
carle,griot,amped,broom
carle,griot,rigor,rigor
carle,griot,rigor,vigor
carle,griot,droit,droit
carle,griot,droit,orbit
carle,griot,motor,tumor
carle,griot,motor,motor
carle,griot,motor,tutor
carle,griot,motor,rotor
carle,griot,troop
carle,griot,rigid
carle,griot,gourd
carle,griot,aband,wrist
carle,griot,aband,print
carle,griot,aband,drift
carle,griot,abysm,storm
carle,griot,abysm,stork
carle,griot,abysm,thorn
carle,griot,abysm,story
carle,griot,shirk,quirk
carle,griot,shirk,smirk
carle,griot,shirk,shirk
carle,griot,front,front
carle,griot,front,trout
carle,griot,front,frost
carle,griot,groin
carle,griot,brush,drunk
carle,griot,brush,brush
carle,griot,grunt
carle,griot,rusty
carle,griot,druid
carle,griot,grout
carle,griot,honor,honor
carle,griot,honor,donor
carle,griot,honor,humor
carle,griot,honor,rumor
carle,griot,fritz
carle,griot,gruff
carle,griot,rhino
carle,griot,fruit
carle,griot,spurn,spurn
carle,griot,spurn,usurp
carle,griot,spurn,ruddy
carle,griot,wrung
carle,griot,intro
carle,griot,abuna,group
carle,griot,abuna,grown
carle,griot,abuna,gross
carle,griot,groom
carle,griot,right
carle,griot,shirt,shirt
carle,griot,shirt,skirt
carle,griot,brunt,brunt
carle,griot,brunt,trust
carle,griot,brunt,tryst
carle,griot,apish,snort
carle,griot,apish,short
carle,griot,apish,sport
carle,griot,apish,roost
carle,griot,minor,visor
carle,griot,minor,minor
carle,griot,bring,wring
carle,griot,bring,bring
carle,griot,rough
carle,griot,irony
carle,griot,primo
carle,griot,dowry,sworn
carle,griot,dowry,round
carle,griot,dowry,shorn
carle,griot,dowry,hydro
carle,griot,dowry,fjord
carle,griot,dowry,rowdy
carle,griot,dowry,roomy
carle,griot,dowry,dowry
carle,griot,dowry,mourn
carle,griot,dowry,sword
carle,griot,brisk,briny
carle,griot,brisk,privy
carle,griot,brisk,brink
carle,griot,brisk,frisk
carle,griot,brisk,brisk
carle,griot,brisk,prism
carle,griot,brisk,drink
carle,griot,spurt
carle,griot,robot
carle,griot,third
carle,griot,prior
carle,abbot,cagey
carle,abbot,cadet
carle,abbot,cameo
carle,lurch,lyric
carle,lurch,lurch
carle,corer
carle,trial,rival
carle,trial,trial
carle,trial,trawl
carle,trial,snarl
carle,trial,altar
carle,trial,trail
carle,trial,adsum,polar
carle,trial,adsum,lunar
carle,trial,adsum,solar
carle,trial,adsum,molar
carle,trial,flair
carle,trial,frail,grail
carle,trial,frail,frail
carle,trial,alarm,alarm
carle,trial,alarm,flora
carle,trial,brawl,drawl
carle,trial,brawl,brawl
carle,trial,royal
carle,trial,ultra
carle,dance,dance
carle,dance,sauce
carle,doubt,dilly,dilly
carle,doubt,dilly,dimly
carle,doubt,bully
carle,doubt,nobly
carle,doubt,oddly
carle,doubt,skulk,skulk
carle,doubt,skulk,skull
carle,doubt,built
carle,doubt,billy
carle,doubt,spilt,stilt
carle,doubt,spilt,spilt
carle,doubt,dolly
carle,doubt,whips,filly
carle,doubt,whips,shyly
carle,doubt,whips,hilly
carle,doubt,whips,willy
carle,doubt,whips,swill
carle,doubt,whips,spill
carle,doubt,whips,silly
carle,doubt,whips,imply
carle,doubt,whips,slyly
carle,doubt,whips,skill
carle,doubt,would
carle,doubt,idyll
carle,doubt,aegis,fully
carle,doubt,aegis,gully
carle,doubt,aegis,quill
carle,doubt,aegis,sully
carle,doubt,guild
carle,doubt,godly
carle,doubt,moult
carle,doubt,still
carle,doubt,hotly
carle,doubt,dully
carle,doubt,guilt,quilt
carle,doubt,guilt,guilt
carle,doubt,knoll
carle,doubt,fowth,lowly
carle,doubt,fowth,folly
carle,doubt,fowth,golly,golly
carle,doubt,fowth,golly,jolly
carle,doubt,fowth,wooly
carle,doubt,fowth,holly
carle,doubt,build
carle,creak,cedar
carle,creak,cream
carle,creak,creak
carle,moths,crash
carle,moths,charm
carle,moths,crack,crank
carle,moths,crack,crack
carle,moths,crack,cigar
carle,moths,crack,crazy
carle,moths,chart
carle,moths,croak
carle,moths,cobra
carle,moths,craft
carle,moths,chair,chard
carle,moths,chair,chair
carle,moths,crass
carle,moths,cramp
carle,angry,relax
carle,angry,renal
carle,angry,pearl
carle,angry,alter
carle,angry,alert
carle,angry,regal
carle,angry,learn
carle,angry,relay
carle,dealt,dealt
carle,dealt,mealy
carle,dealt,exalt
carle,dealt,fella
carle,barge,parse
carle,barge,barge
carle,tiyns,mania
carle,tiyns,tango
carle,tiyns,pasta
carle,tiyns,taunt
carle,tiyns,savoy,savoy
carle,tiyns,savoy,gassy
carle,tiyns,savoy,sappy,sassy
carle,tiyns,savoy,sappy,sappy
carle,tiyns,savoy,savvy
carle,tiyns,pansy,pansy
carle,tiyns,pansy,sandy
carle,tiyns,tasty
carle,tiyns,podge,happy
carle,tiyns,podge,gaudy
carle,tiyns,podge,gawky
carle,tiyns,podge,bawdy
carle,tiyns,podge,baggy
carle,tiyns,podge,daddy
carle,tiyns,podge,jazzy,jazzy
carle,tiyns,podge,jazzy,mammy
carle,tiyns,podge,paddy
carle,tiyns,taint
carle,tiyns,taboo
carle,tiyns,mason
carle,tiyns,fanny,fanny
carle,tiyns,fanny,nanny
carle,tiyns,abaft,fatty
carle,tiyns,abaft,batty
carle,tiyns,abaft,patty
carle,tiyns,hasty,hasty
carle,tiyns,hasty,pasty
carle,tiyns,hasty,patsy
carle,tiyns,waist
carle,tiyns,satin
carle,tiyns,tangy
carle,tiyns,mafia,vapid
carle,tiyns,mafia,maxim
carle,tiyns,mafia,mafia
carle,tiyns,saint
carle,tiyns,gamma,madam
carle,tiyns,gamma,mambo
carle,tiyns,gamma,magma
carle,tiyns,gamma,mamma
carle,tiyns,gamma,gamma
carle,tiyns,gamma,kappa
carle,tiyns,basis
carle,tiyns,faith,patio
carle,tiyns,faith,habit
carle,tiyns,faith,faith
carle,tiyns,fauna
carle,tiyns,dandy,dandy
carle,tiyns,dandy,handy
carle,tiyns,dandy,mangy
carle,tiyns,faint,faint
carle,tiyns,faint,paint
carle,tiyns,dight,jaunt,vaunt
carle,tiyns,dight,jaunt,jaunt
carle,tiyns,dight,haunt
carle,tiyns,dight,daunt
carle,tiyns,dight,gaunt
carle,tiyns,nasty
carle,tiyns,tawny
carle,tiyns,datum,datum
carle,tiyns,datum,gamut
carle,tiyns,sauna
carle,tiyns,banjo,manga
carle,tiyns,banjo,pagan
carle,tiyns,banjo,mango
carle,tiyns,banjo,banjo
carle,tiyns,banjo,wagon
carle,tiyns,bayou,kayak
carle,tiyns,bayou,bayou
carle,tiyns,abaft,tabby
carle,tiyns,abaft,taffy
carle,tiyns,abaft,tatty
carle,tiyns,baton
carle,tiyns,basin
carle,tiyns,daisy
carle,shunt,quack
carle,shunt,sumac
carle,shunt,knack
carle,shunt,snack
carle,shunt,shack
carle,shunt,attic
carle,shunt,scamp,scamp
carle,shunt,scamp,smack
carle,shunt,scant
carle,shunt,whack
carle,shunt,aback
carle,shunt,ascot
carle,shunt,mocha
carle,shunt,scuba
carle,shunt,stack
carle,shunt,antic
carle,raise,raise
carle,raise,range
carle,curse,curve
carle,curse,curse
carle,agree
carle,benet,bevel,bevel
carle,benet,bevel,bezel
carle,benet,steel
carle,benet,divas,vowel
carle,benet,divas,plied
carle,benet,divas,golem
carle,benet,divas,model
carle,benet,divas,pixel
carle,benet,divas,dowel
carle,benet,divas,hovel
carle,benet,divas,impel
carle,benet,divas,spiel
carle,benet,jewel,jewel
carle,benet,jewel,level
carle,benet,elegy
carle,benet,hotel,hotel
carle,benet,hotel,motel
carle,benet,hotel,towel
carle,benet,extol
carle,benet,bowel
carle,benet,liken,lumen
carle,benet,liken,novel
carle,benet,liken,liken
carle,benet,liken,olden
carle,benet,kneel
carle,benet,bless
carle,benet,betel
carle,benet,filet,islet
carle,benet,filet,filet
carle,benet,bleed,bleed
carle,benet,bleed,bleep
carle,benet,inlet
carle,benet,flesh
carle,benet,fleet,sleet
carle,benet,fleet,fleet
carle,benet,helix,devil
carle,benet,helix,leggy
carle,benet,helix,helix
carle,benet,helix,welsh
carle,benet,below
carle,benet,felon,felon
carle,benet,felon,melon
carle,benet,felon,lemon
carle,benet,expel,wheel
carle,benet,expel,expel
carle,benet,expel,sleep
carle,benet,expel,sleek
carle,benet,elbow
carle,benet,libel
carle,benet,slept
carle,benet,blend
carle,benet,elfin
carle,benet,linen
carle,benet,lefty
carle,breds,crier
carle,breds,cheer
carle,breds,cider
carle,breds,creek,crept
carle,breds,creek,creek
carle,breds,creek,creep
carle,breds,cried
carle,breds,credo
carle,breds,cress
carle,breds,creed
carle,breds,cover,cower
carle,breds,cover,cover
carle,breds,crest
carle,breds,cyber
carle,denet,green,green
carle,denet,green,sneer
carle,denet,green,preen
carle,denet,inter
carle,denet,tried
carle,denet,fever,sewer
carle,denet,fever,fewer
carle,denet,fever,sever
carle,denet,fever,refer
carle,denet,fever,fever
carle,denet,furor,wider
carle,denet,furor,pried
carle,denet,furor,fried
carle,denet,furor,ruder
carle,denet,furor,rider
carle,denet,furor,udder
carle,denet,furor,order
carle,denet,furor,odder
carle,denet,furor,rodeo
carle,denet,tenor
carle,denet,metro,retry
carle,denet,metro,metro
carle,denet,metro,retro
carle,denet,defer
carle,denet,enter
carle,denet,exert
carle,denet,reign,reign
carle,denet,reign,resin
carle,denet,entry,stern
carle,denet,entry,entry
carle,denet,dress
carle,denet,greet
carle,denet,their
carle,denet,diver,dryer
carle,denet,diver,drier
carle,denet,diver,diver
carle,denet,diver,dried
carle,denet,ester,ester
carle,denet,ester,ether
carle,denet,ester,steer
carle,denet,outer,voter
carle,denet,outer,tower
carle,denet,outer,truer
carle,denet,outer,other
carle,denet,outer,outer
carle,denet,outer,otter
carle,denet,outer,tuber
carle,denet,outer,utter
carle,denet,outer,tiger,timer
carle,denet,outer,tiger,tiger
carle,denet,every
carle,denet,trend
carle,denet,rivet
carle,denet,ripps,brief,brief
carle,denet,ripps,brief,grief
carle,denet,ripps,skier
carle,denet,ripps,hyper
carle,denet,ripps,riper
carle,denet,ripps,poker,poker
carle,denet,ripps,poker,power
carle,denet,ripps,riser
carle,denet,ripps,river
carle,denet,ripps,super
carle,denet,ripps,miser,miser
carle,denet,ripps,miser,wiser
carle,denet,ripps,fiber,giver
carle,denet,ripps,fiber,fiber
carle,denet,ripps,fiber,fixer
carle,denet,ripps,piper
carle,denet,ripps,womby,buyer
carle,denet,ripps,womby,homer
carle,denet,ripps,womby,boxer
carle,denet,ripps,womby,foyer
carle,denet,ripps,womby,hover,hover
carle,denet,ripps,womby,hover,joker
carle,denet,ripps,womby,offer
carle,denet,ripps,womby,wooer
carle,denet,ripps,womby,mover
carle,denet,ripps,womby,mower
carle,denet,ripps,viper
carle,denet,ripps,sober,sober
carle,denet,ripps,sober,usher
carle,denet,ripps,sober,sower
carle,denet,ripps,advew,rover
carle,denet,ripps,advew,rower
carle,denet,ripps,advew,roger
carle,denet,ripps,poser
carle,denet,ripps,upper
carle,denet,abaft,breed
carle,denet,abaft,freed
carle,denet,abaft,greed
carle,denet,abuse,sheer
carle,denet,abuse,ember
carle,denet,abuse,freer
carle,denet,abuse,queer
carle,denet,demur
carle,denet,renew
carle,denet,femur,rebus
carle,denet,femur,femur
carle,denet,inert
carle,denet,comfy,finer
carle,denet,comfy,miner
carle,denet,comfy,owner
carle,denet,comfy,inner
carle,denet,comfy,goner
carle,denet,reset
carle,denet,ripen,risen
carle,denet,ripen,infer
carle,denet,ripen,ripen
carle,denet,reedy
carle,denet,never,newer
carle,denet,never,never
carle,denet,refit,refit
carle,denet,refit,remit
carle,denet,refit,rebut
carle,denet,diner
carle,denet,under
carle,denet,meter
carle,denet,erupt,erupt
carle,denet,erupt,wrest
carle,denet,erupt,overt
carle,denet,deter
carle,denet,weird
carle,denet,fiery,query
carle,denet,fiery,fiery
carle,denet,fiery,fresh
carle,denet,fiery,sperm
carle,denet,fiery,press
carle,vangs,easel
carle,vangs,bagel
carle,vangs,panel
carle,vangs,label,lapel
carle,vangs,label,label
carle,vangs,label,hazel
carle,vangs,navel
carle,vangs,laden
carle,vangs,gavel
carle,vangs,valet
carle,caper,cater
carle,caper,caper
carle,abets,trace
carle,abets,scare
carle,abets,grace
carle,abets,brace
carle,segno,serve
carle,segno,puree,three
carle,segno,puree,puree
carle,segno,nerve
carle,segno,forte,horde
carle,segno,forte,forte
carle,segno,borne
carle,segno,dirge,purge
carle,segno,dirge,dirge
carle,segno,surge
carle,segno,horse,worse
carle,segno,horse,horse
carle,segno,spree
carle,segno,terse,terse
carle,segno,terse,verse
carle,segno,eerie,verve
carle,segno,eerie,eerie
carle,segno,merge,merge
carle,segno,merge,verge
carle,segno,nurse
carle,segno,purse
carle,segno,forge,gorge
carle,segno,forge,forge
carle,buist,berth
carle,buist,beret
carle,buist,enorm,nerdy
carle,buist,enorm,merry
carle,buist,enorm,ferry
carle,buist,enorm,heron
carle,buist,enorm,error
carle,buist,enorm,jerky,perky
carle,buist,enorm,jerky,jerky
carle,buist,serum
carle,buist,threw
carle,buist,merit
carle,buist,serif,serif
carle,buist,serif,siren
carle,buist,verso
carle,buist,surer
carle,buist,rerun
carle,buist,egret
carle,buist,berry
carle,buist,shrew
carle,buist,derby
carle,buist,purer
carle,loafs,flack
carle,loafs,iliac
carle,loafs,focal
carle,loafs,octal
carle,loafs,slack
carle,loafs,black
carle,loafs,lilac
carle,loafs,vocal
carle,loafs,local
carle,buiks,tulle
carle,buiks,exile,while
carle,buiks,exile,exile
carle,buiks,smile
carle,buiks,boule
carle,buiks,belle
carle,buiks,bugle
carle,buiks,bible
carle,buiks,stole,stole
carle,buiks,stole,style
carle,buiks,whole
carle,buiks,utile
carle,buiks,title
carle,buiks,noble
carle,buiks,guile
carle,tymps,taper
carle,tymps,safer,safer
carle,tymps,safer,saner
carle,tymps,gamer,ramen
carle,tymps,gamer,gamer
carle,tymps,maker
carle,tymps,wager,baker
carle,tymps,wager,raven
carle,tymps,wager,wafer,wafer
carle,tymps,wager,wafer,waver
carle,tymps,wager,gazer
carle,tymps,wager,eager
carle,tymps,wager,wager
carle,tymps,taker
carle,tymps,paper
carle,tymps,awash,hater
carle,tymps,awash,eater
carle,tymps,awash,water
carle,tymps,gayer
carle,tymps,tamer
carle,tymps,payer
carle,ponts,trite,brute
carle,ponts,trite,write
carle,ponts,trite,trite
carle,ponts,probe,probe
carle,ponts,probe,prove
carle,ponts,drone
carle,ponts,spire
carle,ponts,trope
carle,ponts,brine,brine
carle,ponts,brine,urine
carle,ponts,genre
carle,ponts,prone
carle,ponts,shore,swore
carle,ponts,shore,shore
carle,ponts,gripe,gripe
carle,ponts,gripe,rupee
carle,ponts,snore
carle,ponts,spore
carle,ponts,rinse
carle,ponts,admin,prime
carle,ponts,admin,prude
carle,ponts,admin,pride
carle,ponts,admin,prize
carle,ponts,wrote
carle,ponts,prose
carle,ponts,store
carle,ponts,rogue,rouge
carle,ponts,rogue,rogue
carle,ponts,grope
carle,ponts,bedim,where
carle,ponts,bedim,rhyme
carle,ponts,bedim,bribe
carle,ponts,bedim,revue
carle,ponts,bedim,bride
carle,ponts,bedim,fibre
carle,ponts,bedim,ridge
carle,ponts,bedim,drive
carle,ponts,bedim,grime
carle,ponts,rouse
carle,ponts,reuse,reuse
carle,ponts,reuse,shire
carle,ponts,route
carle,ponts,there,tribe
carle,ponts,there,there
carle,ponts,prune
carle,ponts,tripe
carle,ponts,trove
carle,ponts,bovid,erode
carle,ponts,bovid,grove
carle,ponts,bovid,broke
carle,ponts,bovid,drove
carle,ponts,bovid,froze
carle,ponts,bovid,ombre
carle,cheap,cheat
carle,cheap,cheap
carle,camel
carle,aargh,cargo
carle,aargh,carat
carle,aargh,carry
carle,amend,crone
carle,amend,crepe
carle,amend,crime
carle,amend,crude
carle,amend,creme
carle,amend,chore
carle,abash,cause
carle,abash,caste
carle,abash,canoe
carle,abash,cache
carle,acidy,scalp
carle,acidy,scald
carle,acidy,scaly
carle,acnes,clone
carle,acnes,close
carle,acnes,clove
carle,gumps,saute
carle,gumps,haute
carle,gumps,paste
carle,gumps,vague
carle,gumps,badge
carle,gumps,masse
carle,gumps,howbe,haste
carle,gumps,howbe,baste
carle,gumps,howbe,taste
carle,gumps,howbe,waste
carle,gumps,mange
carle,gumps,gaffe
carle,gumps,maize,maybe
carle,gumps,maize,maize
carle,gumps,pause
carle,gumps,gauge,gauge
carle,gumps,gauge,gauze
carle,gumps,mauve
carle,gumps,payee
carle,gumps,naive,naive
carle,gumps,naive,bathe
carle,gumps,naive,waive
carle,denet,begin,begin
carle,denet,begin,being
carle,denet,begin,begun
carle,denet,begin,feign
carle,denet,begin,neigh
carle,denet,denim
carle,denet,fiend,spend
carle,denet,fiend,fiend
carle,denet,fiend,endow
carle,denet,fetid,teddy
carle,denet,fetid,tepid
carle,denet,fetid,fetid
carle,denet,guest,theft
carle,denet,guest,guest
carle,denet,guest,quest
carle,denet,guest,exist
carle,denet,guest,swept
carle,denet,guest,eight
carle,denet,petty,fetus
carle,denet,petty,petty
carle,denet,petty,pesto
carle,denet,petty,jetty
carle,denet,petty,tempo
carle,denet,petty,testy
carle,denet,petty,setup
carle,denet,petty,hefty,hefty
carle,denet,petty,hefty,zesty
carle,denet,thief,totem
carle,denet,thief,thief
carle,denet,steed,tweed
carle,denet,steed,steed
carle,denet,teeth
carle,denet,dozen
carle,denet,kneed
carle,denet,pesky,weigh
carle,denet,pesky,pesky
carle,denet,deity,deity
carle,denet,deity,detox
carle,denet,deity,depth
carle,denet,edify
carle,denet,event
carle,denet,moves,given
carle,denet,moves,vixen
carle,denet,moves,women
carle,denet,moves,nosey
carle,denet,moves,woken
carle,denet,moves,woven
carle,denet,moves,hymen
carle,denet,often,often
carle,denet,often,token
carle,denet,quiet,quiet
carle,denet,quiet,upset
carle,denet,inept,inept
carle,denet,inept,spent
carle,denet,befit,heist
carle,denet,befit,befit
carle,denet,seedy,weedy
carle,denet,seedy,seedy
carle,denet,onset,unset
carle,denet,onset,onset
carle,denet,onset,unmet
carle,denet,beget,beset
carle,denet,beget,beget
carle,denet,semen,semen
carle,denet,semen,seven
carle,denet,shied,bused
carle,denet,shied,spied
carle,denet,shied,shied
carle,denet,shied,video
carle,denet,shied,modem
carle,denet,duvet
carle,denet,needy
carle,denet,enemy
carle,denet,enjoy,envoy
carle,denet,enjoy,eying
carle,denet,enjoy,enjoy
carle,denet,enjoy,eking
carle,denet,enjoy,ebony
carle,denet,tenet
carle,denet,ennui
carle,denet,tenth
carle,denet,deign,demon
carle,denet,deign,deign
carle,denet,debit,debut
carle,denet,debit,debit
carle,denet,debit,depot
carle,denet,queen,queen
carle,denet,queen,sheen
carle,denet,steep
carle,denet,sheet,sheet
carle,denet,sheet,tweet
carle,denet,sheet,sweet
carle,denet,debug
carle,denet,gooey
carle,denet,unfed,unfed
carle,denet,unfed,index
carle,denet,unfed,widen
carle,denet,unfed,unwed
carle,denet,dopey
carle,denet,beefy,geeky
carle,denet,beefy,beefy
carle,denet,ambos,money
carle,denet,ambos,sinew
carle,denet,ambos,boney
carle,denet,ambos,honey
carle,denet,ambos,piney
carle,denet,empty,ethos
carle,denet,empty,empty
carle,denet,empty,piety
carle,denet,equip,poesy
carle,denet,equip,guess
carle,denet,equip,epoxy
carle,denet,equip,sheik
carle,denet,equip,equip
carle,denet,embed,speed
carle,denet,embed,embed
carle,denet,sheep,sheep
carle,denet,sheep,sweep
carle,denet,penny,venom
carle,denet,penny,penny
carle,denet,stein
carle,cable
carle,dript,drape
carle,dript,trade
carle,dript,share,snare
carle,dript,share,aware
carle,dript,share,share
carle,dript,share,azure
carle,dript,irate
carle,dript,afire
carle,dript,spare
carle,dript,avgas,graze
carle,dript,avgas,argue
carle,dript,avgas,grave
carle,dript,avgas,brake,brake
carle,dript,avgas,brake,frame
carle,dript,avgas,erase
carle,dript,avgas,brave
carle,dript,avgas,arose
carle,dript,grade
carle,dript,grate
carle,dript,arise
carle,dript,grape
carle,dript,adore
carle,dript,stare
carle,dript,drake
carle,terra
carle,coral
carle,clerk,cruel
carle,clerk,clerk
carle,early
carle,burly,surly
carle,burly,world
carle,burly,burly
carle,burly,girly
carle,circa
carle,peace,acute
carle,peace,peace
carle,peace,space
carle,aduki,chili
carle,aduki,child
carle,aduki,coyly
carle,aduki,could
carle,aduki,chill
carle,biont,cacti
carle,biont,caddy
carle,biont,cabin
carle,biont,cacao
carle,biont,canon
carle,biont,cabby
carle,biont,canny
carle,biont,catch,catty
carle,biont,catch,catch
carle,biont,caput
carle,biont,candy
carle,abets,scrub
carle,abets,torch
carle,abets,porch
carle,abets,birch
carle,abets,scrum
carle,daiko,frill,frill
carle,daiko,frill,grill
carle,daiko,krill
carle,daiko,truly,truly
carle,daiko,truly,wryly
carle,daiko,troll
carle,daiko,drill
carle,daiko,dryly
carle,daiko,droll
carle,angst,bedim,flake
carle,angst,bedim,blaze
carle,angst,bedim,flame
carle,angst,bedim,blame
carle,angst,bedim,leave
carle,angst,bedim,blade
carle,angst,lease
carle,angst,algae
carle,angst,alone
carle,angst,elate,elate
carle,angst,elate,plate
carle,angst,alike,alive
carle,angst,alike,alike
carle,angst,slate
carle,angst,slave
carle,angst,plane
carle,angst,glade,glaze
carle,angst,glade,glade
carle,suint,sense
carle,suint,gouge,vogue
carle,suint,gouge,gouge
carle,suint,ensue
carle,suint,smite,smite
carle,suint,smite,spite
carle,suint,gnome
carle,suint,issue
carle,suint,bifid,queue
carle,suint,bifid,budge
carle,suint,bifid,fudge
carle,suint,bifid,fugue
carle,suint,bifid,judge
carle,suint,twine
carle,suint,tense
carle,suint,unite
carle,suint,dense,dense
carle,suint,dense,noose
carle,suint,singe
carle,suint,etude
carle,suint,hedge,booze
carle,suint,hedge,wedge
carle,suint,hedge,evoke
carle,suint,hedge,hedge
carle,suint,hedge,dodge
carle,suint,hedge,femme
carle,suint,imbue,imbue
carle,suint,imbue,pique
carle,suint,tithe
carle,suint,noise
carle,suint,ozone,ozone
carle,suint,ozone,penne
carle,suint,ozone,phone
carle,suint,quite
carle,suint,tepee,theme
carle,suint,tepee,tepee
carle,suint,tepee,thyme
carle,suint,opine,opine
carle,suint,opine,whine
carle,suint,opine,ovine
carle,suint,house,mouse
carle,suint,house,house
carle,suint,poise
carle,suint,these,those
carle,suint,these,these
carle,suint,nudge
carle,suint,stone
carle,suint,siege,sieve
carle,suint,siege,siege
carle,suint,white
carle,suint,guide
carle,suint,biome,diode
carle,suint,biome,biome
carle,suint,biome,pixie
carle,suint,biome,midge
carle,suint,biome,movie
carle,suint,oxide
carle,suint,guise
carle,suint,untie
carle,suint,suite
carle,suint,undue,venue
carle,suint,undue,undue
carle,suint,seize,spike
carle,suint,seize,seize
carle,suint,aheap,swine
carle,suint,aheap,spine
carle,suint,aheap,shine
carle,suint,stoke,smote
carle,suint,stoke,stove
carle,suint,stoke,stoke
carle,suint,knife
carle,suint,smoke,shove
carle,suint,smoke,spoke
carle,suint,smoke,smoke
carle,suint,butte,butte
carle,suint,butte,quote
carle,suint,segue
carle,suint,goose,whose
carle,suint,goose,obese
carle,suint,goose,posse
carle,suint,goose,geese
carle,suint,goose,goose
carle,suint,goose,moose
carle,suint,binge,hinge
carle,suint,binge,genie
carle,suint,binge,binge
carle,suint,snide,snide
carle,suint,snide,snipe
carle,suint,shone
carle,carol
carle,biont,bicep
carle,biont,decoy,decoy
carle,biont,decoy,gecko
carle,biont,bench
carle,biont,speck
carle,biont,scent
carle,biont,medic
carle,biont,dicey
carle,biont,ethic
carle,biont,wench
carle,biont,edict,evict
carle,biont,edict,edict
carle,biont,epoch
carle,biont,fetch
carle,biont,eject
carle,biont,octet
carle,biont,beech
carle,stimy,stalk,stall
carle,stimy,stalk,stalk
carle,stimy,koala
carle,stimy,qualm
carle,stimy,apply
carle,stimy,aptly
carle,stimy,voila
carle,stimy,atoll
carle,stimy,shalt
carle,stimy,shall
carle,stimy,small
carle,stimy,villa,villa
carle,stimy,villa,viola
carle,stimy,psalm
carle,stimy,adult
carle,stimy,amply
carle,cleft,clued
carle,cleft,cleft
carle,swept,exult
carle,swept,shelf,shelf
carle,swept,shelf,smell
carle,swept,shelf,shell
carle,swept,knelt
carle,swept,spell
carle,swept,swell
carle,swept,smelt
carle,swept,newly
carle,swept,field,quell
carle,swept,field,yield
carle,swept,field,field
carle,swept,belly,belly
carle,swept,belly,hello
carle,swept,belly,jelly
carle,swept,spelt
carle,swept,wield
carle,swept,dwell
carle,swept,dwelt
carle,swept,whelp
carle,curry,curio
carle,curry,corny
carle,curry,curvy
carle,curry,curry
