rance,clops,mocha
rance,clops,focal,local,local
rance,clops,focal,local,vocal
rance,clops,focal,octal
rance,clops,focal,focal
rance,clops,clash
rance,clops,champ
rance,clops,scuba,scuba
rance,clops,scuba,sumac
rance,clops,coast
rance,clops,cloak
rance,clops,chaff
rance,clops,lilac
rance,clops,cocoa,cocoa
rance,clops,cocoa,comma
rance,clops,class
rance,clops,scald,scald
rance,clops,scald,scaly
rance,clops,chasm
rance,clops,clamp
rance,clops,clasp
rance,clops,iliac
rance,clops,attic
rance,clops,chaos
rance,clops,claim
rance,clops,scamp
rance,clops,scalp
rance,clops,ascot
rance,clops,chalk
rance,balls,label
rance,balls,bagel
rance,balls,lapel
rance,balls,valet
rance,balls,gavel,hazel
rance,balls,gavel,gavel
rance,balls,matey
rance,balls,easel
rance,chout,trick
rance,chout,lurch
rance,chout,brick,prick
rance,chout,brick,brick
rance,chout,truck
rance,chout,crock
rance,chout,porch
rance,chout,torch
rance,chout,frock
rance,chout,birch
rance,chout,crick
rance,aalii,yearn
rance,aalii,anger
rance,aalii,learn
rance,aalii,arena
rance,plast,sugar
rance,plast,trash
rance,plast,aorta,aorta
rance,plast,aorta,triad
rance,plast,solar
rance,plast,straw,stray
rance,plast,straw,straw
rance,plast,artsy
rance,plast,polar
rance,plast,draft,draft
rance,plast,draft,quart
rance,plast,draft,trait
rance,plast,draft,graft
rance,plast,strap
rance,plast,flora
rance,plast,abort
rance,plast,molar,viral
rance,plast,molar,mural
rance,plast,molar,molar
rance,plast,molar,moral
rance,plast,tramp
rance,plast,shard,shark
rance,plast,shard,swarm
rance,plast,shard,shard
rance,plast,brash,brash
rance,plast,brash,grass
rance,plast,brash,brass
rance,plast,trail,trawl
rance,plast,trail,trail
rance,plast,trial
rance,plast,arbor,borax
rance,plast,arbor,aroma
rance,plast,arbor,agora
rance,plast,arbor,ardor,armor
rance,plast,arbor,ardor,ardor
rance,plast,arbor,arrow
rance,plast,arbor,foray
rance,plast,arbor,friar
rance,plast,arbor,briar
rance,plast,arbor,array
rance,plast,arbor,umbra
rance,plast,arbor,broad
rance,plast,arbor,augur
rance,plast,arbor,arbor
rance,plast,arbor,abhor
rance,plast,tiara,tiara
rance,plast,tiara,wrath
rance,plast,stair,stair
rance,plast,stair,stark
rance,plast,alarm,alarm
rance,plast,alarm,flair
rance,plast,bourd,board
rance,plast,bourd,quark
rance,plast,bourd,ovary
rance,plast,bourd,hoard
rance,plast,bourd,braid
rance,plast,bourd,wharf
rance,plast,bourd,fraud
rance,plast,bourd,gravy
rance,plast,bourd,drama
rance,plast,bourd,diary,dwarf
rance,plast,bourd,diary,diary
rance,plast,bourd,award
rance,plast,bourd,guard
rance,plast,bourd,bravo
rance,plast,grasp
rance,plast,sharp,spark
rance,plast,sharp,sharp
rance,plast,spray
rance,plast,graph
rance,plast,smart,smart
rance,plast,smart,start
rance,plast,altar,altar
rance,plast,altar,ultra
rance,plast,apart
rance,plast,algid,grail
rance,plast,algid,brawl
rance,plast,algid,frail
rance,plast,algid,drawl
rance,spilt,balmy,laugh
rance,spilt,balmy,balmy
rance,spilt,tally
rance,spilt,faith
rance,spilt,dogey,magma
rance,spilt,dogey,daddy
rance,spilt,dogey,bawdy
rance,spilt,dogey,bayou
rance,spilt,dogey,madam
rance,spilt,dogey,gamma
rance,spilt,dogey,gaudy
rance,spilt,dogey,mambo
rance,spilt,dogey,mamma
rance,spilt,dogey,baggy
rance,spilt,dogey,kayak
rance,spilt,dogey,gawky
rance,spilt,dogey,jazzy,mammy
rance,spilt,dogey,jazzy,jazzy
rance,spilt,sadly,sadly
rance,spilt,sadly,sally
rance,spilt,gamut
rance,spilt,gassy
rance,spilt,habit
rance,spilt,sappy
rance,spilt,vapid
rance,spilt,palsy
rance,spilt,valid
rance,spilt,salad,salvo
rance,spilt,salad,salad
rance,spilt,salad,salsa
rance,spilt,waist
rance,spilt,savoy,sassy
rance,spilt,savoy,savoy
rance,spilt,savoy,savvy
rance,spilt,daily,daily
rance,spilt,daily,gaily
rance,spilt,basal,lasso
rance,spilt,basal,basal
rance,spilt,fatal,waltz
rance,spilt,fatal,fatal
rance,spilt,patio
rance,spilt,badly,badly
rance,spilt,badly,dally
rance,spilt,badly,madly
rance,spilt,badly,gayly
rance,spilt,basis
rance,spilt,papal
rance,spilt,fault,vault
rance,spilt,fault,fault
rance,spilt,hasty,hasty
rance,spilt,hasty,tasty
rance,spilt,baffy,tabby
rance,spilt,baffy,taffy
rance,spilt,baffy,taboo
rance,spilt,baffy,tatty
rance,spilt,baffy,batty
rance,spilt,baffy,fatty
rance,spilt,baffy,datum
rance,spilt,happy,paddy
rance,spilt,happy,kappa
rance,spilt,happy,happy
rance,spilt,salty
rance,spilt,patty
rance,spilt,pasta,pasty
rance,spilt,pasta,pasta
rance,spilt,pasta,patsy
rance,spilt,daisy
rance,spilt,mafia,mafia
rance,spilt,mafia,maxim
rance,spilt,basil
rance,doubt,rigor
rance,doubt,risky
rance,doubt,rowdy
rance,doubt,rigid
rance,doubt,rugby
rance,doubt,rough
rance,doubt,ruddy
rance,doubt,roomy
rance,doubt,rusty
rance,doubt,roost
rance,doubt,robot
rance,doubt,rotor
rance,doubt,right
rance,doubt,rumor
rance,dance,lance
rance,dance,dance
rance,annex,annex
rance,annex,penal
rance,annex,apnea
rance,rhino,robin
rance,rhino,round
rance,rhino,rhino
rance,timbo,caput,catty
rance,timbo,caput,yacht
rance,timbo,caput,caput
rance,timbo,cabal
rance,timbo,macho
rance,timbo,cacti
rance,timbo,cabby
rance,timbo,tacit
rance,timbo,cavil
rance,timbo,cacao
rance,timbo,tacky
rance,timbo,basic
rance,timbo,havoc
rance,timbo,magic
rance,timbo,macaw
rance,timbo,caddy,caddy
rance,timbo,caddy,wacky
rance,timbo,caddy,caulk
rance,manor
rance,abase,cache
rance,abase,cause
rance,abase,cable
rance,abase,caste
rance,corny,scorn
rance,corny,incur
rance,corny,corny
rance,corny,crown
rance,corny,churn
rance,corny,crony
rance,bhels,quack
rance,bhels,smack,stack
rance,bhels,smack,smack
rance,bhels,aback
rance,bhels,coach
rance,bhels,shack
rance,bhels,black
rance,bhels,whack
rance,bhels,slack
rance,bhels,clack,flack
rance,bhels,clack,clack
rance,dogma,alfas,nanny
rance,dogma,alfas,pansy
rance,dogma,alfas,banal
rance,dogma,alfas,fanny
rance,dogma,alfas,lanky
rance,dogma,tangy
rance,dogma,mania
rance,dogma,dandy
rance,dogma,mangy
rance,dogma,handy,sandy
rance,dogma,handy,handy
rance,dogma,manga
rance,dogma,mango
rance,dogma,manly
rance,dogma,banjo
rance,dogma,tango
rance,canny,candy
rance,canny,canon
rance,canny,canny
rance,canny,canal
rance,canny,manic,panic
rance,canny,manic,manic
rance,lymph,gayer
rance,lymph,maker
rance,lymph,lager,later
rance,lymph,lager,lager
rance,lymph,paper,paper
rance,lymph,paper,taper
rance,lymph,paper,parer
rance,lymph,payer
rance,lymph,early
rance,lymph,twigs,taker
rance,lymph,twigs,eater
rance,lymph,twigs,safer
rance,lymph,twigs,eager,gazer
rance,lymph,twigs,eager,eager
rance,lymph,twigs,baker
rance,lymph,twigs,wafer,wafer
rance,lymph,twigs,wafer,waver
rance,lymph,twigs,wager
rance,lymph,twigs,water
rance,lymph,baler
rance,lymph,earth
rance,lymph,layer
rance,lymph,harem
rance,lymph,paler
rance,lymph,hater
rance,lymph,gamer,tamer
rance,lymph,gamer,gamer
rance,extol,oaken
rance,extol,haven
rance,extol,waxen
rance,extol,eaten
rance,extol,navel
rance,extol,laden
rance,extol,taken
rance,knack,knack
rance,knack,snack
rance,polts,warty
rance,polts,vapor
rance,polts,larva
rance,polts,major,favor
rance,polts,major,mayor
rance,polts,major,major
rance,polts,tardy
rance,polts,tapir
rance,polts,harsh,marsh
rance,polts,harsh,harsh
rance,polts,parka,parka
rance,polts,parka,parry
rance,polts,tarot
rance,polts,hardy,hairy
rance,polts,hardy,harry
rance,polts,hardy,marry
rance,polts,hardy,dairy
rance,polts,hardy,fairy
rance,polts,hardy,karma
rance,polts,hardy,hardy
rance,polts,satyr
rance,polts,party
rance,polts,labor
rance,polts,savor
rance,polts,valor
rance,polts,harpy
rance,bacon,bacon
rance,bacon,cabin
rance,rocky
rance,geums,route
rance,geums,ridge
rance,geums,rhyme
rance,geums,revue
rance,geums,rouge
rance,geums,rupee
rance,geums,rogue
rance,geums,rifle
rance,geums,reuse
rance,geums,rouse
rance,allot,zonal
rance,allot,aunty
rance,allot,tonga
rance,allot,gonad
rance,allot,tonal
rance,allot,annul
rance,allot,ninja
rance,allot,annoy
rance,allot,junta
rance,allot,final
rance,march
rance,retch
rance,bench,bench
rance,bench,wench
rance,stalk,algae,algae
rance,stalk,algae,alive
rance,stalk,abide,abide
rance,stalk,abide,above
rance,stalk,abide,abode
rance,stalk,abide,adobe
rance,stalk,stake
rance,stalk,dumps,shave
rance,stalk,dumps,shape
rance,stalk,dumps,shade
rance,stalk,dumps,shame
rance,stalk,dumps,spade
rance,stalk,dumps,suave
rance,stalk,awake,awake
rance,stalk,awake,quake
rance,stalk,adage,evade
rance,stalk,adage,amaze
rance,stalk,adage,heave,heave
rance,stalk,adage,heave,weave
rance,stalk,adage,adage
rance,stalk,adage,image
rance,stalk,adage,agape
rance,stalk,skate
rance,stalk,aisle
rance,stalk,ample,ample
rance,stalk,ample,apple
rance,stalk,ample,agile
rance,stalk,ample,amble
rance,stalk,bedim,blade
rance,stalk,bedim,flame
rance,stalk,bedim,glaze
rance,stalk,bedim,blaze
rance,stalk,bedim,glade
rance,stalk,bedim,blame
rance,stalk,bedim,leave
rance,stalk,alike
rance,stalk,awoke
rance,stalk,slave
rance,stalk,agate,state
rance,stalk,agate,stage
rance,stalk,agate,stave
rance,stalk,tease
rance,stalk,whale
rance,stalk,elate,elate
rance,stalk,elate,plate
rance,stalk,shake
rance,stalk,abuse,aside
rance,stalk,abuse,amuse
rance,stalk,abuse,abuse
rance,stalk,shale
rance,stalk,abate,abate
rance,stalk,abate,agate
rance,stalk,abate,ovate
rance,stalk,lease
rance,stalk,flake
rance,stalk,abase,abase
rance,stalk,abase,phase
rance,stalk,abase,usage
rance,stalk,slate
rance,stalk,stale
rance,sloth,hoist
rance,sloth,booty
rance,sloth,flimp,joist
rance,sloth,flimp,joust
rance,sloth,flimp,moist
rance,sloth,flimp,foist
rance,sloth,flimp,posit
rance,sloth,ghoul
rance,sloth,batik,ditty,ditty
rance,sloth,batik,ditty,witty
rance,sloth,batik,kitty
rance,sloth,batik,bitty
rance,sloth,batik,putty
rance,sloth,batik,fifty
rance,sloth,shoot,shout
rance,sloth,shoot,shoot
rance,sloth,ghost
rance,sloth,gusto
rance,sloth,shook,showy
rance,sloth,shook,shook
rance,sloth,lupus
rance,sloth,spilt,spilt
rance,sloth,spilt,stilt
rance,sloth,spilt,split
rance,sloth,spilt,still
rance,sloth,lofty
rance,sloth,spiky,squib
rance,sloth,spiky,skiff
rance,sloth,spiky,skimp
rance,sloth,spiky,spiky
rance,sloth,spiky,sissy
rance,sloth,slush
rance,sloth,stoop,stoop
rance,sloth,stoop,stout
rance,sloth,stoop,stomp
rance,sloth,stoop,stood
rance,sloth,stoop,spout
rance,sloth,bight,built
rance,sloth,bight,quilt
rance,sloth,bight,tulip
rance,sloth,bight,limit
rance,sloth,bight,guilt
rance,sloth,bisks,fishy
rance,sloth,bisks,humus
rance,sloth,bisks,hussy
rance,sloth,bisks,bushy
rance,sloth,bisks,whisk
rance,sloth,bisks,husky
rance,sloth,bisks,mushy,mushy
rance,sloth,bisks,mushy,pushy
rance,sloth,whoop
rance,sloth,tough
rance,sloth,sixty
rance,sloth,billy,build
rance,sloth,billy,filmy,filmy
rance,sloth,billy,filmy,milky
rance,sloth,billy,pupil
rance,sloth,billy,guild
rance,sloth,billy,bulky
rance,sloth,billy,imply
rance,sloth,billy,quill
rance,sloth,billy,idyll
rance,sloth,billy,lumpy
rance,sloth,billy,pulpy
rance,sloth,billy,adage,gully
rance,sloth,billy,adage,dully
rance,sloth,billy,adage,fully
rance,sloth,billy,lipid,vigil
rance,sloth,billy,lipid,lipid
rance,sloth,billy,lipid,livid
rance,sloth,billy,bully
rance,sloth,billy,dimly
rance,sloth,billy,billy
rance,sloth,billy,adaws,willy
rance,sloth,billy,adaws,dilly
rance,sloth,billy,adaws,filly
rance,sloth,south
rance,sloth,midst,tipsy
rance,sloth,midst,twist
rance,sloth,midst,visit
rance,sloth,midst,midst
rance,sloth,digit,twixt
rance,sloth,digit,digit
rance,sloth,digit,timid
rance,sloth,booth,quoth
rance,sloth,booth,tooth
rance,sloth,booth,booth
rance,sloth,humph
rance,sloth,adage,gusty
rance,sloth,adage,musty
rance,sloth,adage,dusty
rance,sloth,hippy,hippy
rance,sloth,hippy,humid
rance,sloth,hippy,whiff
rance,sloth,abaft,plush
rance,sloth,abaft,flush
rance,sloth,abaft,blush
rance,sloth,mouth,mouth
rance,sloth,mouth,youth
rance,sloth,bodge,opium
rance,sloth,bodge,buxom
rance,sloth,bodge,gumbo
rance,sloth,bodge,jumbo
rance,sloth,bodge,dodgy
rance,sloth,bodge,poppy
rance,sloth,bodge,widow
rance,sloth,bodge,bobby
rance,sloth,bodge,dowdy
rance,sloth,bodge,foggy
rance,sloth,bodge,idiom
rance,sloth,shift,sight
rance,sloth,shift,shift
rance,sloth,solid
rance,sloth,sloth
rance,sloth,photo
rance,sloth,soggy
rance,sloth,blitz
rance,sloth,stool
rance,sloth,light
rance,sloth,lymph
rance,sloth,shyly
rance,sloth,missy,missy
rance,sloth,missy,fussy
rance,sloth,missy,gipsy
rance,sloth,missy,dusky
rance,sloth,missy,musky
rance,sloth,missy,gypsy
rance,sloth,missy,wispy
rance,sloth,sloop
rance,sloth,blood,gloom
rance,sloth,blood,flood
rance,sloth,blood,blood
rance,sloth,blood,bloom
rance,sloth,sooth
rance,sloth,pulik,swill
rance,sloth,pulik,skill
rance,sloth,pulik,sully
rance,sloth,pulik,spill
rance,sloth,pulik,skull
rance,sloth,pulik,silly
rance,sloth,pulik,skulk
rance,sloth,pulik,sulky
rance,sloth,pulik,silky
rance,sloth,gawds,woody
rance,sloth,gawds,goody
rance,sloth,gawds,ovoid
rance,sloth,gawds,booby,boozy
rance,sloth,gawds,booby,booby
rance,sloth,gawds,goofy
rance,sloth,gawds,moody
rance,sloth,gawds,woozy
rance,sloth,godly,limbo
rance,sloth,godly,golly
rance,sloth,godly,folio
rance,sloth,godly,mogul
rance,sloth,godly,moldy
rance,sloth,godly,folly,folly
rance,sloth,godly,folly,lowly
rance,sloth,godly,folly,jolly
rance,sloth,godly,oddly
rance,sloth,godly,igloo
rance,sloth,godly,lobby
rance,sloth,godly,dolly
rance,sloth,godly,would
rance,sloth,godly,polyp
rance,sloth,godly,godly
rance,sloth,floss,gloss
rance,sloth,floss,floss
rance,sloth,lousy
rance,sloth,sixth,sixth
rance,sloth,sixth,smith
rance,sloth,admit,stuff
rance,sloth,admit,stump
rance,sloth,admit,swift
rance,sloth,admit,study
rance,sloth,admit,stiff
rance,sloth,bough,bough
rance,sloth,bough,dough
rance,sloth,sooty
rance,sloth,slosh
rance,sloth,kiosk
rance,sloth,filth
rance,sloth,thigh
rance,sloth,hobby,hippo
rance,sloth,hobby,hobby
rance,sloth,hobby,howdy
rance,sloth,shush,shush
rance,sloth,shush,swish
rance,sloth,flout
rance,sloth,ought
rance,sloth,bosom,bossy
rance,sloth,bosom,mossy
rance,sloth,bosom,bosom
rance,sloth,thump,thump
rance,sloth,thump,pithy
rance,sloth,thump,thumb
rance,sloth,thump,tight
rance,sloth,thump,might
rance,sloth,thump,fight,fight
rance,sloth,thump,fight,wight
rance,sloth,loopy,wooly
rance,sloth,loopy,loopy
rance,sloth,hilly
rance,sloth,ditto,pouty
rance,sloth,ditto,motto
rance,sloth,ditto,ditto
rance,sloth,fifth,fifth
rance,sloth,fifth,width
rance,sloth,blimp,plump
rance,sloth,blimp,plumb
rance,sloth,blimp,fluid
rance,sloth,blimp,fluff
rance,sloth,blimp,bluff
rance,sloth,blimp,blimp
rance,sloth,spoil,spool
rance,sloth,spoil,spoil
rance,sloth,bliss
rance,sloth,hotly
rance,sloth,boost
rance,sloth,pudgy,fuzzy,mummy
rance,sloth,pudgy,fuzzy,fuzzy
rance,sloth,pudgy,buddy,buddy
rance,sloth,pudgy,buddy,muddy
rance,sloth,pudgy,wimpy
rance,sloth,pudgy,giddy
rance,sloth,pudgy,pudgy
rance,sloth,pudgy,jumpy
rance,sloth,pudgy,buggy
rance,sloth,pudgy,dizzy
rance,sloth,pudgy,pygmy
rance,sloth,pudgy,guppy
rance,sloth,pudgy,dummy
rance,sloth,pudgy,gummy
rance,sloth,pudgy,dumpy
rance,sloth,pudgy,piggy
rance,sloth,pudgy,vivid
rance,sloth,pudgy,puffy,puffy
rance,sloth,pudgy,puffy,puppy
rance,sloth,pudgy,biddy
rance,sloth,pudgy,fizzy,fizzy
rance,sloth,pudgy,fizzy,jiffy
rance,sloth,holly
rance,sloth,slimy,slimy
rance,sloth,slimy,slump
rance,sloth,slimy,slyly
rance,sloth,sushi
rance,sloth,doubt,toddy
rance,sloth,doubt,vomit
rance,sloth,doubt,outdo
rance,sloth,doubt,doubt
rance,sloth,doubt,bigot
rance,sloth,doubt,idiot
rance,sloth,doubt,motif
rance,sloth,doubt,pivot
rance,sloth,doubt,outgo
rance,sloth,lusty
rance,sloth,spoof,smoky
rance,sloth,spoof,swoop
rance,sloth,spoof,spoof
rance,sloth,spoof,spook
rance,sloth,glyph
rance,sloth,moult,pilot
rance,sloth,moult,moult
rance,budis,singe
rance,budis,genie
rance,budis,binge
rance,budis,venue
rance,budis,penne
rance,budis,dense
rance,budis,hinge
rance,budis,sense,sense
rance,budis,sense,tense
rance,budis,lunge
rance,hylas,rehab
rance,hylas,ready
rance,hylas,regal
rance,hylas,realm
rance,hylas,rebar
rance,hylas,relay
rance,hylas,repay
rance,hylas,rearm
rance,hylas,relax
rance,cease,chafe
rance,cease,cease
rance,cease,scale
rance,cease,acute
rance,cease,chase
rance,fancy
rance,rainy,rayon
rance,rainy,rainy
rance,clone,scene
rance,clone,uncle
rance,clone,scone
rance,clone,niche
rance,clone,clone
rance,creak,clear
rance,creak,cream
rance,creak,cedar
rance,creak,creak
rance,caper,caper
rance,caper,cater
rance,carve
rance,snare
rance,crane
rance,muils,cliff
rance,muils,ficus
rance,muils,stoic
rance,muils,lucky
rance,muils,optic,picky
rance,muils,optic,itchy
rance,muils,optic,optic
rance,muils,optic,toxic
rance,muils,optic,civic
rance,muils,optic,topic
rance,muils,comfy
rance,muils,cubic,cubic
rance,muils,cubic,pubic
rance,muils,mucky
rance,muils,cough
rance,muils,coyly
rance,muils,mimic
rance,muils,scoff,scoff
rance,muils,scoff,scoop
rance,muils,cloud,cloud
rance,muils,cloud,clout
rance,muils,scold
rance,muils,scout
rance,muils,mucus
rance,muils,locus
rance,muils,lucid
rance,muils,music
rance,muils,aidoi,chill
rance,muils,aidoi,child
rance,muils,aidoi,chili
rance,muils,aidoi,icily
rance,muils,could
rance,muils,cloth
rance,muils,chump
rance,muils,focus
rance,muils,civil,civil
rance,muils,civil,logic
rance,muils,clump
rance,muils,climb
rance,muils,scowl
rance,muils,duchy
rance,muils,comic
rance,peace,peace
rance,peace,space
rance,peace,place
rance,niece
rance,price,force
rance,price,truce
rance,price,trice
rance,price,price
rance,smelt,decaf,alley
rance,smelt,decaf,leaky
rance,smelt,decaf,pedal
rance,smelt,decaf,abled
rance,smelt,decaf,legal
rance,smelt,decaf,delay
rance,smelt,decaf,equal
rance,smelt,decaf,leafy
rance,smelt,media
rance,smelt,adept,wheat
rance,smelt,adept,adept
rance,smelt,abaft,yeast
rance,smelt,abaft,feast
rance,smelt,abaft,beast
rance,smelt,abaft,asset
rance,smelt,mealy
rance,smelt,steal
rance,smelt,beady,heavy
rance,smelt,beady,abbey
rance,smelt,beady,heady
rance,smelt,beady,kebab
rance,smelt,beady,beady
rance,smelt,least
rance,smelt,speak
rance,smelt,ahead
rance,smelt,medal
rance,smelt,sepia
rance,smelt,gleam
rance,smelt,omega
rance,smelt,dealt,exalt
rance,smelt,dealt,dealt
rance,smelt,meaty
rance,smelt,metal
rance,smelt,death,death
rance,smelt,death,heath
rance,smelt,leapt
rance,smelt,leash
rance,smelt,fella
rance,smelt,sweat
rance,smelt,stead,stead
rance,smelt,stead,steak
rance,smelt,email
rance,smelt,theta,tweak
rance,smelt,theta,theta
rance,smelt,askew,essay
rance,smelt,askew,askew
rance,smelt,bleat,bleat
rance,smelt,bleat,pleat
rance,smelt,fetal,delta
rance,smelt,fetal,fetal
rance,smelt,fetal,petal
rance,smelt,bleak,plead
rance,smelt,bleak,ideal
rance,smelt,bleak,bleak
rance,smelt,steam
rance,smelt,begat
rance,smolt,album,album
rance,smolt,album,llama
rance,smolt,blast
rance,smolt,adult
rance,smolt,sigma,swamp
rance,smolt,sigma,sigma
rance,smolt,sigma,swami
rance,smolt,sigma,spasm
rance,smolt,tidal,tubal
rance,smolt,tidal,vital
rance,smolt,tidal,tidal
rance,smolt,shaft,squat
rance,smolt,shaft,shaft
rance,smolt,stamp
rance,smolt,today,today
rance,smolt,today,topaz
rance,smolt,awash,quasi
rance,smolt,awash,awash
rance,smolt,awash,quash
rance,smolt,awash,assay
rance,smolt,awash,abyss
rance,smolt,adapt,await
rance,smolt,adapt,audit
rance,smolt,adapt,adapt
rance,smolt,allot
rance,smolt,shall
rance,smolt,boast,toast
rance,smolt,boast,boast
rance,smolt,koala,voila
rance,smolt,koala,koala
rance,smolt,soapy
rance,smolt,allay,bylaw
rance,smolt,allay,avail
rance,smolt,allay,alpha
rance,smolt,allay,flail
rance,smolt,allay,plaza
rance,smolt,allay,flaky
rance,smolt,allay,allay
rance,smolt,allay,alibi
rance,smolt,allay,axial
rance,smolt,allay,quail
rance,smolt,allay,awful
rance,smolt,allay,plaid
rance,smolt,allay,pupal
rance,smolt,amity
rance,smolt,shady,squad
rance,smolt,shady,shaky
rance,smolt,shady,shady
rance,smolt,shady,swash
rance,smolt,splat
rance,smolt,dogma,dogma
rance,smolt,dogma,foamy
rance,smolt,dogma,axiom
rance,smolt,admit
rance,smolt,loath,total
rance,smolt,loath,loath
rance,smolt,shoal
rance,smolt,abaft,afoot
rance,smolt,abaft,about
rance,smolt,abaft,adopt
rance,smolt,amass,amass
rance,smolt,amass,amiss
rance,smolt,vista
rance,smolt,qualm
rance,smolt,atoll
rance,smolt,audio,audio
rance,smolt,audio,vodka
rance,smolt,viola
rance,smolt,avoid
rance,smolt,afoul,afoul
rance,smolt,afoul,aloof
rance,smolt,afoul,aloud
rance,smolt,abaft,gloat
rance,smolt,abaft,float
rance,smolt,abaft,bloat
rance,smolt,abaft,aloft
rance,smolt,tibia
rance,smolt,shawl,slash
rance,smolt,shawl,shawl
rance,smolt,aphid,khaki
rance,smolt,aphid,guava
rance,smolt,aphid,aphid
rance,smolt,aphid,affix
rance,smolt,aphid,pizza
rance,smolt,stalk,stalk
rance,smolt,stalk,stall
rance,smolt,small
rance,smolt,amply
rance,smolt,allow,polka
rance,smolt,allow,allow
rance,smolt,allow,loyal
rance,smolt,allow,offal
rance,smolt,allow,alloy
rance,smolt,allow,aglow
rance,smolt,airth,stash
rance,smolt,airth,staff
rance,smolt,airth,swath
rance,smolt,airth,staid
rance,smolt,loamy,modal
rance,smolt,loamy,loamy
rance,smolt,psalm
rance,smolt,quota
rance,smolt,shalt
rance,smolt,plait
rance,smolt,smash
rance,smolt,flash,glass
rance,smolt,flash,flash
rance,smolt,flash,usual
rance,smolt,flash,flask
rance,smolt,abbot
rance,smolt,aptly
rance,smolt,apply,villa
rance,smolt,apply,apply
rance,defis,since
rance,defis,dunce
rance,defis,fence
rance,defis,hence,hence
rance,defis,hence,pence
rance,defis,ounce
rance,defis,mince,mince
rance,defis,mince,wince
rance,toing,bring,bring
rance,toing,bring,wring
rance,toing,snort
rance,toing,trunk
rance,toing,brink,drink
rance,toing,brink,briny
rance,toing,brink,brink
rance,toing,brunt,brunt
rance,toing,brunt,burnt
rance,toing,north
rance,toing,grunt
rance,toing,frond
rance,toing,spurn
rance,toing,prong,wrong
rance,toing,prong,prong
rance,toing,grown
rance,toing,horny
rance,toing,groin
rance,toing,grind
rance,toing,bawds,shorn
rance,toing,bawds,frown
rance,toing,bawds,drown
rance,toing,bawds,brown
rance,toing,bawds,sworn
rance,toing,thorn
rance,toing,print
rance,toing,moron,moron
rance,toing,moron,mourn
rance,toing,intro
rance,toing,wrung
rance,toing,drunk
rance,toing,irony
rance,toing,front
rance,coven,scent
rance,coven,coven
rance,coups,piece
rance,coups,voice
rance,coups,deuce
rance,coups,twice
rance,coups,slice
rance,coups,juice
rance,coups,spice
rance,hoist,undid,unzip
rance,hoist,undid,undid
rance,hoist,snoop,snoop
rance,hoist,snoop,spoon
rance,hoist,snoop,swoon
rance,hoist,snoop,snowy
rance,hoist,bison
rance,hoist,joint,point
rance,hoist,joint,joint
rance,hoist,flint,glint
rance,hoist,flint,flint
rance,hoist,blond,blond
rance,hoist,blond,flown
rance,hoist,blond,known
rance,hoist,blond,nylon
rance,hoist,blond,blown
rance,hoist,blond,knoll
rance,hoist,nymph
rance,hoist,shiny
rance,hoist,blunt
rance,hoist,shown
rance,hoist,thing,thing
rance,hoist,thing,think
rance,hoist,inbox
rance,hoist,nutty
rance,hoist,bulgy,sling
rance,hoist,bulgy,suing
rance,hoist,bulgy,using
rance,hoist,bulgy,sniff
rance,hoist,bulgy,swing
rance,hoist,bulgy,slink
rance,hoist,bulgy,spiny
rance,hoist,snout
rance,hoist,login
rance,hoist,bumpy,nobly
rance,hoist,bumpy,young
rance,hoist,bumpy,pound
rance,hoist,bumpy,found,wound
rance,hoist,bumpy,found,found
rance,hoist,bumpy,downy
rance,hoist,bumpy,bound
rance,hoist,bumpy,mound
rance,hoist,blind,blink
rance,hoist,blind,vying
rance,hoist,blind,fling
rance,hoist,blind,unify
rance,hoist,blind,dying
rance,hoist,blind,lying
rance,hoist,blind,blind
rance,hoist,tying,unity
rance,hoist,tying,tying
rance,hoist,unfit,unfit
rance,hoist,unfit,input
rance,hoist,unfit,unlit
rance,hoist,onion,onion
rance,hoist,onion,owing
rance,hoist,onion,union
rance,hoist,noisy
rance,hoist,ingot
rance,hoist,until
rance,hoist,stunt
rance,hoist,stung,stung
rance,hoist,stung,stunk
rance,hoist,shunt
rance,hoist,doing,doing
rance,hoist,doing,going
rance,hoist,stint
rance,hoist,night
rance,hoist,phony
rance,hoist,flung,flunk
rance,hoist,flung,plunk
rance,hoist,flung,flung
rance,hoist,plank,slung
rance,hoist,plank,slunk
rance,hoist,plank,skunk
rance,hoist,plank,snuff
rance,hoist,plank,spunk
rance,hoist,plank,swung
rance,hoist,sound
rance,hoist,mount
rance,hoist,toxin
rance,hoist,stony
rance,hoist,hound
rance,hoist,whiny
rance,hoist,thong
rance,hoist,sting,stink
rance,hoist,sting,sting
rance,feted,erupt,their
rance,feted,erupt,erupt
rance,feted,erupt,wrest
rance,feted,erupt,overt
rance,feted,leery
rance,feted,fried
rance,feted,berth,merit
rance,feted,berth,berth
rance,feted,bough,tuber
rance,feted,bough,truer
rance,feted,bough,threw
rance,feted,bough,other
rance,feted,bough,tiger
rance,feted,bough,timer
rance,feted,bough,tower
rance,feted,serif
rance,feted,deter
rance,feted,brief,grief
rance,feted,brief,offer
rance,feted,brief,brief
rance,feted,dress
rance,feted,defer
rance,feted,press,error
rance,feted,press,sperm
rance,feted,press,query
rance,feted,press,press
rance,feted,fever,fever
rance,feted,fever,fewer
rance,feted,queer,ember
rance,feted,queer,queer
rance,feted,queer,sheer
rance,feted,tried
rance,feted,dildo,idler
rance,feted,dildo,diver
rance,feted,dildo,odder
rance,feted,dildo,dryer
rance,feted,dildo,order
rance,feted,dildo,older
rance,feted,dildo,udder
rance,feted,dildo,wider
rance,feted,dildo,drier
rance,feted,every
rance,feted,freer
rance,feted,metro
rance,feted,ester
rance,feted,freed
rance,feted,beret
rance,feted,breed,breed
rance,feted,breed,greed
rance,feted,bumpy,merry
rance,feted,bumpy,peril
rance,feted,bumpy,berry
rance,feted,bumpy,jerky
rance,feted,bumpy,verso
rance,feted,bumpy,serum
rance,feted,bumpy,lemur
rance,feted,bumpy,perky
rance,feted,exert
rance,feted,egret,steer
rance,feted,egret,ether
rance,feted,egret,greet
rance,feted,egret,egret
rance,feted,otter,otter
rance,feted,otter,utter
rance,feted,otter,outer
rance,feted,otter,voter
rance,feted,dried,pried
rance,feted,dried,dried
rance,feted,femur,femur
rance,feted,femur,ferry
rance,feted,alibi,filer
rance,feted,alibi,fiber
rance,feted,alibi,fixer
rance,feted,alibi,foyer
rance,feted,alibi,flyer
rance,feted,alibi,flier
rance,feted,demur,demur
rance,feted,demur,derby
rance,feted,meter
rance,feted,lever,leper
rance,feted,lever,lever
rance,feted,lever,sever
rance,feted,lever,sewer
rance,feted,spoil,piper,piper
rance,feted,spoil,piper,viper
rance,feted,spoil,usher
rance,feted,spoil,bluer
rance,feted,spoil,lover,lover
rance,feted,spoil,lover,lower
rance,feted,spoil,miser,wiser
rance,feted,spoil,miser,miser
rance,feted,spoil,skier
rance,feted,spoil,super
rance,feted,spoil,upper
rance,feted,spoil,sober,sower
rance,feted,spoil,sober,sober
rance,feted,spoil,hyper,hyper
rance,feted,spoil,hyper,purer
rance,feted,spoil,liver
rance,feted,spoil,mikva,mower
rance,feted,spoil,mikva,mover
rance,feted,spoil,mikva,hover
rance,feted,spoil,mikva,boxer
rance,feted,spoil,mikva,joker
rance,feted,spoil,mikva,homer
rance,feted,spoil,wooer
rance,feted,spoil,shrew,surer
rance,feted,spoil,shrew,shrew
rance,feted,spoil,buyer
rance,feted,spoil,giver
rance,feted,spoil,plier
rance,feted,spoil,poser
rance,feted,spoil,gruel
rance,feted,spoil,poker,power
rance,feted,spoil,poker,poker
rance,feted,spoil,loser
rance,feted,weird
rance,feted,elder
rance,feted,fiery,fresh
rance,feted,fiery,fiery
rance,avast,craze
rance,avast,scare
rance,avast,crave
rance,avast,crate
rance,blest,welch
rance,blest,elect
rance,blest,eject
rance,blest,speck
rance,blest,epoch
rance,blest,edict,edict
rance,blest,edict,evict
rance,blest,fleck
rance,blest,beech
rance,blest,leech
rance,blest,check
rance,blest,fetch
rance,blest,belch
rance,dreer,creed
rance,dreer,crier
rance,dreer,cheer
rance,dreer,decry
rance,dreer,clerk
rance,dreer,cider
rance,dreer,crept,crest
rance,dreer,crept,crept
rance,dreer,crept,cress
rance,dreer,creek,creek
rance,dreer,creek,creep
rance,dreer,credo
rance,dreer,cover,cyber
rance,dreer,cover,cover
rance,dreer,cover,ulcer
rance,dreer,cover,cower
rance,dreer,decor
rance,dreer,cried
rance,dreer,cruel
rance,dreer,screw
rance,dreer,corer
rance,enact
rance,nicer
rance,range
rance,lunar,sonar
rance,lunar,lunar
rance,glits,slain
rance,glits,slant
rance,glits,gland
rance,glits,agony,agony
rance,glits,agony,among
rance,glits,gnash
rance,glits,stain
rance,glits,align
rance,glits,shank,spank
rance,glits,shank,shank
rance,glits,shank,spawn
rance,glits,shank,snaky
rance,glits,again
rance,glits,stand,stand
rance,glits,stand,stank
rance,glits,along
rance,glits,angst
rance,glits,avian,avian
rance,glits,avian,axion
rance,glits,twang
rance,glits,plant
rance,glits,titan
rance,glits,slang
rance,glits,admin,admin
rance,glits,admin,piano
rance,glits,snail
rance,glits,bifid,bland
rance,glits,bifid,flank
rance,glits,bifid,plank
rance,glits,bifid,blank
rance,glits,human,human
rance,glits,human,nomad
rance,glits,human,woman
rance,glits,aging,aping
rance,glits,aging,aging
rance,glits,thank
rance,glits,giant
rance,glits,anvil,anvil
rance,glits,anvil,inlay
rance,glits,plain
rance,rinse
rance,mopus,chord,crook
rance,mopus,chord,choir
rance,mopus,chord,crowd
rance,mopus,chord,chord
rance,mopus,chirp,crypt
rance,mopus,chirp,chirp
rance,mopus,alarm,curry
rance,mopus,alarm,curvy
rance,mopus,alarm,curly
rance,mopus,color
rance,mopus,court
rance,mopus,cross
rance,mopus,crump
rance,mopus,crumb
rance,mopus,scrum
rance,mopus,scrub
rance,mopus,scour
rance,mopus,lyric
rance,mopus,crimp
rance,mopus,crush,crush
rance,mopus,crush,crust
rance,mopus,croup
rance,mopus,micro
rance,mopus,crisp
rance,mopus,occur
rance,mopus,curio
rance,grids,argue
rance,grids,arise
rance,grids,afire
rance,grids,adore
rance,grids,blare,flare
rance,grids,blare,blare
rance,grids,blare,aware
rance,grids,blare,azure
rance,grids,brake,frame
rance,grids,brake,brave
rance,grids,brake,brake
rance,grids,grade
rance,grids,agree
rance,grids,drake,drake
rance,grids,drake,drape
rance,grids,glare
rance,grids,trade
rance,grids,irate
rance,grids,arose,arose
rance,grids,arose,erase
rance,grids,pivot,grape
rance,grids,pivot,grave
rance,grids,pivot,graze
rance,grids,pivot,grate
rance,grids,adapt,spare
rance,grids,adapt,stare
rance,grids,adapt,share
rance,saner
rance,filed,goner,owner
rance,filed,goner,goner
rance,filed,tenor
rance,filed,finer
rance,filed,liner
rance,filed,miner
rance,filed,diner
rance,filed,inner
rance,aleft,eclat
rance,aleft,decal
rance,aleft,decay
rance,aleft,cheap
rance,aleft,cleat
rance,aleft,fecal
rance,aleft,cheat
rance,ramen,ramen
rance,ramen,raven
rance,phons,opine
rance,phons,shone
rance,phons,stone
rance,phons,snipe
rance,phons,gnome
rance,phons,ozone
rance,phons,knife,knife
rance,phons,knife,untie
rance,phons,knife,nudge
rance,phons,knife,unite
rance,phons,knife,undue
rance,phons,phone
rance,phons,twine
rance,phons,shine
rance,phons,noble
rance,phons,noise
rance,phons,spine
rance,phons,swine
rance,phons,noose
rance,phons,ensue,snide
rance,phons,ensue,ensue
rance,phons,ovine
rance,phons,whine
rance,limey,piney
rance,limey,money
rance,limey,tenet
rance,limey,venom
rance,limey,tenth
rance,limey,sinew
rance,limey,linen
rance,limey,boney,honey
rance,limey,boney,boney
rance,limey,penny
rance,limey,ennui
rance,limey,denim
rance,recap
rance,klong,snake
rance,klong,knave
rance,klong,plane
rance,klong,alone
rance,klong,ankle
rance,klong,inane
rance,klong,atone
rance,klong,angle
rance,klong,anode
rance,klong,anime
rance,racer
rance,clang,clank
rance,clang,clang
rance,clang,chant
rance,clang,china
rance,clang,chain
rance,clang,antic
rance,clang,scant
rance,randy
rance,doilt,cheek,chess
rance,doilt,cheek,cheek
rance,doilt,clued
rance,doilt,covey
rance,doilt,octet
rance,doilt,cleft
rance,doilt,chief
rance,doilt,ethic
rance,doilt,dicey
rance,doilt,chest
rance,doilt,excel
rance,doilt,decoy
rance,doilt,comet,comet
rance,doilt,comet,covet
rance,doilt,medic
rance,doilt,gecko
rance,doilt,cello
rance,doilt,bicep
rance,clean,clean
rance,clean,ocean
rance,clean,pecan
rance,pyoid,radar
rance,pyoid,ratio
rance,pyoid,rabbi
rance,pyoid,radii
rance,pyoid,raspy
rance,pyoid,radio
rance,pyoid,rajah
rance,pyoid,rabid
rance,pyoid,ralph
rance,pyoid,rally,rally
rance,pyoid,rally,ratty
rance,pyoid,razor
rance,pyoid,rapid
rance,crone
rance,sauce
rance,aloft,cameo
rance,aloft,cadet
rance,aloft,camel
rance,aloft,cagey
rance,aloft,facet
rance,resin,risen
rance,resin,reign
rance,resin,ripen
rance,resin,rerun
rance,resin,resin
rance,lemed,inlet,novel
rance,lemed,inlet,inlet
rance,lemed,kneel
rance,lemed,lemon
rance,lemed,event
rance,lemed,lumen
rance,lemed,endow
rance,lemed,demon
rance,lemed,enemy
rance,lemed,semen
rance,lemed,fiend,spend
rance,lemed,fiend,fiend
rance,lemed,deign
rance,lemed,hymen,women
rance,lemed,hymen,unmet
rance,lemed,hymen,hymen
rance,lemed,dozen,dozen
rance,lemed,dozen,widen
rance,lemed,dozen,index
rance,lemed,seven
rance,lemed,unfed,unfed
rance,lemed,unfed,unwed
rance,lemed,kneed
rance,lemed,liken
rance,lemed,olden
rance,lemed,needy
rance,lemed,enjoy,ebony
rance,lemed,enjoy,eying
rance,lemed,enjoy,spent,spent
rance,lemed,enjoy,spent,stein
rance,lemed,enjoy,eking
rance,lemed,enjoy,enjoy
rance,lemed,enjoy,envoy
rance,lemed,enjoy,inept
rance,lemed,begin,begun
rance,lemed,begin,neigh
rance,lemed,begin,begin
rance,lemed,begin,being
rance,lemed,begin,feign
rance,lemed,woven,given
rance,lemed,woven,woven
rance,lemed,woven,onset
rance,lemed,woven,often
rance,lemed,woven,unset
rance,lemed,woven,token
rance,lemed,woven,woken
rance,lemed,woven,vixen
rance,lemed,woven,nosey
rance,lemed,elfin,knelt
rance,lemed,elfin,elfin
rance,lemed,felon,newly
rance,lemed,felon,felon
rance,lemed,queen,sheen
rance,lemed,queen,queen
rance,lemed,blend
rance,lemed,melon
rance,panel
rance,renal
rance,coits,conic
rance,coits,sonic
rance,coits,tonic
rance,coits,condo
rance,coits,cynic
rance,coits,ionic
rance,coits,tunic
rance,bound,prune
rance,bound,brine
rance,bound,snore
rance,bound,borne
rance,bound,prone
rance,bound,drone
rance,bound,urine
rance,bound,nerve
rance,bound,nurse
rance,barge,barge
rance,barge,large
rance,barge,parse
rance,mulsh,lapse
rance,mulsh,false
rance,mulsh,lathe
rance,mulsh,adbot,latte
rance,mulsh,adbot,table
rance,mulsh,adbot,ladle
rance,mulsh,adbot,fable
rance,mulsh,adbot,eagle
rance,mulsh,haute
rance,mulsh,valve
rance,mulsh,salve
rance,mulsh,halve
rance,mulsh,tweep,taste
rance,mulsh,tweep,baste
rance,mulsh,tweep,waste
rance,mulsh,tweep,paste
rance,mulsh,gauge,gauze
rance,mulsh,gauge,vague
rance,mulsh,gauge,gauge
rance,mulsh,pause
rance,mulsh,value
rance,mulsh,masse
rance,mulsh,abies,badge
rance,mulsh,abies,gaffe
rance,mulsh,abies,waive
rance,mulsh,abies,payee
rance,mulsh,saute
rance,mulsh,bathe
rance,mulsh,maple
rance,mulsh,haste
rance,mulsh,mauve
rance,mulsh,maize,maize
rance,mulsh,maize,maybe
rance,toils,taunt,taunt
rance,toils,taunt,tawny
rance,toils,salon
rance,toils,talon
rance,toils,saint
rance,toils,sauna
rance,toils,nasal
rance,toils,faint,paint
rance,toils,faint,faint
rance,toils,satin
rance,toils,dight,daunt
rance,toils,dight,gaunt
rance,toils,dight,jaunt,jaunt
rance,toils,dight,jaunt,vaunt
rance,toils,dight,haunt
rance,toils,fauna,pagan
rance,toils,fauna,fauna
rance,toils,natal
rance,toils,nasty
rance,toils,baton
rance,toils,basin
rance,toils,naval
rance,toils,taint
rance,toils,wagon
rance,toils,mason
rance,adeem,mercy
rance,adeem,wreck
rance,adeem,erect
rance,adeem,perch
rance,phots,tribe
rance,phots,tripe
rance,phots,there,three
rance,phots,there,there
rance,phots,shore
rance,phots,gripe
rance,phots,forge,gorge
rance,phots,forge,ombre
rance,phots,forge,forge
rance,phots,store
rance,phots,trope
rance,phots,spore
rance,phots,probe,probe
rance,phots,probe,prove
rance,phots,terse
rance,phots,grope
rance,phots,serve,surge
rance,phots,serve,verse
rance,phots,serve,serve
rance,phots,forte
rance,phots,wrote
rance,phots,trove
rance,phots,swore
rance,phots,purse
rance,phots,trite,brute
rance,phots,trite,write
rance,phots,trite,trite
rance,phots,shire
rance,phots,dirge,bribe
rance,phots,dirge,fibre
rance,phots,dirge,drive
rance,phots,dirge,eerie
rance,phots,dirge,bride
rance,phots,dirge,grime
rance,phots,dirge,dirge
rance,phots,dirge,verve
rance,phots,dirge,merge,verge
rance,phots,dirge,merge,merge
rance,phots,where
rance,phots,bovid,drove
rance,phots,bovid,froze
rance,phots,bovid,broke
rance,phots,bovid,grove
rance,phots,bovid,erode
rance,phots,prose
rance,phots,worse
rance,phots,horse
rance,phots,horde
rance,phots,aimed,purge
rance,phots,aimed,puree
rance,phots,aimed,pride
rance,phots,aimed,prime
rance,phots,aimed,prize
rance,phots,aimed,prude
rance,phots,spire,spire
rance,phots,spire,spree
rance,grand,brand
rance,grand,drain,drain
rance,grand,drain,drawn
rance,grand,apron
rance,grand,brain,train
rance,grand,brain,brain
rance,grand,brain,prawn
rance,grand,brain,brawn
rance,grand,groan
rance,grand,frank,frank
rance,grand,frank,prank
rance,grand,snarl
rance,grand,arson,urban
rance,grand,arson,arson
rance,grand,adorn
rance,grand,angry
rance,grand,organ
rance,grand,grain
rance,grand,drank
rance,grand,grant
rance,grand,grand
rance,divot,rider
rance,divot,rebel,refer
rance,divot,rebel,rebel
rance,divot,rebel,ruler
rance,divot,rebel,reply
rance,divot,rebel,rebus
rance,divot,rebel,repel
rance,divot,refit,refit
rance,divot,refit,remit
rance,divot,revel
rance,divot,retry
rance,divot,riper,riper
rance,divot,riper,riser
rance,divot,roger,roger
rance,divot,roger,rower
rance,divot,reedy,ruder
rance,divot,reedy,reedy
rance,divot,rodeo
rance,divot,rebut,reset
rance,divot,rebut,rebut
rance,divot,retro
rance,divot,river
rance,divot,rover
rance,divot,rivet
rance,aboil,rural
rance,aboil,rumba
rance,aboil,roast
rance,aboil,rival
rance,aboil,royal
rance,abaft,brace
rance,abaft,grace
rance,abaft,trace
rance,steed,heron
rance,steed,infer
rance,steed,under
rance,steed,green,preen
rance,steed,green,green
rance,steed,never,newer
rance,steed,never,never
rance,steed,trend
rance,steed,nerdy
rance,steed,sneer
rance,steed,siren
rance,steed,stern
rance,steed,inert
rance,steed,inter
rance,steed,entry
rance,steed,enter
rance,ditsy,bongo
rance,ditsy,windy
rance,ditsy,minty
rance,ditsy,synod
rance,ditsy,junto,junto
rance,ditsy,junto,month
rance,ditsy,funky,bunny
rance,ditsy,funky,hunky
rance,ditsy,funky,funky
rance,ditsy,funky,funny
rance,ditsy,fungi
rance,ditsy,minus
rance,ditsy,donut
rance,ditsy,sunny
rance,ditsy,bonus
rance,ditsy,dingy
rance,ditsy,bingo,lingo
rance,ditsy,bingo,minim
rance,ditsy,bingo,bingo
rance,ditsy,ninth,ninth
rance,ditsy,ninth,pinto
rance,ditsy,dingo
rance,ditsy,vinyl
rance,ditsy,kinky,ninny
rance,ditsy,kinky,kinky
rance,ditsy,kinky,pinky
rance,ranch
rance,mange
rance,knock,snuck
rance,knock,knock
rance,knock,notch
rance,clump,munch
rance,clump,bunch,bunch
rance,clump,bunch,hunch
rance,clump,lunch
rance,clump,finch,finch
rance,clump,finch,winch
rance,clump,punch
rance,clump,lynch
rance,clump,pinch
rance,clump,cinch,cinch
rance,clump,cinch,conch
rance,chout,disco
rance,chout,pouch,vouch
rance,chout,pouch,pouch
rance,chout,chick
rance,chout,dowps,pitch
rance,chout,dowps,ditch
rance,chout,dowps,witch
rance,chout,dowps,hitch
rance,chout,gulch,gulch
rance,chout,gulch,mulch
rance,chout,couch
rance,chout,stock
rance,chout,touch
rance,chout,shuck
rance,chout,pooch
rance,chout,stuck
rance,chout,aband,hutch
rance,chout,aband,butch
rance,chout,aband,dutch
rance,chout,click
rance,chout,clock
rance,chout,botch
rance,chout,block,block
rance,chout,block,smock
rance,chout,block,flock
rance,chout,flick,flick
rance,chout,flick,slick
rance,chout,flick,spicy
rance,chout,chock
rance,chout,stick
rance,chout,which
rance,chout,chuck
rance,chout,juicy,pluck
rance,chout,juicy,juicy
rance,chout,juicy,quick
rance,chout,shock
rance,chout,cluck
rance,chout,thick
rance,aland,ashen
rance,aland,knead
rance,aland,amend
rance,aland,leant
rance,aland,meant
rance,aland,began,enema
rance,aland,began,began
rance,aland,began,sneak
rance,aland,began,vegan
rance,aland,angel
rance,aland,sedan
rance,aland,hyena
rance,aland,alien
rance,aland,agent
rance,aland,glean
rance,renew
rance,shout,brisk,brisk
rance,shout,brisk,frisk
rance,shout,brisk,prism
rance,shout,sport
rance,shout,thrum
rance,shout,humor
rance,shout,whirl
rance,shout,hurry
rance,shout,first,wrist
rance,shout,first,tryst
rance,shout,first,first
rance,shout,forth,forth
rance,shout,forth,worth
rance,shout,abamp,birth
rance,shout,abamp,mirth
rance,shout,abamp,girth
rance,shout,sword
rance,shout,throb,throb
rance,shout,throb,throw
rance,shout,shrub,shrug
rance,shout,shrub,shrub
rance,shout,blurt,fruit
rance,shout,blurt,blurt
rance,shout,orbit
rance,shout,syrup
rance,shout,myrrh
rance,shout,dingy,frill,krill
rance,shout,dingy,frill,frill
rance,shout,dingy,dryly
rance,shout,dingy,girly
rance,shout,dingy,grimy
rance,shout,dingy,wryly
rance,shout,dingy,drill
rance,shout,dingy,privy
rance,shout,dingy,grill
rance,shout,truly,trump
rance,shout,truly,truly
rance,shout,group,flour
rance,shout,group,group
rance,shout,group,proud
rance,shout,forty,motor
rance,shout,forty,forty
rance,shout,shirk
rance,shout,worst
rance,shout,slurp,slurp
rance,shout,slurp,surly
rance,shout,strip
rance,shout,burst,burst
rance,shout,burst,trust
rance,shout,dross,dross
rance,shout,dross,gross
rance,shout,tumor,tutor
rance,shout,tumor,tumor
rance,shout,tumor,turbo
rance,shout,strut
rance,shout,visor
rance,shout,grout,trout
rance,shout,grout,grout
rance,shout,truth
rance,shout,bipod,drool
rance,shout,bipod,fjord
rance,shout,bipod,glory,glory
rance,shout,bipod,glory,growl
rance,shout,bipod,floor,groom
rance,shout,bipod,floor,floor
rance,shout,bipod,prowl,proxy
rance,shout,bipod,prowl,prowl
rance,shout,bipod,droop
rance,shout,bipod,broil
rance,shout,bipod,ivory
rance,shout,bipod,brood
rance,shout,bipod,brook,brook
rance,shout,bipod,brook,broom
rance,shout,bipod,proof
rance,shout,bipod,droll
rance,shout,smirk,swirl
rance,shout,smirk,smirk
rance,shout,smirk,sprig
rance,shout,droit
rance,shout,brush
rance,shout,spurt
rance,shout,broth,broth
rance,shout,broth,froth
rance,shout,shirt
rance,shout,hydro,morph
rance,shout,hydro,hydro
rance,shout,frost
rance,shout,torus
rance,shout,torso
rance,shout,skirt
rance,shout,furor,gourd
rance,shout,furor,juror
rance,shout,furor,furor
rance,shout,virus
rance,shout,dirty,dirty
rance,shout,dirty,twirl
rance,shout,dirty,fritz
rance,shout,truss
rance,shout,drift,flirt
rance,shout,drift,drift
rance,shout,third
rance,shout,sorry
rance,shout,dildo,dowry
rance,shout,dildo,vigor
rance,shout,dildo,wordy
rance,shout,dildo,world
rance,shout,dildo,prior
rance,shout,dildo,forgo
rance,shout,dildo,worry
rance,shout,dildo,lorry
rance,shout,dildo,primo
rance,shout,quirk,blurb
rance,shout,quirk,burly
rance,shout,quirk,murky
rance,shout,quirk,gruff
rance,shout,quirk,quirk
rance,shout,quirk,furry
rance,shout,quirk,druid
rance,shout,quirk,lurid
rance,shout,forum
rance,shout,usurp
rance,shout,short
rance,shout,abysm,storm
rance,shout,abysm,story
rance,shout,abysm,stork
rance,shout,troll,troop
rance,shout,troll,troll
rance,farce
rance,reach,reach
rance,reach,react
rance,clink,chunk
rance,clink,clung
rance,clink,scion
rance,clink,clink
rance,clink,uncut
rance,clink,cling
rance,clink,icing
rance,clink,clown
rance,clink,colon
rance,clink,cumin
rance,clink,count
rance,recur,recur
rance,recur,relic
rance,recur,recut
rance,donor,donor
rance,donor,minor
rance,donor,honor
rance,bepat,heart
rance,bepat,alert,alert
rance,bepat,alert,avert
rance,bepat,aider
rance,bepat,amber
rance,bepat,opera
rance,bepat,great,great
rance,bepat,great,treat
rance,bepat,dwams,wreak
rance,bepat,dwams,dread
rance,bepat,dwams,swear
rance,bepat,dwams,dream
rance,bepat,dwams,freak
rance,bepat,dwams,smear
rance,bepat,dwams,shear
rance,bepat,bread,bread
rance,bepat,bread,break
rance,bepat,tread
rance,bepat,debar
rance,bepat,zebra
rance,bepat,pearl
rance,bepat,teary,terra
rance,bepat,teary,teary
rance,bepat,beard
rance,bepat,feral
rance,bepat,heard,weary
rance,bepat,heard,heard
rance,bepat,after,extra
rance,bepat,after,alter
rance,bepat,after,after
rance,bepat,spear
rance,genre
rance,tulsi,bugle
rance,tulsi,gouge,vogue
rance,tulsi,gouge,gouge
rance,tulsi,flume,boule
rance,tulsi,flume,elude
rance,tulsi,flume,plume
rance,tulsi,flume,fluke
rance,tulsi,flume,flume
rance,tulsi,siege,spike
rance,tulsi,siege,seize
rance,tulsi,siege,siege
rance,tulsi,siege,sieve
rance,tulsi,guide
rance,tulsi,tepee,thyme
rance,tulsi,tepee,tepee
rance,tulsi,tepee,theme
rance,tulsi,elite,elite
rance,tulsi,elite,lithe
rance,tulsi,slide,slime
rance,tulsi,slide,slide
rance,tulsi,slide,smile
rance,tulsi,elide,glide
rance,tulsi,elide,while
rance,tulsi,elide,exile
rance,tulsi,elide,olive
rance,tulsi,elide,bible
rance,tulsi,elide,liege
rance,tulsi,elide,elide
rance,tulsi,issue
rance,tulsi,tithe
rance,tulsi,goose,goose
rance,tulsi,goose,geese
rance,tulsi,goose,posse
rance,tulsi,goose,whose
rance,tulsi,goose,moose
rance,tulsi,goose,obese
rance,tulsi,quite
rance,tulsi,tilde
rance,tulsi,guise
rance,tulsi,utile
rance,tulsi,stole,style
rance,tulsi,stole,stole
rance,tulsi,smite,spite
rance,tulsi,smite,smite
rance,tulsi,these,those
rance,tulsi,these,these
rance,tulsi,tulle
rance,tulsi,suite
rance,tulsi,imbue,imbue
rance,tulsi,imbue,pique
rance,tulsi,louse
rance,tulsi,bulge
rance,tulsi,loose
rance,tulsi,white
rance,tulsi,etude
rance,tulsi,solve
rance,tulsi,pulse
rance,tulsi,bifid,queue
rance,tulsi,bifid,budge
rance,tulsi,bifid,judge
rance,tulsi,bifid,fudge
rance,tulsi,bifid,fugue
rance,tulsi,belie,bilge
rance,tulsi,belie,belie
rance,tulsi,smoke,shove
rance,tulsi,smoke,spoke
rance,tulsi,smoke,smoke
rance,tulsi,flute
rance,tulsi,guile
rance,tulsi,poise
rance,tulsi,globe,ledge
rance,tulsi,globe,globe
rance,tulsi,globe,lodge
rance,tulsi,globe,whole
rance,tulsi,globe,glove
rance,tulsi,globe,bloke
rance,tulsi,globe,elope
rance,tulsi,segue
rance,tulsi,stoke,stoke
rance,tulsi,stoke,smote
rance,tulsi,stoke,stove
rance,tulsi,biome,diode
rance,tulsi,biome,midge
rance,tulsi,biome,movie
rance,tulsi,biome,oxide
rance,tulsi,biome,pixie
rance,tulsi,biome,biome
rance,tulsi,house,house
rance,tulsi,house,mouse
rance,tulsi,hedge,femme
rance,tulsi,hedge,dodge
rance,tulsi,hedge,evoke
rance,tulsi,hedge,wedge
rance,tulsi,hedge,booze
rance,tulsi,hedge,hedge
rance,tulsi,butte,quote
rance,tulsi,butte,butte
rance,tulsi,slope
rance,tulsi,aahed,belle
rance,tulsi,aahed,delve
rance,tulsi,aahed,melee
rance,tulsi,title
rance,acorn,crank
rance,acorn,acorn
rance,canoe
rance,baron,nadir
rance,baron,baron
rance,clots,coupe
rance,clots,copse
rance,clots,cycle
rance,clots,chose
rance,clots,close
rance,clots,emcee
rance,clots,scope
rance,clots,choke
rance,clots,chide,chime
rance,clots,chide,chide
rance,clots,cutie
rance,clots,chute
rance,clots,clove
rance,spilt,sleek
rance,spilt,seedy
rance,spilt,speed
rance,spilt,bless,flesh
rance,spilt,bless,bless
rance,spilt,bless,welsh
rance,spilt,fehme,shelf
rance,spilt,fehme,shell
rance,spilt,fehme,smell
rance,spilt,fehme,swell
rance,spilt,testy,fetus
rance,spilt,testy,testy
rance,spilt,testy,ethos
rance,spilt,testy,zesty
rance,spilt,edify,weigh
rance,spilt,edify,edify
rance,spilt,impel,pixel
rance,spilt,impel,impel
rance,spilt,epoxy
rance,spilt,pesky,pesky
rance,spilt,pesky,poesy
rance,spilt,steel
rance,spilt,swept
rance,spilt,spiel
rance,spilt,setup,steep
rance,spilt,setup,setup
rance,spilt,steed
rance,spilt,filet
rance,spilt,ablow,jelly
rance,spilt,ablow,belly
rance,spilt,ablow,dwell
rance,spilt,ablow,quell
rance,spilt,ablow,hello
rance,spilt,sheet,sweet
rance,spilt,sheet,sheet
rance,spilt,equip
rance,spilt,fleet
rance,spilt,pesto
rance,spilt,debug,debug
rance,spilt,debug,gooey
rance,spilt,debug,weedy
rance,spilt,debug,beefy
rance,spilt,debug,modem
rance,spilt,debug,embed
rance,spilt,debug,geeky
rance,spilt,befit,debit
rance,spilt,befit,befit
rance,spilt,befit,eight
rance,spilt,spied
rance,spilt,bused,guess
rance,spilt,bused,bused
rance,spilt,spelt
rance,spilt,deity,thief
rance,spilt,deity,deity
rance,spilt,sheik
rance,spilt,beget,duvet
rance,spilt,beget,tweet
rance,spilt,beget,debut
rance,spilt,beget,beget
rance,spilt,beget,theft
rance,spilt,slept
rance,spilt,depth,empty
rance,spilt,depth,tempo
rance,spilt,depth,petty
rance,spilt,depth,depth
rance,spilt,dopey
rance,spilt,depot
rance,spilt,plied
rance,spilt,quiet
rance,spilt,shied
rance,spilt,hotel,towel
rance,spilt,hotel,lefty
rance,spilt,hotel,motel
rance,spilt,hotel,hotel
rance,spilt,hotel,betel
rance,spilt,hotel,extol
rance,spilt,dwelt,dwelt
rance,spilt,dwelt,exult
rance,spilt,alway,field
rance,spilt,alway,wield
rance,spilt,alway,yield
rance,spilt,sleet
rance,spilt,exist,heist
rance,spilt,exist,exist
rance,spilt,guest,beset
rance,spilt,guest,guest
rance,spilt,guest,quest
rance,spilt,sleep
rance,spilt,upset
rance,spilt,whelp
rance,spilt,jetty,totem
rance,spilt,jetty,tweed
rance,spilt,jetty,detox
rance,spilt,jetty,teeth
rance,spilt,jetty,jetty
rance,spilt,jetty,hefty
rance,spilt,jetty,teddy
rance,spilt,piety,piety
rance,spilt,piety,tepid
rance,spilt,video
rance,spilt,fetid
rance,spilt,bevel,hovel
rance,spilt,bevel,golem
rance,spilt,bevel,bevel
rance,spilt,bevel,wheel
rance,spilt,bevel,dowel,dowel
rance,spilt,bevel,dowel,model
rance,spilt,bevel,bezel
rance,spilt,bevel,elegy
rance,spilt,bevel,elbow
rance,spilt,bevel,level
rance,spilt,bevel,bleed
rance,spilt,bevel,bowel
rance,spilt,bevel,vowel
rance,spilt,bevel,leggy
rance,spilt,bevel,jewel
rance,spilt,bevel,below
rance,spilt,bleep,expel
rance,spilt,bleep,bleep
rance,spilt,spell
rance,spilt,sheep,sheep
rance,spilt,sheep,sweep
rance,spilt,islet
rance,spilt,smelt
rance,spilt,devil,devil
rance,spilt,devil,libel
rance,spilt,devil,helix
rance,blart,peach
rance,blart,beach
rance,blart,mecca
rance,blart,teach
rance,blart,leach
rance,blart,exact
rance,meuse,chore
rance,meuse,crime
rance,meuse,creme
rance,meuse,curve
rance,meuse,crude
rance,meuse,curse
rance,meuse,crepe
rance,meuse,score
rance,meuse,scree
rance,await,wrack
rance,await,crack
rance,await,track
rance,await,circa
rance,await,tract
rance,clump,ablow,batch
rance,clump,ablow,watch
rance,clump,ablow,hatch
rance,clump,match
rance,clump,patch
rance,clump,latch
rance,clump,saucy
rance,clump,catch
rance,roach
rance,trams,croak
rance,trams,cramp
rance,trams,charm
rance,trams,cigar,cobra
rance,trams,cigar,coral
rance,trams,cigar,cigar
rance,trams,cigar,vicar
rance,trams,cigar,acrid
rance,trams,crash
rance,trams,scarf,scarf
rance,trams,scarf,scary
rance,trams,chart
rance,trams,scrap
rance,trams,chair,chair
rance,trams,chair,chard
rance,trams,crawl,crawl
rance,trams,crawl,crazy
rance,trams,actor
rance,trams,scram
rance,trams,crass
rance,trams,craft
rance,rarer
rance,naive
rance,cairn
rance,macro,carry
rance,macro,carat
rance,macro,carol
rance,macro,macro
rance,macro,cargo
rance,raise
