reast,erase
reast,login,moult
reast,login,count,donut
reast,login,count,count
reast,login,count,mount
reast,login,amowt,wight
reast,login,amowt,might
reast,login,amowt,fight,tight
reast,login,amowt,fight,fight
reast,login,vomit
reast,login,uncut
reast,login,twixt
reast,login,joint,point
reast,login,joint,joint
reast,login,light
reast,login,unlit
reast,login,limit
reast,login,ought
reast,login,bigot
reast,login,unfit
reast,login,built,built
reast,login,built,quilt
reast,login,digit
reast,login,guilt
reast,login,glint
reast,login,clout,flout
reast,login,clout,clout
reast,login,idiot,idiot
reast,login,idiot,pivot
reast,login,input
reast,login,night
reast,login,flint
reast,login,pilot
reast,login,doubt
reast,login,blunt
reast,login,ingot
reast,dimly,leery
reast,dimly,lemur
reast,dimly,femur
reast,dimly,eerie
reast,dimly,demur
reast,dimly,weird
reast,dimly,mercy,mercy
reast,dimly,mercy,merry
reast,dimly,decor,decor
reast,dimly,decor,defer
reast,dimly,decry,derby
reast,dimly,decry,decry
reast,dimly,bajra,jerky
reast,dimly,bajra,ferry
reast,dimly,bajra,berry
reast,dimly,bajra,perky
reast,dimly,merge
reast,dimly,nerdy
reast,dimly,nerve,nerve
reast,dimly,nerve,verge
reast,dimly,nerve,perch
reast,dimly,nerve,genre
reast,dimly,nerve,newer
reast,dimly,nerve,heron
reast,dimly,nerve,verve
reast,dimly,nerve,fewer
reast,dimly,nerve,fever
reast,dimly,nerve,never
reast,dimly,peril
reast,dimly,leper,lever
reast,dimly,leper,leper
reast,attap,fetus
reast,attap,testy
reast,attap,setup
reast,attap,pesto
reast,attap,zesty
reast,roast
reast,sedan,sedan
reast,sedan,sepia
reast,pedal,mecca
reast,pedal,decay
reast,pedal,medal
reast,pedal,media
reast,pedal,decal
reast,pedal,began,kebab
reast,pedal,began,began
reast,pedal,began,vegan
reast,pedal,delay
reast,pedal,fella
reast,pedal,fecal,legal
reast,pedal,fecal,fecal
reast,pedal,penal
reast,pedal,pedal
reast,pedal,pecan
reast,death,death
reast,death,meaty
reast,death,heath
reast,death,teach
reast,hound,pinto
reast,hound,ditty
reast,hound,quoth
reast,hound,cadgy,mouth
reast,hound,cadgy,touch
reast,hound,cadgy,tough
reast,hound,cadgy,youth
reast,hound,putty,putty
reast,hound,putty,tulip
reast,hound,dutch
reast,hound,nutty,until
reast,hound,nutty,unity
reast,hound,nutty,nutty
reast,hound,nutty,tunic
reast,hound,ditch,width
reast,hound,ditch,ditch
reast,hound,pouty
reast,hound,batik,bitty
reast,hound,batik,kitty
reast,hound,batik,fifty
reast,hound,batik,witty
reast,hound,batik,blitz
reast,hound,thumb,thump
reast,hound,thumb,thumb
reast,hound,thong
reast,hound,junto
reast,hound,toddy
reast,hound,pical,itchy
reast,hound,pical,thigh
reast,hound,pical,thick
reast,hound,pical,fifth
reast,hound,pical,filth
reast,hound,pical,witch
reast,hound,pical,pithy
reast,hound,pical,pitch
reast,hound,minty
reast,hound,outdo
reast,hound,thing,thing
reast,hound,thing,think
reast,hound,outgo
reast,hound,bemix,booty
reast,hound,bemix,motif
reast,hound,bemix,toxic
reast,hound,bemix,lofty
reast,hound,bemix,topic
reast,hound,bemix,motto
reast,hound,tonic,tonic
reast,hound,tonic,toxin
reast,hound,optic
reast,hound,hitch
reast,hound,ditto
reast,hound,butch
reast,hound,booth,tooth
reast,hound,booth,botch
reast,hound,booth,booth
reast,hound,timid
reast,hound,month,notch
reast,hound,month,month
reast,hound,hotly
reast,hound,tying
reast,hound,ninth
reast,hound,cloth,photo
reast,hound,cloth,cloth
reast,hound,hutch
reast,clomb,obese
reast,clomb,poise,poise
reast,clomb,poise,house
reast,clomb,poise,noise
reast,clomb,poise,poesy
reast,clomb,poise,posse
reast,clomb,goose,noose
reast,clomb,goose,whose
reast,clomb,goose,goose
reast,clomb,chess
reast,clomb,louse
reast,clomb,copse
reast,clomb,close
reast,clomb,guess,guise
reast,clomb,guess,guess
reast,clomb,chose
reast,clomb,mouse
reast,clomb,bless
reast,clomb,flesh
reast,clomb,pulse
reast,clomb,loose
reast,clomb,moose
reast,tense
reast,godly,gulch
reast,godly,welch,lowly
reast,godly,welch,nobly
reast,godly,welch,wooly
reast,godly,welch,coyly
reast,godly,welch,folly,folly
reast,godly,welch,folly,jolly
reast,godly,welch,holly
reast,godly,vying
reast,godly,union,chock
reast,godly,union,jumbo
reast,godly,union,whoop
reast,godly,union,knock
reast,godly,union,union
reast,godly,union,onion
reast,godly,union,inbox
reast,godly,union,known
reast,godly,union,opium
reast,godly,union,hippo
reast,godly,union,buxom
reast,godly,cling,flung
reast,godly,cling,cling
reast,godly,cling,fling
reast,godly,cling,vigil
reast,godly,cling,clung
reast,godly,gumbo
reast,godly,colon,colon
reast,godly,colon,folio
reast,godly,dingy
reast,godly,igloo,igloo
reast,godly,igloo,lingo
reast,godly,dying
reast,godly,gummy,gummy
reast,godly,gummy,guppy
reast,godly,cynic,nymph
reast,godly,cynic,cynic
reast,godly,knife,ninny
reast,godly,knife,funky
reast,godly,knife,unify
reast,godly,knife,bunny
reast,godly,knife,funny
reast,godly,knife,mucky
reast,godly,knife,jumpy,mummy
reast,godly,knife,jumpy,jumpy
reast,godly,knife,jumpy,puppy
reast,godly,knife,whiny
reast,godly,knife,picky
reast,godly,knife,kinky
reast,godly,knife,jiffy
reast,godly,knife,hunky
reast,godly,knife,fizzy
reast,godly,knife,juicy
reast,godly,knife,pinky
reast,godly,knife,puffy
reast,godly,knife,hippy,wimpy
reast,godly,knife,hippy,hippy
reast,godly,knife,fuzzy
reast,godly,chump,pinch
reast,godly,chump,minim
reast,godly,chump,bunch,bunch
reast,godly,chump,bunch,hunch
reast,godly,chump,cumin
reast,godly,chump,pubic
reast,godly,chump,humph
reast,godly,chump,chuck,chuck
reast,godly,chump,chuck,chunk
reast,godly,chump,whiff
reast,godly,chump,chump
reast,godly,chump,unzip
reast,godly,chump,civic
reast,godly,chump,which
reast,godly,chump,munch
reast,godly,chump,mimic
reast,godly,chump,chick
reast,godly,chump,quick
reast,godly,chump,cinch
reast,godly,chump,finch,finch
reast,godly,chump,finch,winch
reast,godly,chump,punch
reast,godly,chump,cubic
reast,godly,buggy,buggy
reast,godly,buggy,pygmy
reast,godly,buggy,piggy
reast,godly,lipid,blind
reast,godly,lipid,livid
reast,godly,lipid,lipid
reast,godly,lipid,fluid
reast,godly,lipid,lucid
reast,godly,chili,quill
reast,godly,chili,chill
reast,godly,chili,chili
reast,godly,gully
reast,godly,lymph,lynch
reast,godly,lymph,vinyl
reast,godly,lymph,lymph
reast,godly,going
reast,godly,dodgy
reast,godly,bulky,milky
reast,godly,bulky,filmy
reast,godly,bulky,lucky
reast,godly,bulky,pulpy
reast,godly,bulky,bulky
reast,godly,bulky,lumpy
reast,godly,logic,logic
reast,godly,logic,login
reast,godly,logic,mogul
reast,godly,cabin,bloom
reast,godly,cabin,limbo
reast,godly,cabin,clown
reast,godly,cabin,blown
reast,godly,cabin,block
reast,godly,cabin,flock
reast,godly,cabin,flown
reast,godly,cabin,clock
reast,godly,idiom,ovoid
reast,godly,idiom,idiom
reast,godly,giddy
reast,godly,guild
reast,godly,foggy
reast,godly,bumph,condo
reast,godly,bumph,pound
reast,godly,bumph,hound
reast,godly,bumph,bound
reast,godly,bumph,found,wound
reast,godly,bumph,found,found
reast,godly,bumph,mound
reast,godly,undid
reast,godly,blood,blood
reast,godly,blood,cloud
reast,godly,blood,blond
reast,godly,blood,flood
reast,godly,knoll
reast,godly,moldy
reast,godly,bombo,hobby
reast,godly,bombo,poppy
reast,godly,bombo,woozy
reast,godly,bombo,boozy
reast,godly,bombo,comfy
reast,godly,bombo,booby
reast,godly,bombo,bobby
reast,godly,lobby,lobby
reast,godly,lobby,loopy
reast,godly,glyph
reast,godly,fungi,icing
reast,godly,fungi,fungi
reast,godly,humid,humid
reast,godly,humid,vivid
reast,godly,chump,pooch
reast,godly,chump,comic
reast,godly,chump,couch
reast,godly,chump,ionic
reast,godly,chump,conch
reast,godly,chump,conic
reast,godly,chump,vouch
reast,godly,chump,pouch
reast,godly,build,child
reast,godly,build,build
reast,godly,oddly
reast,godly,bingo,owing
reast,godly,bingo,bingo
reast,godly,biddy,buddy
reast,godly,biddy,muddy
reast,godly,biddy,biddy
reast,godly,flick,plunk
reast,godly,flick,cliff
reast,godly,flick,cluck,pluck
reast,godly,flick,cluck,cluck
reast,godly,flick,blink
reast,godly,flick,flunk
reast,godly,flick,fluff
reast,godly,flick,clink
reast,godly,flick,bluff
reast,godly,flick,climb
reast,godly,flick,pupil
reast,godly,flick,plumb,plumb
reast,godly,flick,plumb,plump
reast,godly,flick,lunch,mulch
reast,godly,flick,lunch,lunch
reast,godly,flick,blimp
reast,godly,flick,flick
reast,godly,flick,civil
reast,godly,flick,click
reast,godly,flick,clump
reast,godly,dingo
reast,godly,dilly,dilly
reast,godly,dilly,dimly
reast,godly,dilly,dully
reast,godly,goody
reast,godly,dolly
reast,godly,ghoul,ghoul
reast,godly,ghoul,gloom
reast,godly,young
reast,godly,biach,filly,filly
reast,godly,biach,filly,willy
reast,godly,biach,bully
reast,godly,biach,hilly
reast,godly,biach,billy
reast,godly,biach,fully
reast,godly,biach,imply
reast,godly,biach,icily
reast,godly,golly
reast,godly,lying
reast,godly,could,would
reast,godly,could,could
reast,godly,dummy,dizzy
reast,godly,dummy,duchy
reast,godly,dummy,dummy
reast,godly,dummy,windy
reast,godly,dummy,dumpy
reast,godly,idyll
reast,godly,polyp
reast,godly,dowdy,dowdy
reast,godly,dowdy,moody
reast,godly,dowdy,downy
reast,godly,dowdy,howdy
reast,godly,dowdy,woody
reast,godly,phony
reast,godly,doing,dough
reast,godly,doing,doing
reast,godly,bongo,bongo
reast,godly,bongo,cough
reast,godly,bongo,bough
reast,godly,godly
reast,godly,nylon
reast,godly,pudgy
reast,godly,goofy
reast,godly,widow
reast,heart
reast,colin,mocha
reast,colin,iliac
reast,colin,chynd,dandy
reast,colin,chynd,fauna
reast,colin,chynd,handy
reast,colin,chynd,mangy
reast,colin,chynd,manga
reast,colin,chynd,fanny,fanny
reast,colin,chynd,fanny,nanny
reast,colin,lilac
reast,colin,aglow,aglow
reast,colin,aglow,allow
reast,colin,aglow,alloy
reast,colin,dogma,dogma
reast,colin,dogma,vodka
reast,colin,canal
reast,colin,magic
reast,colin,valid
reast,colin,viola
reast,colin,align
reast,colin,cacao
reast,colin,pizza
reast,colin,bayou,mambo
reast,colin,bayou,bayou
reast,colin,voila
reast,colin,human,human
reast,colin,human,pagan
reast,colin,cabby,caddy
reast,colin,cabby,cabby
reast,colin,gonad,gonad
reast,colin,gonad,nomad
reast,colin,havoc,havoc
reast,colin,havoc,macho
reast,colin,macaw,wacky
reast,colin,macaw,macaw
reast,colin,cloak
reast,colin,zonal
reast,colin,midgy,mammy
reast,colin,midgy,mamma
reast,colin,midgy,gamma
reast,colin,midgy,daddy,daddy
reast,colin,midgy,daddy,paddy
reast,colin,midgy,gawky
reast,colin,midgy,kayak
reast,colin,midgy,bawdy
reast,colin,midgy,baggy
reast,colin,midgy,madam
reast,colin,midgy,gaudy
reast,colin,midgy,kappa
reast,colin,midgy,magma
reast,colin,midgy,happy,jazzy
reast,colin,midgy,happy,happy
reast,colin,polka
reast,colin,agony,agony
reast,colin,agony,among
reast,colin,agony,banjo
reast,colin,agony,annoy
reast,colin,agony,mango
reast,colin,fancy
reast,colin,admin
reast,colin,canon
reast,colin,cavil
reast,colin,wagon
reast,colin,axion
reast,colin,affix,mafia
reast,colin,affix,vapid
reast,colin,affix,maxim
reast,colin,affix,aphid
reast,colin,affix,affix
reast,colin,aahed,daily
reast,colin,aahed,axial
reast,colin,aahed,gaily
reast,colin,aahed,alibi
reast,colin,audio,audio
reast,colin,audio,avoid
reast,colin,lanky,banal
reast,colin,lanky,lanky
reast,colin,lanky,manly
reast,colin,lanky,annul
reast,colin,lanky,naval
reast,colin,along
reast,colin,manic,panic
reast,colin,manic,manic
reast,colin,loyal,loyal
reast,colin,loyal,modal
reast,colin,bacon
reast,colin,mania
reast,colin,final
reast,colin,villa
reast,colin,axiom
reast,colin,woman
reast,colin,afoul,afoul
reast,colin,afoul,aloof
reast,colin,afoul,aloud
reast,colin,afoul,offal
reast,colin,inlay
reast,colin,falls,local
reast,colin,falls,vocal
reast,colin,falls,focal
reast,colin,aging,ninja
reast,colin,aging,aping
reast,colin,aging,aging
reast,colin,cabin
reast,colin,avian
reast,colin,gamay,album
reast,colin,gamay,gayly
reast,colin,gamay,badly
reast,colin,gamay,pupal
reast,colin,gamay,amply
reast,colin,gamay,apply
reast,colin,gamay,madly
reast,colin,gamay,laugh
reast,colin,gamay,awful
reast,colin,gamay,papal
reast,colin,gamay,alpha
reast,colin,candy,candy
reast,colin,candy,canny
reast,colin,allay,dally
reast,colin,allay,balmy
reast,colin,allay,bylaw
reast,colin,allay,allay
reast,colin,anvil
reast,colin,cabal,caulk
reast,colin,cabal,cabal
reast,colin,china
reast,colin,cocoa,comma
reast,colin,cocoa,cocoa
reast,right,right
reast,right,robot
reast,clunk,khaki
reast,clunk,avail,avail
reast,clunk,avail,loamy
reast,clunk,clack
reast,clunk,chalk
reast,clunk,flail,llama
reast,clunk,flail,flail
reast,clunk,flail,plaid
reast,clunk,flail,plaza
reast,clunk,abaft,blank
reast,clunk,abaft,plank
reast,clunk,abaft,flank
reast,clunk,claim,claim
reast,clunk,claim,clamp
reast,clunk,chain
reast,clunk,clang
reast,clunk,quack
reast,clunk,flaky
reast,clunk,chaff,chaff
reast,clunk,chaff,coach
reast,clunk,chaff,champ
reast,clunk,bland,gland
reast,clunk,bland,bland
reast,clunk,clank
reast,clunk,black,flack
reast,clunk,black,black
reast,clunk,again
reast,clunk,aback,whack
reast,clunk,aback,aback
reast,clunk,plain
reast,clunk,foamy
reast,clunk,knack
reast,clunk,koala
reast,clunk,piano
reast,clunk,quail,quail
reast,clunk,quail,qualm
reast,clunk,guava
reast,elven,cleft
reast,elven,covet,covet
reast,elven,covet,duvet
reast,elven,exult
reast,elven,comet,comet
reast,elven,comet,quiet
reast,elven,comet,octet
reast,elven,unmet
reast,elven,dwelt
reast,elven,tweet
reast,elven,filet
reast,elven,eject
reast,elven,inept
reast,elven,knelt
reast,elven,fleet
reast,elven,theft
reast,elven,edict,edict
reast,elven,edict,eight
reast,elven,evict
reast,elven,event
reast,elven,inlet
reast,elven,elect
reast,cheap,adept
reast,cheap,bleat
reast,cheap,cheat
reast,cheap,cadet
reast,cheap,eclat
reast,cheap,cleat
reast,cheap,facet
reast,cheap,pleat
reast,cheap,wheat
reast,cheap,agent
reast,cheap,valet
reast,these,those
reast,these,these
reast,guest,guest
reast,guest,exist
reast,guest,quest
reast,guest,chest
reast,haply,weave
reast,haply,peace
reast,haply,heady,heavy
reast,haply,heady,heady
reast,haply,leafy,leafy
reast,haply,leafy,leaky
reast,haply,leach
reast,haply,peach
reast,haply,heave
reast,haply,mealy
reast,haply,leave
reast,haply,beach
reast,haply,beady
reast,tilth,white
reast,tilth,lithe
reast,tilth,chute
reast,tilth,piety
reast,tilth,elite
reast,tilth,thief
reast,tilth,etude,often
reast,tilth,etude,etude
reast,tilth,twice,twice
reast,tilth,twice,twine
reast,tilth,hotel
reast,tilth,towel
reast,tilth,extol,motel
reast,tilth,extol,extol
reast,tilth,ethic
reast,tilth,cutie,cutie
reast,tilth,cutie,untie
reast,tilth,empty,empty
reast,tilth,empty,quote
reast,tilth,flute
reast,tilth,tithe
reast,tilth,token,token
reast,tilth,token,tweed
reast,tilth,theme,thyme
reast,tilth,theme,theme
reast,tilth,utile
reast,tilth,tulle
reast,tilth,title
reast,tilth,quite,quite
reast,tilth,quite,unite
reast,tilth,butte
reast,tilth,tilde
reast,tilth,totem
reast,torso,torso
reast,torso,truss
reast,plait,giant
reast,plait,plant
reast,plait,plait
reast,plait,chant
reast,plait,adapt
reast,plait,await
reast,amped,petal
reast,amped,metal
reast,amped,fetal
reast,amped,delta
reast,erect,exert
reast,erect,egret
reast,erect,greet
reast,erect,inert,inert
reast,erect,inert,overt
reast,erect,erect
reast,erect,erupt
reast,erect,crept
reast,lynch,debug,debug
reast,lynch,debug,femme
reast,lynch,debug,wedge
reast,lynch,hence
reast,lynch,beech
reast,lynch,neigh
reast,lynch,cello
reast,lynch,ledge,level
reast,lynch,ledge,ledge
reast,lynch,bevel,melee
reast,lynch,bevel,jewel
reast,lynch,bevel,devil
reast,lynch,bevel,bevel
reast,lynch,bevel,below
reast,lynch,bevel,belie,belle
reast,lynch,bevel,belie,belie
reast,lynch,bevel,bezel
reast,lynch,bevel,delve
reast,lynch,aback,weedy
reast,lynch,aback,geeky
reast,lynch,aback,beefy
reast,lynch,leggy
reast,lynch,fence,pence
reast,lynch,fence,fence
reast,lynch,deuce
reast,lynch,weigh
reast,lynch,decoy
reast,lynch,needy
reast,lynch,helix,hello
reast,lynch,helix,helix
reast,lynch,bench,bench
reast,lynch,bench,wench
reast,lynch,gecko,medic
reast,lynch,gecko,gecko
reast,lynch,newly
reast,lynch,agave,venom
reast,lynch,agave,denim
reast,lynch,agave,penne
reast,lynch,agave,genie
reast,lynch,agave,venue
reast,lynch,belly,belly
reast,lynch,belly,jelly
reast,lynch,deign,being
reast,lynch,deign,begun
reast,lynch,deign,demon
reast,lynch,deign,begin
reast,lynch,deign,deign
reast,lynch,deign,feign
reast,lynch,belch,welch
reast,lynch,belch,belch
reast,lynch,felon,felon
reast,lynch,felon,melon
reast,lynch,lemon
reast,lynch,hedge
reast,lynch,leech
reast,lynch,penny
reast,colin,total
reast,colin,baffy,tabby
reast,colin,baffy,patty,tatty
reast,colin,baffy,patty,patty
reast,colin,baffy,fatty
reast,colin,baffy,datum
reast,colin,baffy,batty
reast,colin,baffy,taffy
reast,colin,catch,catty
reast,colin,catch,catch
reast,colin,quota,quota
reast,colin,quota,taboo
reast,colin,latch
reast,colin,tally,tally
reast,colin,tally,waltz
reast,colin,atoll
reast,colin,natal
reast,colin,tibia
reast,colin,tidal,tidal
reast,colin,tidal,vital
reast,colin,amity,faith
reast,colin,amity,amity
reast,colin,titan
reast,colin,tango
reast,colin,aptly,tubal
reast,colin,aptly,aptly
reast,colin,aptly,fatal
reast,colin,attic
reast,colin,talon
reast,colin,baton
reast,colin,aunty,aunty
reast,colin,aunty,junta
reast,colin,aunty,tangy
reast,colin,aunty,tawny
reast,colin,tonga
reast,colin,tonal
reast,colin,bumph,match
reast,colin,bumph,batch
reast,colin,bumph,patch
reast,colin,bumph,tacky
reast,colin,bumph,hatch,watch
reast,colin,bumph,hatch,hatch
reast,colin,cacti
reast,colin,octal
reast,colin,today,today
reast,colin,today,topaz
reast,colin,antic
reast,colin,patio
reast,tease
reast,pined,prone,prune
reast,pined,prone,prone
reast,pined,argol,older
reast,pined,argol,odder
reast,pined,argol,dryer
reast,pined,argol,udder
reast,pined,argol,elder
reast,pined,argol,order
reast,pined,belga,giver
reast,pined,belga,fixer
reast,pined,belga,fiber
reast,pined,belga,filer
reast,pined,belga,liver
reast,pined,preen
reast,pined,diner
reast,pined,drier,idler
reast,pined,drier,drier
reast,pined,plier
reast,pined,fibre,fiery
reast,pined,fibre,fibre
reast,pined,probe,prove
reast,pined,probe,purge
reast,pined,probe,probe
reast,pined,brief,brief
reast,pined,brief,flier
reast,pined,brief,crier
reast,pined,brief,grief
reast,pined,poker,purer
reast,pined,poker,puree
reast,pined,poker,poker
reast,pined,poker,power
reast,pined,hyper,hyper
reast,pined,hyper,upper
reast,pined,hyper,creep
reast,pined,crime,crime
reast,pined,crime,grime
reast,pined,crime,bribe
reast,pined,goner,owner
reast,pined,goner,goner
reast,pined,dirge
reast,pined,viper
reast,pined,crepe,grope
reast,pined,crepe,crepe
reast,pined,infer
reast,pined,bride,bride
reast,pined,bride,drive
reast,pined,under
reast,pined,pride
reast,pined,borne,crone
reast,pined,borne,borne
reast,pined,piper
reast,pined,drone
reast,pined,block,cheer
reast,pined,block,wooer
reast,pined,block,ulcer
reast,pined,block,cyber
reast,pined,block,boxer
reast,pined,block,buyer
reast,pined,block,cruel
reast,pined,block,advew,cower
reast,pined,block,advew,cover
reast,pined,block,advew,corer
reast,pined,block,bluer
reast,pined,block,flyer
reast,pined,block,ember
reast,pined,block,joker
reast,pined,block,creek
reast,pined,block,freer,freer
reast,pined,block,freer,queer
reast,pined,block,lover,lover
reast,pined,block,lover,lower
reast,pined,block,gruel
reast,pined,block,mover,mower
reast,pined,block,mover,hover
reast,pined,block,mover,offer
reast,pined,block,mover,mover
reast,pined,block,mover,foyer
reast,pined,block,mover,homer
reast,pined,afald,finer
reast,pined,afald,miner
reast,pined,afald,liner
reast,pined,green
reast,pined,caddy,dried
reast,pined,caddy,cried
reast,pined,caddy,fried
reast,pined,prude
reast,pined,cider,diver
reast,pined,cider,cider
reast,pined,cider,wider
reast,pined,nicer
reast,pined,pried
reast,pined,befog,breed
reast,pined,befog,creed
reast,pined,befog,greed
reast,pined,befog,freed
reast,pined,acmes,price
reast,pined,acmes,prize
reast,pined,acmes,prime
reast,pined,gripe
reast,pined,grece,force
reast,pined,grece,gorge
reast,pined,grece,grove
reast,pined,grece,every
reast,pined,grece,error
reast,pined,grece,where
reast,pined,grece,ombre
reast,pined,grece,chore,chore
reast,pined,grece,chore,curve
reast,pined,grece,creme
reast,pined,grece,clerk
reast,pined,grece,wreck
reast,pined,grece,forge
reast,pined,grece,broke,froze
reast,pined,grece,broke,broke
reast,pined,grece,query
reast,pined,brine,urine
reast,pined,brine,brine
reast,pined,credo,drove
reast,pined,credo,erode
reast,pined,credo,horde
reast,pined,credo,crude
reast,pined,credo,credo
reast,pined,inner
reast,flimp,inane
reast,flimp,blade,blade
reast,flimp,blade,glade
reast,flimp,blade,glaze
reast,flimp,blade,blaze
reast,flimp,flame
reast,flimp,whale
reast,flimp,chafe
reast,flimp,agape
reast,flimp,image
reast,flimp,amaze
reast,flimp,awake,adage
reast,flimp,awake,awake
reast,flimp,awake,knave
reast,flimp,awake,quake
reast,flimp,awake,evade
reast,flimp,flake
reast,flimp,place,place
reast,flimp,place,plane
reast,flimp,email
reast,flimp,blame
reast,could,croup,croup
reast,could,croup,curio
reast,could,gipon,groin
reast,could,gipon,vigor
reast,could,gipon,proof
reast,could,gipon,prior
reast,could,gipon,grown
reast,could,gipon,groom
reast,could,gipon,proxy
reast,could,gipon,wrong
reast,could,gipon,ivory
reast,could,gipon,minor
reast,could,gipon,irony
reast,could,gipon,brown,brown
reast,could,gipon,brown,frown
reast,could,gipon,primo
reast,could,gipon,brook,brook
reast,could,gipon,brook,broom
reast,could,gipon,prong
reast,could,incur
reast,could,honor,forgo
reast,could,honor,honor
reast,could,honor,moron
reast,could,honor,morph
reast,could,honor,horny
reast,could,honor,worry
reast,could,mourn
reast,could,furor,furor
reast,could,furor,group
reast,could,furor,juror
reast,could,furor,humor
reast,could,world
reast,could,blurb
reast,could,droll
reast,could,flour
reast,could,frock,frock
reast,could,frock,micro
reast,could,aking,grill
reast,could,aking,frill
reast,could,aking,wryly
reast,could,aking,girly
reast,could,aking,krill
reast,could,chord,crowd
reast,could,chord,chord
reast,could,lorry
reast,could,crumb,crumb
reast,could,crumb,churn
reast,could,crumb,crump
reast,could,baggy,grimy
reast,could,baggy,wring
reast,could,baggy,brink
reast,could,baggy,myrrh
reast,could,baggy,bring
reast,could,baggy,briny
reast,could,baggy,privy
reast,could,forum
reast,could,corny
reast,could,curry,curry
reast,could,curry,curvy
reast,could,furry,hurry
reast,could,furry,murky
reast,could,furry,quirk
reast,could,furry,furry
reast,could,druid
reast,could,drink
reast,could,brood,fjord
reast,could,brood,frond
reast,could,brood,brood
reast,could,donor,donor
reast,could,donor,wordy
reast,could,donor,dowry
reast,could,lurid
reast,could,burly
reast,could,drool
reast,could,birch,birch
reast,could,birch,brick
reast,could,birch,prick
reast,could,porch
reast,could,droop,hydro
reast,could,droop,drown
reast,could,droop,droop
reast,could,color
reast,could,gourd
reast,could,drill,dryly
reast,could,drill,drill
reast,could,anion,crock
reast,could,anion,crony
reast,could,anion,choir
reast,could,anion,crook
reast,could,anion,crown
reast,could,grind
reast,could,occur
reast,could,proud
reast,could,whirl
reast,could,drunk
reast,could,curly
reast,could,growl,broil
reast,could,growl,glory
reast,could,growl,prowl
reast,could,growl,growl
reast,could,growl,floor
reast,could,gruff,wrung
reast,could,gruff,gruff
reast,could,chirp,chirp
reast,could,chirp,crick
reast,could,chirp,crimp
reast,could,lurch
reast,could,lyric
reast,angst,waist
reast,angst,angst
reast,cease,cease
reast,cease,lease
reast,cease,leash
reast,humid,rigor
reast,humid,round
reast,humid,rigid
reast,humid,robin
reast,humid,rowdy
reast,humid,rough
reast,humid,roomy
reast,humid,rugby
reast,humid,rocky
reast,humid,rhino
reast,humid,ruddy
reast,humid,rumor
reast,heist
reast,enmew,swear
reast,enmew,safer
reast,enmew,shear,shear
reast,enmew,shear,spear
reast,enmew,saner
reast,enmew,smear
reast,anele,essay
reast,anele,aisle
reast,anele,sauce
reast,anele,sneak
reast,anele,ashen
reast,anele,speak
reast,anele,salve
reast,anele,easel
reast,anele,aside
reast,anele,askew
reast,stare
reast,abrim,recut
reast,abrim,rebut
reast,abrim,remit
reast,abrim,refit
reast,schul,chasm
reast,schul,spasm
reast,schul,quasi
reast,schul,quash
reast,schul,smash,swash
reast,schul,smash,smash
reast,schul,clash
reast,schul,slash
reast,schul,flash
reast,schul,flask,flask
reast,schul,flask,glass
reast,schul,awash,gnash
reast,schul,awash,awash
reast,schul,clasp,clasp
reast,schul,clasp,class
reast,schul,amass
reast,aiver,sever
reast,aiver,serve
reast,aiver,sewer
reast,aiver,serum
reast,aiver,serif
reast,stash
reast,curio,worst
reast,curio,trust
reast,curio,frost
reast,curio,tryst
reast,curio,burst
reast,curio,first
reast,curio,crust
reast,curio,wrist
reast,artsy
reast,amnic,raven
reast,amnic,rarer
reast,amnic,ramen
reast,amnic,range
reast,amnic,racer
reast,rinse,rinse
reast,rinse,rouse
reast,whirr,screw
reast,whirr,skier
reast,whirr,shrew
reast,whirr,wiser
reast,whirr,poser,poser
reast,whirr,poser,sober
reast,whirr,poser,sneer
reast,whirr,poser,super
reast,whirr,poser,loser
reast,whirr,shire
reast,whirr,surer
reast,whirr,spire
reast,whirr,siren
reast,whirr,shore
reast,whirr,sower
reast,whirr,scree,surge
reast,whirr,scree,scree
reast,whirr,scree,spree
reast,whirr,miser
reast,whirr,swore
reast,whirr,usher
reast,whirr,sheer
reast,whirr,acorn,sperm
reast,whirr,acorn,snore
reast,whirr,acorn,score
reast,whirr,acorn,spore
reast,raise
reast,pinch,spout
reast,pinch,scout
reast,pinch,shift
reast,pinch,shunt
reast,pinch,sight
reast,pinch,spilt,spilt
reast,pinch,spilt,split
reast,pinch,posit
reast,pinch,shoot,shout
reast,pinch,shoot,shoot
reast,pinch,snout,snout
reast,pinch,snout,stunt
reast,pinch,stint
reast,pinch,stout
reast,pinch,stilt,stilt
reast,pinch,stilt,swift
reast,pinch,visit
reast,cuvee,seedy
reast,cuvee,segue
reast,cuvee,seize
reast,cuvee,seven
reast,cuvee,pesky
reast,cuvee,semen
reast,rusty
reast,roach
reast,plink,stalk
reast,plink,stain
reast,plink,stack
reast,plink,stank
reast,plink,staff,swath
reast,plink,staff,staff
reast,plink,stand
reast,plink,stall
reast,plink,staid
reast,plink,stamp
reast,hippo,short
reast,hippo,strut
reast,hippo,spurt
reast,hippo,snort
reast,hippo,sport
reast,hippo,shirt
reast,hippo,skirt
reast,react
reast,begat
reast,smart,smart
reast,smart,start
reast,asset,asset
reast,asset,sweat
reast,baulk,stead,steam
reast,baulk,stead,stead
reast,baulk,saute
reast,baulk,cahow,haste
reast,baulk,cahow,paste,taste
reast,baulk,cahow,paste,paste
reast,baulk,cahow,waste
reast,baulk,cahow,caste
reast,baulk,baste
reast,baulk,steal
reast,baulk,steak
reast,crest,wrest
reast,crest,crest
reast,mulch,slave
reast,mulch,snake,snake
reast,mulch,snake,spade
reast,mulch,paved,shave
reast,mulch,paved,shape
reast,mulch,paved,shade
reast,mulch,paved,shake
reast,mulch,usage
reast,mulch,scale
reast,mulch,shame
reast,mulch,shale
reast,mulch,suave
reast,mulch,space
reast,roost
reast,reuse
reast,tipsy
reast,bucko,crush
reast,bucko,brush
reast,bucko,dross,gross
reast,bucko,dross,dross
reast,bucko,frisk
reast,bucko,crisp
reast,bucko,brisk
reast,bucko,prism
reast,bucko,cross
reast,cedar,debar
reast,cedar,feral
reast,cedar,zebra
reast,cedar,cedar
reast,harsh,harsh
reast,harsh,marsh
reast,splat,saint
reast,splat,ascot
reast,splat,splat
reast,splat,squat
reast,terra
reast,terse
reast,tutee,other
reast,tutee,three
reast,tutee,trite
reast,tutee,otter
reast,tutee,their,their
reast,tutee,their,trend
reast,tutee,truce
reast,tutee,truer
reast,tutee,utter
reast,tutee,there
reast,tutee,brute
reast,tutee,inter,voter
reast,tutee,inter,inter
reast,tutee,ether
reast,tutee,tiger,tower
reast,tutee,tiger,tried
reast,tutee,tiger,timer
reast,tutee,tiger,tiger
reast,tutee,tiger,threw
reast,tutee,enter
reast,tutee,tuber
reast,tutee,outer
reast,tutee,aspic,trice
reast,tutee,aspic,trope
reast,tutee,aspic,trove
reast,tutee,aspic,tripe
reast,tutee,aspic,tribe
reast,tutee,forte,write
reast,tutee,forte,forte
reast,tutee,forte,wrote
reast,tutee,entry
reast,rebus,resin
reast,rebus,rebus
reast,enact,exalt
reast,enact,enact
reast,enact,exact
reast,bilgy,relay
reast,bilgy,repay
reast,bilgy,regal
reast,bilgy,renal
reast,bilgy,relax
reast,bilgy,rebar,rehab
reast,bilgy,rebar,rebar
reast,bilgy,recap
reast,debit,depot
reast,debit,befit
reast,debit,debut
reast,debit,beget
reast,debit,debit
reast,debit,tenet
reast,scoup,scrub,scrub
reast,scoup,scrub,scrum
reast,scoup,slurp
reast,scoup,usurp
reast,scoup,sorry
reast,scoup,shrub,shrug
reast,scoup,shrub,shrub
reast,scoup,scorn
reast,scoup,syrup
reast,scoup,shorn,sworn
reast,scoup,shorn,sword
reast,scoup,shorn,shorn
reast,scoup,surly
reast,scoup,spurn
reast,scoup,visor
reast,scoup,virus
reast,scoup,shirk,smirk
reast,scoup,shirk,shirk
reast,scoup,shirk,swirl
reast,scoup,scour
reast,scoup,sprig
reast,amoks,torus
reast,amoks,stork
reast,amoks,strip
reast,amoks,storm
reast,amoks,story
reast,cacti,trade
reast,cacti,crate
reast,cacti,trace
reast,cacti,grate
reast,cacti,irate
reast,blind,crawl
reast,blind,grain
reast,blind,chair
reast,blind,grand
reast,blind,prawn
reast,blind,frail,frail
reast,blind,frail,grail
reast,blind,alarm
reast,blind,drain
reast,blind,brawl
reast,blind,brawn
reast,blind,drawn
reast,blind,drama,drama
reast,blind,drama,dwarf
reast,blind,bravo
reast,blind,drawl
reast,blind,apace,crank
reast,blind,apace,prank
reast,blind,apace,frank
reast,blind,about,fraud
reast,blind,about,guard
reast,blind,about,hoard
reast,blind,about,chard
reast,blind,about,award
reast,blind,drank
reast,blind,braid
reast,blind,flair
reast,blind,board
reast,blind,brain
reast,blind,diary
reast,blind,brand
reast,blind,choky,wrack
reast,blind,choky,graph
reast,blind,choky,crack
reast,blind,choky,ovary
reast,blind,choky,charm
reast,blind,choky,cramp
reast,blind,choky,gravy
reast,blind,choky,quark
reast,blind,choky,wharf
reast,blind,choky,crazy
reast,chirl,wrath
reast,chirl,train
reast,chirl,tiara
reast,chirl,trail
reast,chirl,track
reast,chirl,trawl
reast,chirl,tramp
reast,latte,bathe
reast,latte,eaten,matey
reast,latte,eaten,eaten
reast,latte,lathe
reast,latte,latte
reast,latte,table
reast,latte,tweak
reast,latte,taken
reast,latte,atone
reast,latte,haute
reast,latte,acute
reast,latte,theta
reast,carom,valor,favor
reast,carom,valor,labor
reast,carom,valor,valor
reast,carom,valor,vapor
reast,carom,carry
reast,carom,baron
reast,carom,agony,manor
reast,carom,agony,mayor
reast,carom,agony,major
reast,carom,carol
reast,carom,vicar
reast,carom,umbra
reast,carom,briar,friar
reast,carom,briar,angry
reast,carom,briar,lunar
reast,carom,briar,urban
reast,carom,briar,augur
reast,carom,briar,briar
reast,carom,apron,arrow
reast,carom,apron,apron
reast,carom,march
reast,carom,armor
reast,carom,cairn
reast,carom,cobra,croak
reast,carom,cobra,cobra
reast,carom,acorn
reast,carom,karma,karma
reast,carom,karma,marry
reast,carom,abhor,arbor
reast,carom,abhor,ardor
reast,carom,abhor,abhor
reast,carom,macro
reast,carom,array,array
reast,carom,array,viral
reast,carom,borax,foray
reast,carom,borax,borax
reast,carom,acrid
reast,carom,cigar
reast,carom,aroma,molar
reast,carom,aroma,aroma
reast,carom,adhan,nadir
reast,carom,adhan,dairy
reast,carom,adhan,fairy
reast,carom,adhan,hairy
reast,carom,parry,parry
reast,carom,parry,harpy
reast,carom,parry,parka
reast,carom,parry,hardy
reast,carom,parry,larva
reast,carom,parry,harry
reast,carom,moral
reast,carom,adorn,agora
reast,carom,adorn,polar
reast,carom,adorn,adorn
reast,carom,adorn,flora
reast,carom,adorn,broad
reast,carom,adorn,groan
reast,carom,adorn,organ
reast,carom,cargo
reast,carom,coral
reast,carom,circa
reast,carom,mural
reast,beset
reast,bandy,yearn
reast,bandy,beard
reast,bandy,heard
reast,bandy,learn
reast,bandy,pearl
reast,bandy,weary
reast,apron,scram
reast,apron,spray
reast,apron,sonar
reast,apron,savor
reast,apron,arson
reast,apron,solar
reast,apron,sugar
reast,apron,scrap
reast,himbo,twist
reast,himbo,midst
reast,himbo,joust
reast,himbo,boost
reast,himbo,moist
reast,himbo,hoist
reast,himbo,ghost
reast,himbo,foist,joist
reast,himbo,foist,foist
reast,plink,silky
reast,plink,pushy
reast,plink,silly,solid
reast,plink,silly,silly
reast,plink,spiny
reast,plink,shock,shock
reast,plink,shock,shuck
reast,plink,shock,shook
reast,plink,shock,smock
reast,plink,bushy,bosom
reast,plink,bushy,bushy
reast,plink,bushy,mucus
reast,plink,bushy,mushy
reast,plink,bushy,showy
reast,plink,bushy,scoff
reast,plink,bushy,focus
reast,plink,bushy,humus
reast,plink,bushy,soggy
reast,plink,disco,squib
reast,plink,disco,sushi
reast,plink,disco,fishy
reast,plink,disco,disco
reast,plink,disco,music
reast,plink,disco,ficus
reast,plink,slink
reast,plink,spunk
reast,plink,slyly
reast,plink,scion,scion
reast,plink,scion,sniff
reast,plink,slick
reast,plink,bison,minus
reast,plink,bison,sonic
reast,plink,bison,bison
reast,plink,slung
reast,plink,skunk
reast,plink,slimy
reast,plink,scoop,swoop
reast,plink,scoop,spoof
reast,plink,scoop,scoop
reast,plink,lupus,spool
reast,plink,lupus,lupus
reast,plink,slunk
reast,plink,spook
reast,plink,skill
reast,plink,suing,using
reast,plink,suing,suing
reast,plink,suing,shiny
reast,plink,suing,swing
reast,plink,spill
reast,plink,sloop,slump
reast,plink,sloop,sloop
reast,plink,skiff
reast,plink,swill
reast,plink,wispy
reast,plink,snoop,spoon
reast,plink,snoop,snoop
reast,plink,skull,skull
reast,plink,skull,sulky
reast,plink,abmho,musky
reast,plink,abmho,husky
reast,plink,abmho,dusky
reast,plink,abmho,smoky
reast,plink,shown,shown
reast,plink,shown,snuff
reast,plink,shown,snowy
reast,plink,shown,synod
reast,plink,shown,bonus
reast,plink,shown,swoon
reast,plink,sling
reast,plink,sound,sound
reast,plink,sound,swung
reast,plink,sound,sunny
reast,plink,spicy
reast,plink,shyly,shyly
reast,plink,shyly,sully
reast,plink,shyly,scowl
reast,plink,shyly,scold
reast,plink,shyly,locus
reast,plink,spoil
reast,plink,skulk
reast,plink,snuck
reast,plink,skimp,spiky
reast,plink,skimp,skimp
reast,raspy
reast,ample,lapse
reast,ample,false
reast,ample,cause
reast,ample,amuse
reast,ample,masse
reast,ample,abuse
reast,ample,pause
reast,depth,jetty,lefty
reast,depth,jetty,jetty
reast,depth,deity
reast,depth,betel
reast,depth,tepee
reast,depth,tepid
reast,depth,detox
reast,depth,fetid,teddy
reast,depth,fetid,fetid
reast,depth,petty
reast,depth,fetch
reast,depth,depth
reast,depth,hefty
reast,depth,teeth,tenth
reast,depth,teeth,teeth
reast,depth,tempo
reast,caird,chart
reast,caird,craft
reast,caird,tract
reast,caird,graft,grant
reast,caird,graft,graft
reast,caird,draft
reast,caird,trait
reast,caird,apart,quart
reast,caird,apart,apart
reast,yulan,sally
reast,yulan,basic,basic
reast,yulan,basic,sigma
reast,yulan,basic,basis
reast,yulan,sauna
reast,yulan,sumac
reast,yulan,basal,basal
reast,yulan,basal,shoal
reast,yulan,salad
reast,yulan,sadly
reast,yulan,assay
reast,yulan,savoy,sappy
reast,yulan,savoy,savvy
reast,yulan,savoy,savoy
reast,yulan,saucy
reast,yulan,scuba
reast,yulan,usual
reast,yulan,salon
reast,yulan,basil
reast,yulan,basin,mason
reast,yulan,basin,basin
reast,yulan,nasal
reast,yulan,salvo
reast,yulan,squad
reast,yulan,sandy
reast,haply,hasty
reast,haply,vista
reast,haply,pasta
reast,haply,nasty,nasty
reast,haply,nasty,tasty
reast,haply,pasty
reast,haply,satin
reast,haply,salty
reast,abele,plate
reast,abele,elate
reast,abele,agate
reast,abele,abate
reast,abele,ovate
reast,ratio,ratty
reast,ratio,ratio
reast,loath,thank
reast,loath,loath
reast,loath,twang
reast,bacco,coast
reast,bacco,blast
reast,bacco,toast
reast,bacco,boast
reast,trash
reast,angle,canoe,naive
reast,angle,canoe,dance
reast,angle,canoe,canoe
reast,angle,bagel
reast,angle,alike,alive
reast,angle,alike,alike
reast,angle,amble,ample
reast,angle,amble,amble
reast,angle,amble,apple
reast,angle,gavel,gavel
reast,angle,gavel,gleam
reast,angle,cameo,cameo
reast,angle,cameo,cheap
reast,angle,anime,anime
reast,angle,anime,anode
reast,angle,bicep,equal
reast,angle,bicep,lapel
reast,angle,bicep,label
reast,angle,bicep,camel
reast,angle,bicep,hazel
reast,angle,bicep,bleak
reast,angle,bicep,ideal
reast,angle,bicep,plead
reast,angle,alien
reast,angle,becap,cable
reast,angle,becap,fable
reast,angle,becap,ladle
reast,angle,becap,maple
reast,angle,abide,awoke
reast,angle,abide,abode
reast,angle,abide,above
reast,angle,abide,adobe
reast,angle,abide,abide
reast,angle,abled,abled
reast,angle,abled,alley
reast,angle,alone
reast,angle,navel,navel
reast,angle,navel,clean
reast,angle,navel,laden
reast,angle,navel,panel
reast,angle,enema,enema
reast,angle,enema,knead
reast,angle,angle
reast,angle,vague
reast,angle,lance
reast,angle,mange
reast,angle,halve,valve
reast,angle,halve,value
reast,angle,halve,halve
reast,angle,omega
reast,angle,gauge,gauze
reast,angle,gauge,gauge
reast,angle,gauge,badge
reast,angle,gauge,gaffe
reast,angle,glean
reast,angle,amity,waive
reast,angle,amity,cache
reast,angle,amity,payee
reast,angle,amity,maize
reast,angle,amity,maybe
reast,angle,amity,mauve
reast,angle,angel
reast,angle,agile
reast,angle,amend,amend
reast,angle,amend,apnea
reast,angle,ankle
reast,angle,aweto,ocean
reast,angle,aweto,oaken
reast,angle,aweto,haven
reast,angle,aweto,hyena
reast,angle,aweto,waxen
reast,angle,algae
reast,angle,annex
reast,angle,eagle
reast,angle,cagey
reast,angle,abbey,ahead
reast,angle,abbey,abbey
reast,abacs,grasp
reast,abacs,crash
reast,abacs,grass
reast,abacs,brash
reast,abacs,brass
reast,abacs,crass
reast,plonk,shaky
reast,plonk,snaky
reast,plonk,scamp,scamp
reast,plonk,scamp,swamp
reast,plonk,chewy,shall
reast,plonk,chewy,scald
reast,plonk,chewy,shawl
reast,plonk,chewy,scaly
reast,plonk,chewy,small
reast,plonk,scalp
reast,plonk,slang
reast,plonk,slain
reast,plonk,spawn
reast,plonk,slack
reast,plonk,shank
reast,plonk,chaos
reast,plonk,shady,swami
reast,plonk,shady,shady
reast,plonk,spank
reast,plonk,psalm
reast,plonk,snack
reast,plonk,soapy
reast,plonk,snail
reast,plonk,shack,smack
reast,plonk,shack,shack
reast,black,flare,flare
reast,black,flare,glare
reast,black,blare
reast,black,grace
reast,black,brave
reast,black,amped,grave,graze
reast,black,amped,grave,grave
reast,black,amped,frame
reast,black,amped,grade
reast,black,amped,drape
reast,black,amped,aware
reast,black,amped,grape
reast,black,drake
reast,black,brace
reast,black,brake
reast,black,anvil,crave
reast,black,anvil,craze
reast,black,anvil,crane
reast,teary
reast,verse,verso
reast,verse,verse
reast,shalt,shaft
reast,shalt,shalt
reast,shalt,scant
reast,shalt,slant
reast,risky
reast,groin,burnt
reast,groin,droit
reast,groin,crypt
reast,groin,grunt
reast,groin,front
reast,groin,orbit
reast,groin,drift
reast,groin,blurt
reast,groin,court
reast,groin,fruit
reast,groin,grout
reast,groin,brunt
reast,groin,flirt
reast,groin,print
reast,groin,trout
reast,clipe,snipe
reast,clipe,smile
reast,clipe,since
reast,clipe,sleep
reast,clipe,spell
reast,clipe,slice
reast,clipe,speck
reast,clipe,slide,slime
reast,clipe,slide,slide
reast,clipe,sheep,speed
reast,clipe,sheep,sheep
reast,clipe,sheep,sweep
reast,clipe,sheep,spend
reast,clipe,sleek
reast,clipe,shied
reast,clipe,bused,bused
reast,clipe,bused,nosey
reast,clipe,bused,sheen
reast,clipe,shine,snide
reast,clipe,shine,shine
reast,clipe,shine,swine
reast,clipe,shone,smoke
reast,clipe,shone,shone
reast,clipe,shone,ensue
reast,clipe,shone,shove
reast,clipe,spoke
reast,clipe,scene,scene
reast,clipe,scene,scone
reast,clipe,fehme,shell
reast,clipe,fehme,swell
reast,clipe,fehme,shelf
reast,clipe,fehme,smell
reast,clipe,sheik,sheik
reast,clipe,sheik,sinew
reast,clipe,siege,singe
reast,clipe,siege,siege
reast,clipe,siege,issue
reast,clipe,siege,sieve
reast,clipe,spice
reast,clipe,scope
reast,clipe,solve
reast,clipe,spiel
reast,clipe,spied
reast,clipe,spike,spine
reast,clipe,spike,spike
reast,clipe,slope
reast,route
reast,diver,rifle
reast,diver,rodeo
reast,diver,ridge
reast,diver,river
reast,diver,rogue,rouge
reast,diver,rogue,rhyme
reast,diver,rogue,rogue
reast,diver,rider
reast,diver,ruder
reast,diver,rupee
reast,diver,rover
reast,diver,roger,ruler
reast,diver,roger,rower
reast,diver,roger,roger
reast,diver,riper
reast,diver,ripen
reast,beret,beret
reast,beret,merit
reast,retro,retro
reast,retro,retry
reast,retro,retch
reast,deter,deter
reast,deter,meter
reast,deter,metro
reast,deter,tenor
reast,deter,berth
reast,dense,sense
reast,dense,welsh
reast,dense,dense
reast,dense,geese
reast,pleon,scent
reast,pleon,sleet
reast,pleon,smelt
reast,pleon,unset
reast,pleon,upset
reast,pleon,islet
reast,pleon,sheet,sweet
reast,pleon,sheet,sheet
reast,pleon,slept
reast,pleon,swept
reast,pleon,spent
reast,pleon,onset
reast,pleon,spelt
reast,reset
reast,pleon,style
reast,pleon,stoke,smote
reast,pleon,stoke,stove
reast,pleon,stoke,stoke
reast,pleon,stole
reast,pleon,smite,smite
reast,pleon,smite,suite
reast,pleon,steep
reast,pleon,steed
reast,pleon,stone
reast,pleon,steel
reast,pleon,ethos
reast,pleon,spite
reast,pleon,stein
reast,ships,whisk
reast,ships,blush,flush
reast,ships,blush,blush
reast,ships,floss,gloss
reast,ships,floss,floss
reast,ships,hussy
reast,ships,kiosk
reast,ships,noisy
reast,ships,shush
reast,ships,bliss
reast,ships,gypsy
reast,ships,missy
reast,ships,bossy,fussy
reast,ships,bossy,mossy
reast,ships,bossy,bossy
reast,ships,swish
reast,ships,sissy
reast,ships,slosh,slosh
reast,ships,slosh,slush
reast,ships,plush
reast,ships,gipsy
reast,ships,lousy
reast,fluid,adopt
reast,fluid,bloat,bloat
reast,fluid,bloat,gloat
reast,fluid,bloat,allot
reast,fluid,faint
reast,fluid,aloft
reast,fluid,fault
reast,fluid,audit
reast,fluid,paint,paint
reast,fluid,paint,taint
reast,fluid,admit
reast,fluid,tavah,gaunt,jaunt
reast,fluid,tavah,gaunt,gaunt
reast,fluid,tavah,vaunt
reast,fluid,tavah,taunt
reast,fluid,tavah,haunt
reast,fluid,habit,habit
reast,fluid,habit,tacit
reast,fluid,caput,about
reast,fluid,caput,caput
reast,fluid,caput,gamut
reast,fluid,daunt
reast,fluid,abbot,abbot
reast,fluid,abbot,yacht
reast,fluid,float
reast,fluid,afoot
reast,fluid,vault
reast,fluid,adult
reast,bidon,rainy
reast,bidon,radii
reast,bidon,ranch
reast,bidon,radio
reast,bidon,rayon
reast,bidon,rival
reast,bidon,razor
reast,bidon,rajah,rajah
reast,bidon,rajah,rally
reast,bidon,rajah,rural
reast,bidon,rajah,ralph
reast,bidon,royal
reast,bidon,rabid
reast,bidon,rapid
reast,bidon,rabbi
reast,bidon,randy
reast,bidon,rumba
reast,bidon,radar
reast,goyim,stoic
reast,goyim,sooty
reast,goyim,musty
reast,goyim,sting
reast,goyim,alcid,stood
reast,goyim,alcid,stock
reast,goyim,alcid,sloth
reast,goyim,alcid,stool
reast,goyim,alcid,stoop
reast,goyim,stung
reast,goyim,sooth,south
reast,goyim,sooth,sooth
reast,goyim,stony
reast,goyim,stomp
reast,goyim,blink,sixth
reast,goyim,blink,still
reast,goyim,blink,stink
reast,goyim,blink,stiff
reast,goyim,blink,stick
reast,goyim,stuck,stunk
reast,goyim,stuck,stuff
reast,goyim,stuck,stuck
reast,goyim,gusto
reast,goyim,gusty
reast,goyim,sixty
reast,goyim,dusty,lusty
reast,goyim,dusty,study
reast,goyim,dusty,dusty
reast,goyim,smith
reast,goyim,stump
reast,rivet
reast,abort,abort
reast,abort,tarot
reast,abort,carat
reast,badly,feast
reast,badly,least
reast,badly,beast
reast,badly,yeast
reast,leant,dealt
reast,leant,leapt
reast,leant,meant
reast,leant,leant
reast,gilpy,salsa
reast,gilpy,lasso
reast,gilpy,sassy
reast,gilpy,amiss
reast,gilpy,gassy
reast,gilpy,palsy
reast,gilpy,daisy
reast,gilpy,pansy
reast,gilpy,abyss
reast,indol,dodge,dodge
reast,indol,dodge,modem
reast,indol,glebe,elope
reast,indol,glebe,bloke
reast,indol,glebe,whole
reast,indol,glebe,glove
reast,indol,glebe,clove
reast,indol,glebe,boule
reast,indol,glebe,golem
reast,indol,glebe,globe
reast,indol,kneel
reast,indol,diode,diode
reast,indol,diode,oxide
reast,indol,biome,movie
reast,indol,biome,biome
reast,indol,biome,voice
reast,indol,embed
reast,indol,endow
reast,indol,index
reast,indol,widen
reast,indol,dunce
reast,indol,impel
reast,indol,olden
reast,indol,hymen,queen
reast,indol,hymen,hymen
reast,indol,gnome
reast,indol,mochy,money
reast,indol,mochy,woken,woven
reast,indol,mochy,woken,woken
reast,indol,mochy,boney
reast,indol,mochy,ounce
reast,indol,mochy,honey
reast,indol,mochy,phone
reast,indol,mochy,ebony
reast,indol,mochy,ozone
reast,indol,mochy,women
reast,indol,mochy,coven
reast,indol,midge
reast,indol,liken,liken
reast,indol,liken,linen
reast,indol,liken,elfin
reast,indol,lodge
reast,indol,juice,chief
reast,indol,juice,piece
reast,indol,juice,equip
reast,indol,juice,bicep
reast,indol,juice,pique
reast,indol,juice,pixie
reast,indol,juice,juice
reast,indol,juice,chime
reast,indol,undue
reast,indol,abaft,judge
reast,indol,abaft,budge
reast,indol,abaft,fudge
reast,indol,clone,clone
reast,indol,clone,noble
reast,indol,novel
reast,indol,fiend
reast,indol,blend
reast,indol,dwell
reast,indol,nudge
reast,indol,enemy
reast,indol,libel,libel
reast,indol,libel,pixel
reast,indol,enjoy,enjoy
reast,indol,enjoy,envoy
reast,indol,feyed,yield
reast,indol,feyed,elide
reast,indol,feyed,glide
reast,indol,feyed,wield
reast,indol,feyed,field
reast,indol,feyed,plied
reast,indol,ennui,knife
reast,indol,ennui,ennui
reast,indol,bleed,bleed
reast,indol,bleed,elude
reast,indol,bleed,clued
reast,indol,liege,liege
reast,indol,liege,bilge
reast,indol,liege,while
reast,indol,liege,exile
reast,indol,liege,guile
reast,indol,liege,bible
reast,indol,elbow
reast,indol,chide,edify
reast,indol,chide,dicey
reast,indol,chide,guide
reast,indol,chide,chide
reast,indol,bulky,bleep
reast,indol,bulky,flume,flume
reast,indol,bulky,flume,plume
reast,indol,bulky,fluke
reast,indol,bulky,elegy
reast,indol,bulky,whelp
reast,indol,bulky,cycle
reast,indol,bulky,bugle
reast,indol,bulky,bulge
reast,indol,bulky,fleck
reast,indol,check,queue
reast,indol,check,fugue
reast,indol,check,emcee
reast,indol,check,check
reast,indol,check,cheek
reast,indol,opine,ovine
reast,indol,opine,opine
reast,indol,excel,excel
reast,indol,excel,wheel
reast,indol,excel,quell
reast,indol,excel,expel
reast,indol,lumen,lunge
reast,indol,lumen,lumen
reast,indol,dopey
reast,indol,video
reast,indol,olive
reast,indol,coupe,vogue
reast,indol,coupe,booze
reast,indol,coupe,coupe
reast,indol,coupe,gouge
reast,indol,coupe,covey
reast,indol,coupe,gooey
reast,indol,coupe,evoke
reast,indol,coupe,epoch
reast,indol,coupe,choke
reast,indol,coupe,epoxy
reast,indol,uncle
reast,indol,imbue
reast,indol,hinge,niche
reast,indol,hinge,vixen
reast,indol,hinge,binge
reast,indol,hinge,given
reast,indol,hinge,niece
reast,indol,hinge,eking,eking
reast,indol,hinge,eking,eying
reast,indol,hinge,mince,wince
reast,indol,hinge,mince,mince
reast,indol,hinge,whine
reast,indol,hinge,piney
reast,indol,hinge,hinge
reast,indol,unfed,unfed
reast,indol,unfed,unwed
reast,indol,unfed,kneed
reast,indol,model
reast,indol,bowel,bowel
reast,indol,bowel,hovel
reast,indol,bowel,vowel
reast,indol,dowel
reast,indol,dozen
reast,bagel,aider
reast,bagel,found,dread
reast,bagel,found,adore
reast,bagel,found,arena
reast,bagel,found,azure
reast,bagel,found,dream
reast,bagel,found,opera
reast,bagel,found,freak
reast,bagel,found,afire
reast,bagel,found,creak,wreak
reast,bagel,found,creak,cream
reast,bagel,found,creak,creak
reast,bagel,lager
reast,bagel,eager,eager
reast,bagel,eager,wager
reast,bagel,bread,break
reast,bagel,bread,bread
reast,bagel,abysm,gazer
reast,bagel,abysm,gayer
reast,bagel,abysm,gamer
reast,bagel,baler
reast,bagel,layer,paler
reast,bagel,layer,layer
reast,bagel,amber
reast,bagel,anger
reast,bagel,baker
reast,bagel,moppy,harem
reast,bagel,moppy,paper
reast,bagel,moppy,payer
reast,bagel,moppy,parer
reast,bagel,moppy,caper
reast,bagel,moppy,maker
reast,bagel,moppy,wafer,waver
reast,bagel,moppy,wafer,wafer
reast,bagel,carve,carve
reast,bagel,carve,farce
reast,bagel,clear
reast,bagel,large
reast,bagel,argue
reast,bagel,agree
reast,bagel,early
reast,bagel,barge
reast,ancho,spare
reast,ancho,snare
reast,ancho,share
reast,ancho,scare
reast,acold,reach
reast,acold,rearm
reast,acold,ready
reast,acold,realm
reast,liven,renew
reast,liven,reign
reast,liven,refer
reast,liven,recur,recur
reast,liven,recur,reedy
reast,liven,relic
reast,liven,rerun
reast,liven,rebel,rebel
reast,liven,rebel,repel
reast,liven,revue
reast,liven,revel
reast,liven,reply
reast,latch,tread
reast,latch,later
reast,latch,abamp,taker
reast,latch,abamp,tamer
reast,latch,abamp,taper
reast,latch,earth
reast,latch,hater
reast,latch,after,extra
reast,latch,after,after
reast,latch,eater,eater
reast,latch,eater,water
reast,latch,alter
reast,latch,cater
reast,risen,risen
reast,risen,riser
reast,throb,third
reast,throb,dirty
reast,throb,fritz
reast,throb,thrum
reast,throb,torch
reast,throb,truth
reast,throb,tumor,tumor
reast,throb,tumor,tutor
reast,throb,tumor,troop
reast,throb,thorn
reast,throb,turbo
reast,throb,broth
reast,throb,troll
reast,throb,throb
reast,throb,throw
reast,throb,amnic,trump
reast,throb,amnic,trunk
reast,throb,amnic,trick
reast,throb,amnic,truly
reast,throb,amnic,twirl
reast,throb,amnic,truck
reast,throb,froth
reast,throb,girth,girth
reast,throb,girth,mirth
reast,throb,intro
reast,throb,adown,north
reast,throb,adown,worth
reast,throb,adown,forth
reast,throb,birth
reast,throb,forty
reast,throb,motor
reast,chase,abase
reast,chase,chase
reast,chase,phase
reast,stair,stark
reast,stair,stair
reast,lymph,spark
reast,lymph,scarf
reast,lymph,snarl
reast,lymph,scary
reast,lymph,shard,shark
reast,lymph,shard,shard
reast,lymph,swarm
reast,lymph,sharp
reast,arise,parse
reast,arise,arise
reast,arise,arose
reast,alway,satyr
reast,alway,strap
reast,alway,stray
reast,alway,straw
reast,podal,warty
reast,podal,altar
reast,podal,actor
reast,podal,ultra
reast,podal,tapir
reast,podal,trial
reast,podal,triad
reast,podal,tardy
reast,podal,aorta
reast,podal,party
reast,chops,nurse
reast,chops,fresh
reast,chops,curse
reast,chops,press
reast,chops,purse
reast,chops,horse
reast,chops,worse
reast,chops,dress
reast,chops,prose
reast,chops,cress
reast,rotor
reast,steer,steer
reast,steer,stern
reast,steer,ester
reast,steer,store
reast,agave,avert
reast,agave,alert
reast,agave,treat
reast,agave,great
reast,patsy
reast,glike,stale
reast,glike,skate
reast,glike,stake
reast,glike,state,state
reast,glike,state,stave
reast,glike,slate
reast,glike,stage
