roate,trace,trade
roate,trace,trace
roate,trace,stare
roate,retro
roate,aband,alone
roate,aband,anode
roate,aband,adobe
roate,aband,above
roate,aband,awoke
roate,aband,canoe
roate,aband,abode
roate,bandy,learn
roate,bandy,heard
roate,bandy,yearn
roate,bandy,beard
roate,bandy,pearl
roate,bandy,weary
roate,snool,chawk,scoop
roate,snool,chawk,shook
roate,snool,chawk,swoop
roate,snool,chawk,spoof
roate,snool,chawk,spook
roate,snool,ghoul
roate,snool,spool
roate,snool,onion
roate,snool,kiosk
roate,snool,gumbo,gumbo
roate,snool,gumbo,opium
roate,snool,gumbo,jumbo
roate,snool,gumbo,hippo
roate,snool,nylon
roate,snool,bacon,blond
roate,snool,bacon,clown
roate,snool,bacon,blown
roate,snool,bacon,flown
roate,snool,phony
roate,snool,bison
roate,snool,bacca,flock
roate,snool,bacca,clock
roate,snool,bacca,block
roate,snool,bacca,cloud
roate,snool,disco
roate,snool,knock,known
roate,snool,knock,knock
roate,snool,inbox,inbox
roate,snool,inbox,union
roate,snool,whoop
roate,snool,scowl,scowl
roate,snool,scowl,spoil
roate,snool,sloop
roate,snool,shown
roate,snool,blood,bloom
roate,snool,blood,flood
roate,snool,blood,gloom
roate,snool,blood,blood
roate,snool,scion,synod
roate,snool,scion,scion
roate,snool,floss,gloss
roate,snool,floss,floss
roate,snool,scold,slosh
roate,snool,scold,scold
roate,snool,chock
roate,snool,knoll
roate,snool,igloo
roate,snool,snoop
roate,snool,shock,smock
roate,snool,shock,showy
roate,snool,shock,shock
roate,snool,shock,smoky
roate,snool,shock,scoff
roate,snool,bingo,dingo
roate,snool,bingo,owing
roate,snool,bingo,bingo
roate,snool,limbo,oddly
roate,snool,limbo,limbo
roate,snool,snowy
roate,snool,ovoid
roate,snool,lingo
roate,snool,spoon,spoon
roate,snool,spoon,swoon
roate,snool,buxom,buxom
roate,snool,buxom,idiom
roate,snool,buxom,widow
roate,enols,dealt
roate,enols,least
roate,enols,teach
roate,enols,leant
roate,enols,exact
roate,enols,enact
roate,enols,exalt
roate,enols,leapt
roate,enols,meant
roate,enols,abaft,feast
roate,enols,abaft,yeast
roate,enols,abaft,beast
roate,trope,store
roate,trope,trope
roate,trope,trove
roate,slank,stole
roate,slank,stone
roate,slank,those
roate,slank,stove
roate,slank,stoke
roate,phons,grope
roate,phons,crone,drone
roate,phons,crone,crone
roate,phons,prone
roate,phons,prose
roate,phons,score,score
roate,phons,score,swore
roate,phons,bovid,broke
roate,phons,bovid,grove
roate,phons,bovid,erode
roate,phons,bovid,froze
roate,phons,bovid,drove
roate,phons,shore
roate,phons,snore
roate,phons,chore
roate,phons,spore
roate,phons,probe,prove
roate,phons,probe,probe
roate,phons,ombre
roate,dings,braid
roate,dings,award,fraud
roate,dings,award,award
roate,dings,award,chard
roate,dings,choky,brash
roate,dings,choky,swarm
roate,dings,choky,spark
roate,dings,choky,sharp
roate,dings,choky,scary
roate,dings,choky,crash
roate,dings,choky,scarf
roate,dings,choky,shark
roate,dings,drain
roate,dings,grail
roate,dings,drama,drama
roate,dings,drama,drawl
roate,dings,drama,dwarf
roate,dings,grass
roate,dings,grain
roate,dings,wrack,crawl
roate,dings,wrack,alarm
roate,dings,wrack,wrack
roate,dings,wrack,crack
roate,dings,wrack,cramp,cramp
roate,dings,wrack,cramp,crazy
roate,dings,wrack,wharf
roate,dings,wrack,brawl
roate,dings,wrack,charm
roate,dings,wrack,quark
roate,dings,brass,brass
roate,dings,brass,crass
roate,dings,chair,flair
roate,dings,chair,frail
roate,dings,chair,chair
roate,dings,grand
roate,dings,snarl
roate,dings,shard
roate,dings,capon,frank
roate,dings,capon,crank
roate,dings,capon,prank
roate,dings,capon,brawn
roate,dings,capon,prawn
roate,dings,guard
roate,dings,brand
roate,dings,brain
roate,dings,graph,graph
roate,dings,graph,gravy
roate,dings,diary
roate,dings,grasp
roate,dings,drank,drank
roate,dings,drank,drawn
roate,child,beady
roate,child,leach
roate,child,leafy,leafy
roate,child,leafy,leaky
roate,child,email
roate,child,heady
roate,child,mealy
roate,child,heavy
roate,child,leash
roate,child,beach,beach
roate,child,beach,peach
roate,beigy,truth
roate,beigy,fritz
roate,beigy,dirty
roate,beigy,birth
roate,beigy,mirth
roate,beigy,girth
roate,macon,among
roate,macon,mason
roate,macon,cacao
roate,macon,axion
roate,macon,canon
roate,macon,mango
roate,macon,mambo
roate,macon,aglow,allow
roate,macon,aglow,aloof
roate,macon,aglow,aglow
roate,macon,aglow,alloy
roate,macon,bayou,bayou
roate,macon,bayou,savoy
roate,macon,salon,salon
roate,macon,salon,wagon
roate,macon,havoc
roate,macon,axiom
roate,macon,banjo
roate,macon,annoy
roate,macon,lasso,salvo
roate,macon,lasso,lasso
roate,macon,agony,along
roate,macon,agony,agony
roate,macon,afoul,offal
roate,macon,afoul,shoal
roate,macon,afoul,audio
roate,macon,afoul,avoid
roate,macon,afoul,viola
roate,macon,afoul,afoul
roate,macon,afoul,aloud
roate,macon,cloak
roate,macon,bacon
roate,macon,macho
roate,sleet,tweed
roate,sleet,scent,swept
roate,sleet,scent,spent
roate,sleet,scent,scent
roate,sleet,inept,inept
roate,sleet,inept,theft
roate,sleet,duvet,unmet
roate,sleet,duvet,duvet
roate,sleet,duvet,quiet
roate,sleet,sheet,sheet
roate,sleet,sheet,sweet
roate,sleet,islet
roate,sleet,eject,eject
roate,sleet,eject,event
roate,sleet,unset,upset
roate,sleet,unset,unset
roate,sleet,setup
roate,sleet,steel
roate,sleet,filet,inlet
roate,sleet,filet,filet
roate,sleet,edict,debit
roate,sleet,edict,edict
roate,sleet,edict,debut
roate,sleet,edict,evict
roate,sleet,edict,befit
roate,sleet,edict,eight
roate,sleet,sleet
roate,sleet,dwelt,dwelt
roate,sleet,dwelt,knelt
roate,sleet,stein
roate,sleet,exult
roate,sleet,fetus
roate,sleet,fleet
roate,sleet,tweet
roate,sleet,elect
roate,sleet,beset
roate,sleet,smelt,smelt
roate,sleet,smelt,spelt
roate,sleet,steed,steed
roate,sleet,steed,steep
roate,sleet,cleft
roate,sleet,beget,tenet
roate,sleet,beget,beget
roate,sleet,fetid,ethic
roate,sleet,fetid,tepid
roate,sleet,fetid,fetid
roate,sleet,fetid,fetch
roate,sleet,fetid,teddy
roate,sleet,betel
roate,sleet,guest,quest
roate,sleet,guest,chest
roate,sleet,guest,guest
roate,sleet,exist,heist
roate,sleet,exist,exist
roate,sleet,thief
roate,sleet,slept
roate,other,metro
roate,other,overt
roate,other,other
roate,other,tenor
roate,other,outer
roate,other,otter
roate,bravo,bravo
roate,bravo,ovary
roate,roast
roate,acidy,rocky
roate,acidy,roomy
roate,acidy,robin
roate,acidy,round
roate,acidy,rough
roate,acidy,rowdy
roate,bloop,abbot
roate,bloop,afoot
roate,bloop,taboo
roate,bloop,baton
roate,bloop,talon
roate,bloop,allot
roate,bloop,tango
roate,bloop,patio
roate,bloop,atoll
roate,bloop,ascot
roate,bloop,octal
roate,bloop,about
roate,bloop,aloft,aloft
roate,bloop,aloft,gloat
roate,bloop,aloft,float
roate,bloop,bloat
roate,bloop,adopt
roate,blind,rabbi
roate,blind,rally,rally
roate,blind,rally,ralph
roate,blind,rally,rural
roate,blind,rival
roate,blind,rapid
roate,blind,ranch
roate,blind,rajah,rajah
roate,blind,rajah,raspy
roate,blind,rumba
roate,blind,radar
roate,blind,radii
roate,blind,randy
roate,blind,rainy
roate,blind,rabid
roate,cuish,tense
roate,cuish,cutie
roate,cuish,tulle
roate,cuish,untie
roate,cuish,twine
roate,cuish,tilde,title
roate,cuish,tilde,tilde
roate,cuish,these
roate,cuish,utile
roate,cuish,style
roate,cuish,theme,thyme
roate,cuish,theme,theme
roate,cuish,lithe,lithe
roate,cuish,lithe,tithe
roate,cuish,etude
roate,cuish,tepee
roate,cuish,twice
roate,clips,flail
roate,clips,shall,small
roate,clips,shall,shawl
roate,clips,shall,shall
roate,clips,chasm
roate,clips,clack,clack
roate,clips,clack,clang
roate,clips,clack,clank
roate,clips,claim
roate,clips,abmho,smack
roate,clips,abmho,snack
roate,clips,abmho,shack
roate,clips,clash
roate,clips,slack
roate,clips,snail
roate,clips,clamp
roate,clips,plaid,plaid
roate,clips,plaid,plain
roate,clips,quasi,swami
roate,clips,quasi,quasi
roate,clips,plank,plaza
roate,clips,plank,plank
roate,clips,shawn,smash
roate,clips,shawn,quash
roate,clips,shawn,snaky
roate,clips,shawn,shank
roate,clips,shawn,shady,shady
roate,clips,shawn,shady,shaky
roate,clips,shawn,awash
roate,clips,shawn,swash
roate,clips,shawn,gnash
roate,clips,glass
roate,clips,scald,scald
roate,clips,scald,scaly
roate,clips,flash,slang
roate,clips,flash,slash
roate,clips,flash,flash
roate,clips,flash,flask
roate,clips,chain
roate,clips,clasp
roate,clips,scalp
roate,clips,abuna,aback
roate,clips,abuna,whack
roate,clips,abuna,knack
roate,clips,abuna,quack
roate,clips,spank,spank
roate,clips,spank,spawn
roate,clips,spank,spasm
roate,clips,spank,swamp
roate,clips,chalk
roate,clips,slain
roate,clips,amass
roate,clips,champ
roate,clips,again,khaki
roate,clips,again,again
roate,clips,blank,gland
roate,clips,blank,flank
roate,clips,blank,llama
roate,clips,blank,flaky
roate,clips,blank,blank
roate,clips,blank,bland
roate,clips,psalm
roate,clips,guava
roate,clips,scamp
roate,clips,chaff
roate,clips,black,black
roate,clips,black,flack
roate,clips,qualm
roate,clips,class
roate,clips,avail,avail
roate,clips,avail,quail
roate,adsum,rhyme
roate,adsum,rifle
roate,adsum,ridge
roate,adsum,reuse
roate,adsum,rinse
roate,adsum,rupee
roate,adsum,revue
roate,slink,bunny,funny
roate,slink,bunny,bunny
roate,slink,spicy,swish
roate,slink,spicy,spicy
roate,slink,unify
roate,slink,snuff
roate,slink,silky
roate,slink,chuck
roate,slink,blink,blink
roate,slink,blink,clink
roate,slink,abaft,blush
roate,slink,abaft,plush
roate,slink,abaft,flush
roate,slink,aahed,husky
roate,slink,aahed,musky
roate,slink,aahed,dusky
roate,slink,cling,fling
roate,slink,cling,cling
roate,slink,cling,blind
roate,slink,bludy,quill
roate,slink,bludy,icily
roate,slink,bludy,chili,chili
roate,slink,bludy,chili,chill
roate,slink,bludy,child
roate,slink,bludy,guild
roate,slink,bludy,build
roate,slink,using
roate,slink,slimy
roate,slink,podgy,bully,fully
roate,slink,podgy,bully,bully
roate,slink,podgy,gully
roate,slink,podgy,dully
roate,slink,podgy,lumpy
roate,slink,podgy,gulch
roate,slink,podgy,mulch
roate,slink,podgy,lymph
roate,slink,podgy,pulpy
roate,slink,milky
roate,slink,bliss
roate,slink,sniff
roate,slink,ninny
roate,slink,clung,clung
roate,slink,clung,flung
roate,slink,skull,sulky
roate,slink,skull,skull
roate,slink,dying,whiny
roate,slink,dying,icing
roate,slink,dying,dying
roate,slink,dying,vying
roate,slink,sissy,sissy
roate,slink,sissy,sushi
roate,slink,sissy,squib
roate,slink,skiff,skimp
roate,slink,skiff,spiky
roate,slink,skiff,skiff
roate,slink,cluck,cluck
roate,slink,cluck,pluck
roate,slink,slump,slyly
roate,slink,slump,slush
roate,slink,slump,slump
roate,slink,snuck
roate,slink,slung
roate,slink,shyly,shyly
roate,slink,shyly,sully
roate,slink,spill,swill
roate,slink,spill,spill
roate,slink,shush
roate,slink,appuy,shiny
roate,slink,appuy,swing
roate,slink,appuy,spiny
roate,slink,appuy,suing
roate,slink,lunch,lunch
roate,slink,lunch,lynch
roate,slink,bumph,pushy
roate,slink,bumph,mucus
roate,slink,bumph,gypsy
roate,slink,bumph,hussy
roate,slink,bumph,bushy
roate,slink,bumph,humus
roate,slink,bumph,mushy
roate,slink,bumph,fussy
roate,slink,shuck
roate,slink,dumpy,jumpy
roate,slink,dumpy,humph
roate,slink,dumpy,puffy
roate,slink,dumpy,chump
roate,slink,dumpy,dumpy
roate,slink,dumpy,gummy,gummy
roate,slink,dumpy,gummy,mummy
roate,slink,dumpy,guppy,guppy
roate,slink,dumpy,guppy,puppy
roate,slink,dumpy,buddy
roate,slink,dumpy,pudgy
roate,slink,dumpy,duchy
roate,slink,dumpy,dummy
roate,slink,dumpy,pygmy
roate,slink,dumpy,buggy,buggy
roate,slink,dumpy,buggy,fuzzy
roate,slink,dumpy,muddy
roate,slink,silly
roate,slink,dumpy,hippy
roate,slink,dumpy,fizzy,fizzy
roate,slink,dumpy,fizzy,jiffy
roate,slink,dumpy,humid
roate,slink,dumpy,dizzy
roate,slink,dumpy,pubic
roate,slink,dumpy,biddy,giddy
roate,slink,dumpy,biddy,biddy
roate,slink,dumpy,mimic
roate,slink,dumpy,wimpy
roate,slink,dumpy,civic
roate,slink,dumpy,piggy
roate,slink,dumpy,cubic
roate,slink,dumpy,vivid
roate,slink,vinyl
roate,slink,abamp,hunch
roate,slink,abamp,punch
roate,slink,abamp,nymph
roate,slink,abamp,bunch
roate,slink,abamp,munch
roate,slink,funky,funky
roate,slink,funky,hunky
roate,slink,click,click
roate,slink,click,flick
roate,slink,skulk
roate,slink,cupid,cumin
roate,slink,cupid,pinch
roate,slink,cupid,dingy,windy
roate,slink,cupid,dingy,dingy
roate,slink,cupid,minim
roate,slink,cupid,finch,winch
roate,slink,cupid,finch,finch
roate,slink,cupid,undid
roate,slink,cupid,cinch
roate,slink,cupid,cynic
roate,slink,cupid,unzip
roate,slink,cupid,fungi
roate,slink,skill
roate,slink,picky
roate,slink,chunk
roate,slink,plumb,bluff
roate,slink,plumb,clump
roate,slink,plumb,fluff
roate,slink,plumb,glyph
roate,slink,plumb,plump
roate,slink,plumb,plumb
roate,slink,sunny,swung
roate,slink,sunny,sunny
roate,slink,kinky,pinky
roate,slink,kinky,kinky
roate,slink,sling
roate,slink,slunk
roate,slink,dumpy,dimly
roate,slink,dumpy,filmy
roate,slink,dumpy,civil,vigil
roate,slink,dumpy,civil,civil
roate,slink,dumpy,idyll
roate,slink,dumpy,dilly
roate,slink,dumpy,fowth,willy
roate,slink,dumpy,fowth,billy
roate,slink,dumpy,fowth,filly
roate,slink,dumpy,fowth,hilly
roate,slink,dumpy,lucid
roate,slink,dumpy,livid
roate,slink,dumpy,lipid
roate,slink,dumpy,pupil
roate,slink,dumpy,imply
roate,slink,chick,quick
roate,slink,chick,chick
roate,slink,fluid
roate,slink,blimp,blimp
roate,slink,blimp,cliff
roate,slink,blimp,climb
roate,slink,gipsy,missy
roate,slink,gipsy,music
roate,slink,gipsy,fishy
roate,slink,gipsy,ficus
roate,slink,gipsy,gipsy
roate,slink,gipsy,wispy
roate,slink,lupus
roate,slink,slick
roate,slink,bulky,bulky
roate,slink,bulky,lucky
roate,slink,minus
roate,slink,slink
roate,slink,mucky
roate,slink,skunk,skunk
roate,slink,skunk,spunk
roate,slink,flunk,plunk
roate,slink,flunk,flunk
roate,slink,lying
roate,slink,juicy,which
roate,slink,juicy,whiff
roate,slink,juicy,juicy
roate,slink,whisk
roate,ficus,retch
roate,ficus,refit
roate,ficus,remit
roate,ficus,rivet
roate,ficus,retry
roate,ficus,rebut
roate,ficus,recut
roate,ficus,reset
roate,plesh,depth
roate,plesh,hefty
roate,plesh,testy,testy
roate,plesh,testy,zesty
roate,plesh,deity,jetty
roate,plesh,deity,deity
roate,plesh,teeth
roate,plesh,empty
roate,plesh,tenth
roate,plesh,piety
roate,plesh,petty
roate,plesh,lefty
roate,split,trail
roate,split,train
roate,split,track
roate,split,stark
roate,split,trait
roate,split,tramp
roate,split,tiara
roate,split,craft,quart
roate,split,craft,tract
roate,split,craft,craft
roate,split,craft,draft,graft
roate,split,craft,draft,draft
roate,split,craft,grant
roate,split,craft,chart
roate,split,trawl
roate,split,apart
roate,split,stair
roate,split,smart,start
roate,split,smart,smart
roate,split,trash
roate,forte
roate,earth
roate,advew,rodeo
roate,advew,rower
roate,advew,roger
roate,advew,rover
roate,milch,covet
roate,milch,token
roate,milch,comet
roate,milch,totem
roate,milch,hotel
roate,milch,towel
roate,milch,motel
roate,maven,dopey,bowel
roate,maven,dopey,dowel
roate,maven,dopey,gooey
roate,maven,dopey,dopey
roate,maven,dozen,woken
roate,maven,dozen,dozen
roate,maven,poesy
roate,maven,coven,coven
roate,maven,coven,woven
roate,maven,covey,hovel
roate,maven,covey,covey
roate,maven,golem
roate,maven,money
roate,maven,boney,honey
roate,maven,boney,nosey
roate,maven,boney,boney
roate,maven,novel
roate,maven,vowel
roate,maven,women
roate,maven,model,modem
roate,maven,model,model
roate,salmi,chugs,gauze
roate,salmi,chugs,gaffe
roate,salmi,chugs,cache
roate,salmi,chugs,gauge
roate,salmi,chugs,dance
roate,salmi,chugs,badge
roate,salmi,chugs,payee
roate,salmi,chugs,vague
roate,salmi,aband,maybe
roate,salmi,aband,mauve
roate,salmi,aband,mange
roate,salmi,halve,halve
roate,salmi,halve,valve
roate,salmi,halve,value
roate,salmi,aside
roate,salmi,maple
roate,salmi,anime
roate,salmi,abuse
roate,salmi,abcee,fable
roate,salmi,abcee,eagle
roate,salmi,abcee,lance
roate,salmi,abcee,cable
roate,salmi,abcee,ladle
roate,salmi,cause,cause
roate,salmi,cause,pause
roate,salmi,amble,amble
roate,salmi,amble,ample
roate,salmi,angle,angle
roate,salmi,angle,ankle
roate,salmi,angle,algae
roate,salmi,angle,apple
roate,salmi,false
roate,salmi,naive,naive
roate,salmi,naive,waive
roate,salmi,abide
roate,salmi,salve
roate,salmi,alike,alike
roate,salmi,alike,alive
roate,salmi,alike,agile
roate,salmi,amuse
roate,salmi,maize
roate,salmi,masse
roate,salmi,aisle
roate,salmi,lapse
roate,salmi,sauce
roate,bunch,ditto
roate,bunch,pinto
roate,bunch,gusto
roate,bunch,junto
roate,bunch,photo
roate,bunch,quoth
roate,bunch,cloth
roate,bunch,sloth
roate,party,warty
roate,party,party
roate,wrath
roate,bushy,south
roate,bushy,youth
roate,bushy,booth
roate,bushy,lofty
roate,bushy,motto
roate,bushy,month,tooth
roate,bushy,month,month
roate,bushy,sooth
roate,bushy,mouth
roate,bushy,pouty
roate,bushy,sooty
roate,bushy,booty
roate,pedal,pedal
roate,pedal,alien,alley
roate,pedal,alien,alien
roate,pedal,ahead,knead
roate,pedal,ahead,ahead
roate,pedal,fella
roate,pedal,apnea
roate,pedal,media
roate,pedal,laden
roate,pedal,lapel
roate,pedal,bachs,camel
roate,pedal,bachs,label
roate,pedal,bachs,angel
roate,pedal,bachs,hazel
roate,pedal,bachs,easel
roate,pedal,bachs,bagel
roate,pedal,bachs,gavel,gavel
roate,pedal,bachs,gavel,navel
roate,pedal,medal
roate,pedal,equal
roate,pedal,ashen,ashen
roate,pedal,ashen,hyena
roate,pedal,ashen,enema
roate,pedal,ashen,askew
roate,pedal,ashen,haven
roate,pedal,ashen,abbey
roate,pedal,ashen,cagey
roate,pedal,ashen,waxen
roate,pedal,ashen,annex
roate,pedal,sedan
roate,pedal,abled
roate,pedal,decay
roate,pedal,fecal,legal
roate,pedal,fecal,fecal
roate,pedal,began,kebab
roate,pedal,began,vegan
roate,pedal,began,began
roate,pedal,sepia
roate,pedal,cheap,cheap
roate,pedal,cheap,speak
roate,pedal,penal
roate,pedal,ideal
roate,pedal,decal
roate,pedal,glean,clean
roate,pedal,glean,gleam
roate,pedal,glean,bleak
roate,pedal,glean,glean
roate,pedal,delay
roate,pedal,amend
roate,pedal,plead
roate,pedal,mecca
roate,pedal,essay,sneak
roate,pedal,essay,essay
roate,pedal,pecan
roate,pedal,panel
roate,route
roate,raise,range
roate,raise,raise
roate,scowl,lower
roate,scowl,wooer
roate,scowl,loser
roate,scowl,poser
roate,scowl,corer,cover
roate,scowl,corer,corer
roate,scowl,nymph,poker
roate,scowl,nymph,goner
roate,scowl,nymph,boxer,joker
roate,scowl,nymph,boxer,boxer
roate,scowl,nymph,mover
roate,scowl,nymph,homer
roate,scowl,nymph,foyer
roate,scowl,nymph,hover
roate,scowl,mower,mower
roate,scowl,mower,power
roate,scowl,sower
roate,scowl,lover
roate,scowl,sober
roate,scowl,cower
roate,hinds,smith
roate,hinds,fifth,filth
roate,hinds,fifth,fifth
roate,hinds,batik,kitty
roate,hinds,batik,witty
roate,hinds,batik,fifty
roate,hinds,batik,bitty
roate,hinds,ninth
roate,hinds,agama,musty
roate,hinds,agama,lusty
roate,hinds,agama,gusty
roate,hinds,ditty
roate,hinds,blitz
roate,hinds,putty
roate,hinds,sixth
roate,hinds,nutty
roate,hinds,unity
roate,hinds,minty
roate,hinds,dusty
roate,hinds,width
roate,hinds,sixty
roate,bathe,bathe
roate,bathe,table
roate,bathe,lathe
roate,wrote
roate,rigid,risky
roate,rigid,rugby
roate,rigid,ruddy
roate,rigid,rigid
roate,cundy,dowry
roate,cundy,forgo,forgo
roate,cundy,forgo,morph
roate,cundy,moron
roate,cundy,honor
roate,cundy,horny
roate,cundy,donor
roate,cundy,forum
roate,cundy,color
roate,cundy,mourn
roate,cundy,ables,worry
roate,cundy,ables,lorry
roate,cundy,ables,sorry
roate,cundy,gourd
roate,cundy,porch
roate,cundy,world
roate,cundy,corny
roate,cundy,wordy
roate,sling,snide,snide
roate,sling,snide,snipe
roate,sling,singe
roate,sling,knife
roate,sling,nudge
roate,sling,penne
roate,sling,smile
roate,sling,lunge
roate,sling,spice,spike
roate,sling,spice,spice
roate,sling,spice,seize
roate,sling,belie,belie
roate,sling,belie,bible
roate,sling,ached,slime
roate,sling,ached,slide
roate,sling,ached,slice
roate,sling,chide,juice
roate,sling,chide,chide
roate,sling,chide,chime
roate,sling,mince,niece
roate,sling,mince,mince
roate,sling,mince,wince
roate,sling,mince,niche
roate,sling,sieve
roate,sling,glide
roate,sling,dense,ensue
roate,sling,dense,dense
roate,sling,uncle
roate,sling,acmic,pique
roate,sling,acmic,imbue
roate,sling,acmic,piece
roate,sling,acmic,pixie
roate,sling,since
roate,sling,awful,fugue
roate,sling,awful,fudge
roate,sling,awful,budge,budge
roate,sling,awful,budge,judge
roate,sling,awful,wedge
roate,sling,awful,hedge
roate,sling,midge
roate,sling,bilge,bilge
roate,sling,bilge,liege
roate,sling,issue
roate,sling,exile,exile
roate,sling,exile,while
roate,sling,flume,flume
roate,sling,flume,elude
roate,sling,flume,plume
roate,sling,flume,fluke
roate,sling,bugle,ledge
roate,sling,bugle,bulge
roate,sling,bugle,bugle
roate,sling,guide
roate,sling,geese
roate,sling,cheep,venue
roate,sling,cheep,fence
roate,sling,cheep,hence
roate,sling,cheep,undue
roate,sling,cheep,pence
roate,sling,cheep,dunce
roate,sling,segue
roate,sling,abbed,delve
roate,sling,abbed,melee
roate,sling,abbed,belle
roate,sling,abbed,cycle
roate,sling,guise
roate,sling,siege
roate,sling,deuce,deuce
roate,sling,deuce,femme
roate,sling,deuce,queue
roate,sling,deuce,emcee
roate,sling,pulse
roate,sling,elide
roate,sling,aheap,shine
roate,sling,aheap,spine
roate,sling,aheap,swine
roate,sling,sense
roate,sling,scene
roate,sling,binge,binge
roate,sling,binge,hinge
roate,sling,binge,genie
roate,sling,guile
roate,sling,whine
roate,torso,torus
roate,torso,motor
roate,torso,worst
roate,torso,torso
roate,torso,torch
roate,torso,court
roate,cumin,tonic
roate,cumin,notch
roate,cumin,topic,toxic
roate,cumin,topic,topic
roate,cumin,donut
roate,cumin,toxin
roate,cumin,hotly,boost
roate,cumin,hotly,toddy
roate,cumin,hotly,hotly
roate,cumin,aflaj,hoist
roate,cumin,aflaj,joist
roate,cumin,aflaj,foist
roate,cumin,mount
roate,cumin,moult
roate,cumin,vomit
roate,cumin,botch
roate,cumin,doubt,tough
roate,cumin,doubt,doubt
roate,cumin,doubt,joust
roate,cumin,moist
roate,cumin,posit
roate,cumin,joint,joint
roate,cumin,joint,point
roate,cumin,touch
roate,cumin,motif
roate,cumin,count
roate,alway,tardy
roate,alway,carat
roate,alway,ultra
roate,alway,trial
roate,alway,straw
roate,alway,artsy
roate,alway,satyr
roate,alway,altar
roate,alway,stray
roate,alway,tapir
roate,alway,strap,triad
roate,alway,strap,strap
roate,tower,tower
roate,tower,voter
roate,demon,olden
roate,demon,video
roate,demon,decoy
roate,demon,felon
roate,demon,below
roate,demon,demon
roate,demon,melon
roate,demon,cello,cello
roate,demon,cello,hello
roate,demon,cello,gecko
roate,demon,lemon
roate,demon,elbow
roate,demon,ebony
roate,demon,epoch,epoxy
roate,demon,epoch,epoch
roate,demon,endow
roate,demon,venom
roate,demon,enjoy,envoy
roate,demon,enjoy,enjoy
roate,trite,write
roate,trite,trite
roate,trite,brute
roate,quota
roate,snipy,pasta
roate,snipy,cacti
roate,snipy,nasty
roate,snipy,abaca,batty
roate,snipy,abaca,fatty,fatty
roate,snipy,abaca,fatty,tatty
roate,snipy,abaca,catty
roate,snipy,amity
roate,snipy,junta
roate,snipy,aunty
roate,snipy,patty
roate,snipy,pasty
roate,snipy,hasty,hasty
roate,snipy,hasty,tasty
roate,snipy,faith
roate,snipy,vista
roate,snipy,waltz
roate,snipy,salty
roate,board,hoard
roate,board,board
roate,chaos,chaos
roate,chaos,piano
roate,scuft,truss
roate,scuft,strut
roate,scuft,thrum
roate,scuft,abysm,trunk
roate,scuft,abysm,truly
roate,scuft,abysm,trump
roate,scuft,third,third
roate,scuft,third,twirl
roate,scuft,crypt
roate,scuft,burst
roate,scuft,trick
roate,scuft,fruit
roate,scuft,shirt,shirt
roate,scuft,shirt,skirt
roate,scuft,blurt,brunt
roate,scuft,blurt,blurt
roate,scuft,blurt,grunt
roate,scuft,crust
roate,scuft,first
roate,scuft,tryst,wrist
roate,scuft,tryst,tryst
roate,scuft,trust
roate,scuft,strip
roate,scuft,flirt
roate,scuft,burnt
roate,scuft,truck
roate,scuft,print
roate,scuft,drift
roate,scuft,spurt
roate,roach
roate,plush,lease
roate,plush,shale
roate,plush,bedim,blame
roate,plush,bedim,blade
roate,plush,bedim,flake,flake
roate,plush,bedim,flake,glaze
roate,plush,bedim,glade
roate,plush,bedim,flame
roate,plush,bedim,blaze
roate,plush,place,place
roate,plush,place,plane
roate,plush,whale
roate,plush,chafe,chafe
roate,plush,chafe,heave
roate,plush,shape
roate,plush,agape
roate,plush,leave
roate,plush,phase
roate,plush,slave
roate,plush,chase
roate,plush,space,space
roate,plush,space,spade
roate,plush,snake
roate,plush,suave,usage
roate,plush,suave,suave
roate,plush,quake
roate,plush,dumka,shame
roate,plush,dumka,shave
roate,plush,dumka,shade
roate,plush,dumka,shake
roate,plush,scale
roate,plush,abase,abase
roate,plush,abase,cease
roate,plush,peace
roate,plush,admin,amaze
roate,plush,admin,knave
roate,plush,admin,weave
roate,plush,admin,evade
roate,plush,admin,adage
roate,plush,admin,inane
roate,plush,admin,image
roate,plush,admin,awake
roate,cleep,dawks,steam
roate,cleep,dawks,stead
roate,cleep,dawks,wheat
roate,cleep,dawks,agent
roate,cleep,dawks,steak
roate,cleep,dawks,tweak
roate,cleep,dawks,sweat
roate,cleep,cadet
roate,cleep,adept
roate,cleep,steal
roate,cleep,valet
roate,cleep,pleat
roate,cleep,matey,matey
roate,cleep,matey,asset
roate,cleep,matey,taken
roate,cleep,facet
roate,cleep,fetal,fetal
roate,cleep,fetal,metal
roate,cleep,eclat
roate,cleep,eaten
roate,cleep,petal
roate,cleep,begat
roate,cleep,cheat
roate,cleep,bleat
roate,cleep,cleat
roate,aglus,parse
roate,aglus,large
roate,aglus,afire
roate,aglus,azure
roate,aglus,arise
roate,aglus,argue
roate,aglus,carve,farce
roate,aglus,carve,carve
roate,aglus,agree
roate,aglus,barge
roate,caman,marry,marsh
roate,caman,marry,marry
roate,caman,larva,larva
roate,caman,larva,parka
roate,caman,mural
roate,caman,umbra
roate,caman,scrap,vicar
roate,caman,scrap,scrap
roate,caman,scram
roate,caman,lunar
roate,caman,acrid
roate,caman,march
roate,caman,karma
roate,caman,briar,friar
roate,caman,briar,sugar
roate,caman,briar,spray
roate,caman,briar,briar
roate,caman,briar,viral
roate,caman,cairn
roate,caman,augur
roate,caman,array
roate,caman,circa
roate,caman,urban
roate,caman,carry
roate,caman,cigar
roate,caman,angry
roate,caman,nadir
roate,caman,hardy,fairy
roate,caman,hardy,dairy
roate,caman,hardy,harpy,harry
roate,caman,hardy,harpy,harpy
roate,caman,hardy,hairy
roate,caman,hardy,harsh
roate,caman,hardy,hardy
roate,caman,hardy,parry
roate,muils,quite
roate,muils,spite
roate,muils,butte
roate,muils,suite
roate,muils,chute
roate,muils,smite
roate,muils,elite
roate,muils,flute
roate,muils,white
roate,muils,unite
roate,right
roate,downy,forth
roate,downy,forty
roate,downy,worth
roate,downy,north
roate,atone
roate,liman,zonal
roate,liman,focal,focal
roate,liman,focal,vocal
roate,liman,cocoa,cocoa
roate,liman,cocoa,vodka
roate,liman,modal
roate,liman,nomad
roate,liman,dogma,mocha
roate,liman,dogma,dogma
roate,liman,polka
roate,liman,voila
roate,liman,comma
roate,liman,gonad
roate,liman,woman
roate,liman,local,local
roate,liman,local,loyal
roate,clons,ozone,phone
roate,clons,ozone,ozone
roate,clons,chose
roate,clons,olive
roate,clons,oxide
roate,clons,clove
roate,clons,globe,globe
roate,clons,globe,glove
roate,clons,globe,bloke
roate,clons,globe,elope
roate,clons,scope
roate,clons,opine,ovine
roate,clons,opine,opine
roate,clons,ounce
roate,clons,gnome
roate,clons,clone
roate,clons,slope
roate,clons,shone
roate,clons,choke
roate,clons,biome,evoke
roate,clons,biome,diode
roate,clons,biome,biome
roate,clons,close
roate,clons,obese
roate,clons,smoke,whose
roate,clons,smoke,spoke
roate,clons,smoke,shove
roate,clons,smoke,smoke
roate,clons,whole
roate,clons,scone
roate,embed,dread
roate,embed,debar
roate,embed,smear
roate,embed,gappy,gazer
roate,embed,gappy,paler,paler
roate,embed,gappy,paler,parer
roate,embed,gappy,paper
roate,embed,gappy,lager,lager
roate,embed,gappy,lager,wager
roate,embed,gappy,gayer
roate,embed,gappy,safer,waver
roate,embed,gappy,safer,saner
roate,embed,gappy,safer,safer
roate,embed,gappy,safer,wafer
roate,embed,gappy,layer
roate,embed,gappy,anger
roate,embed,gappy,caper
roate,embed,gappy,payer
roate,embed,dream
roate,embed,gamer,harem
roate,embed,gamer,maker
roate,embed,gamer,gamer
roate,embed,cedar
roate,embed,early
roate,embed,amber
roate,embed,aider
roate,embed,wreck,freak
roate,embed,wreck,wreak
roate,embed,wreck,arena
roate,embed,wreck,swear
roate,embed,wreck,creak
roate,embed,wreck,feral
roate,embed,wreck,clear
roate,embed,wreck,shear,shear
roate,embed,wreck,shear,spear
roate,embed,eager
roate,embed,break
roate,embed,zebra
roate,embed,bread
roate,embed,cream
roate,embed,baker,baler
roate,embed,baker,baker
roate,swath
roate,abaca,boast
roate,abaca,toast
roate,abaca,coast
roate,rhino,rumor
roate,rhino,rhino
roate,rhino,rigor
roate,canal,inlay
roate,canal,axial
roate,canal,final
roate,canal,avian
roate,canal,salsa
roate,canal,pagan
roate,canal,lanky,manly
roate,canal,lanky,lanky
roate,canal,scuba
roate,canal,cavil
roate,canal,cabal
roate,canal,sumac
roate,canal,aphid,affix
roate,canal,aphid,sigma
roate,canal,aphid,aphid
roate,canal,aphid,amiss
roate,canal,aphid,abyss
roate,canal,aphid,pizza
roate,canal,album,album
roate,canal,album,apply
roate,canal,album,villa
roate,canal,album,alibi
roate,canal,album,amply
roate,canal,salad
roate,canal,anvil
roate,canal,cabin
roate,canal,gimps,sassy,sassy
roate,canal,gimps,sassy,savvy
roate,canal,gimps,basis
roate,canal,gimps,gassy
roate,canal,gimps,baggy
roate,canal,gimps,gaudy,gaudy
roate,canal,gimps,gaudy,gawky
roate,canal,gimps,mammy
roate,canal,gimps,happy
roate,canal,gimps,maxim
roate,canal,gimps,paddy
roate,canal,gimps,sappy
roate,canal,gimps,daisy
roate,canal,gimps,bawdy,bawdy
roate,canal,gimps,bawdy,daddy
roate,canal,gimps,bawdy,jazzy
roate,canal,gimps,vapid
roate,canal,caulk
roate,canal,banal
roate,canal,daffs,mangy,nanny
roate,canal,daffs,mangy,mangy
roate,canal,daffs,fanny
roate,canal,daffs,dandy
roate,canal,daffs,pansy
roate,canal,daffs,sandy
roate,canal,daffs,handy
roate,canal,annul
roate,canal,gamma,gamma
roate,canal,gamma,mafia
roate,canal,gamma,mamma
roate,canal,gamma,kappa
roate,canal,gamma,magma
roate,canal,basil
roate,canal,basal,basal
roate,canal,basal,papal
roate,canal,pupal,usual
roate,canal,pupal,pupal
roate,canal,candy,canny
roate,canal,candy,candy
roate,canal,nasal,nasal
roate,canal,nasal,naval
roate,canal,basin
roate,canal,align
roate,canal,basic,basic
roate,canal,basic,saucy
roate,canal,basic,wacky
roate,canal,basic,magic
roate,canal,fauna,fauna
roate,canal,fauna,sauna
roate,canal,manga,mania
roate,canal,manga,manga
roate,canal,alpha
roate,canal,manic,panic
roate,canal,manic,fancy
roate,canal,manic,manic
roate,canal,allay
roate,canal,squad
roate,canal,kayak,madam
roate,canal,kayak,kayak
roate,canal,bylaw
roate,canal,canal
roate,canal,macaw
roate,canal,china
roate,canal,awful
roate,canal,human
roate,canal,cabby,caddy
roate,canal,cabby,cabby
roate,canal,ninja
roate,canal,iliac,iliac
roate,canal,iliac,lilac
roate,canal,budis,gaily
roate,canal,budis,balmy
roate,canal,budis,valid
roate,canal,budis,daily
roate,canal,budis,badly
roate,canal,budis,dally
roate,canal,budis,palsy,palsy
roate,canal,budis,palsy,sally
roate,canal,budis,sadly
roate,canal,budis,gayly
roate,canal,budis,madly
roate,canal,budis,laugh
roate,canal,assay
roate,canal,aging,aping
roate,canal,aging,aging
roate,canal,aging,admin
roate,opera
roate,gloop,shoot,shoot
roate,gloop,shoot,stood
roate,gloop,stomp
roate,gloop,thong
roate,gloop,pivot
roate,gloop,idiot
roate,gloop,stoop
roate,gloop,clout,clout
roate,gloop,clout,flout
roate,gloop,outgo
roate,gloop,optic
roate,gloop,ought
roate,gloop,ghost
roate,gloop,pilot
roate,gloop,outdo
roate,gloop,bigot,bigot
roate,gloop,bigot,ingot
roate,gloop,spout
roate,gloop,stool
roate,gloop,bunch,shout
roate,gloop,bunch,stout
roate,gloop,bunch,scout
roate,gloop,bunch,stony
roate,gloop,bunch,snout
roate,gloop,bunch,stock
roate,gloop,bunch,stoic
roate,besot,tempo
roate,besot,depot
roate,besot,onset
roate,besot,detox
roate,besot,ethos
roate,besot,octet
roate,besot,extol
roate,besot,often
roate,crabs,scare
roate,crabs,damps,frame
roate,crabs,damps,drape
roate,crabs,damps,grape
roate,crabs,damps,drake
roate,crabs,damps,grade
roate,crabs,damps,grave,grave
roate,crabs,damps,grave,graze
roate,crabs,grace
roate,crabs,blare
roate,crabs,brake,brake
roate,crabs,brake,brave
roate,crabs,brace
roate,crabs,flare,flare
roate,crabs,flare,aware
roate,crabs,flare,glare
roate,crabs,erase
roate,crabs,adhan,snare
roate,crabs,adhan,share
roate,crabs,adhan,spare
roate,crabs,anvil,craze
roate,crabs,anvil,crane
roate,crabs,anvil,crave
roate,abaci,grate
roate,abaci,crate
roate,abaci,irate
roate,berth
roate,balms,sonar
roate,balms,coral
roate,balms,molar
roate,balms,solar
roate,balms,cobra
roate,balms,borax
roate,balms,polar
roate,balms,moral
roate,balms,foray
roate,ernes,trend
roate,ernes,tiger,tiger
roate,ernes,tiger,tuber
roate,ernes,tiger,timer
roate,ernes,tiger,threw
roate,ernes,tiger,utter
roate,ernes,merit,merit
roate,ernes,merit,their
roate,ernes,deter,meter
roate,ernes,deter,beret
roate,ernes,deter,deter
roate,ernes,egret,ether
roate,ernes,egret,egret
roate,ernes,steer
roate,ernes,ester
roate,ernes,crest,wrest
roate,ernes,crest,crest
roate,ernes,inter
roate,ernes,erupt
roate,ernes,crept
roate,ernes,inert
roate,ernes,stern
roate,ernes,greet
roate,ernes,enter
roate,ernes,tried,tried
roate,ernes,tried,truer
roate,ernes,exert
roate,ernes,entry
roate,ernes,erect
roate,heart,teary
roate,heart,heart
roate,calmy,ramen
roate,calmy,relay
roate,calmy,racer
roate,calmy,rarer,rarer
roate,calmy,rarer,raven
roate,calmy,rebar,rebar
roate,calmy,rebar,rehab
roate,calmy,repay
roate,calmy,recap
roate,calmy,regal,regal
roate,calmy,regal,renal
roate,calmy,relax
roate,rayon,rayon
roate,rayon,razor
roate,rayon,radio
roate,sheel,sleek,sleek
roate,sheel,sleek,sleep
roate,sheel,liken,liken
roate,sheel,liken,clued
roate,sheel,liken,linen
roate,sheel,liken,plied
roate,sheel,liken,lumen
roate,sheel,devil
roate,sheel,widen,bicep
roate,sheel,widen,index
roate,sheel,widen,unwed
roate,sheel,widen,given,vixen
roate,sheel,widen,given,given
roate,sheel,widen,widen
roate,sheel,widen,unfed
roate,sheel,widen,piney
roate,sheel,widen,dicey
roate,sheel,hymen
roate,sheel,sinew,spied
roate,sheel,sinew,sinew
roate,sheel,semen,seven
roate,sheel,semen,semen
roate,sheel,whelp
roate,sheel,impel,impel
roate,sheel,impel,pixel
roate,sheel,impel,libel
roate,sheel,dwell,dwell
roate,sheel,dwell,quell
roate,sheel,bench,weigh
roate,sheel,bench,bench
roate,sheel,bench,neigh
roate,sheel,bench,wench
roate,sheel,bawdy,yield
roate,sheel,bawdy,wield
roate,sheel,bawdy,fleck
roate,sheel,bawdy,field
roate,sheel,bawdy,blend
roate,sheel,guess
roate,sheel,sheen,sheen
roate,sheel,sheen,sheep
roate,sheel,embed
roate,sheel,beech
roate,sheel,chess
roate,sheel,shelf
roate,sheel,pesky
roate,sheel,check
roate,sheel,kneel
roate,sheel,fiend
roate,sheel,wheel
roate,sheel,belch,helix
roate,sheel,belch,welch
roate,sheel,belch,belch
roate,sheel,elegy
roate,sheel,bevel,bezel
roate,sheel,bevel,excel,expel
roate,sheel,bevel,excel,excel
roate,sheel,bevel,bevel
roate,sheel,bevel,level
roate,sheel,bevel,jewel
roate,sheel,bless
roate,sheel,cheek
roate,sheel,bused
roate,sheel,speck,speck
roate,sheel,speck,spend
roate,sheel,shied
roate,sheel,welsh
roate,sheel,kneed,kneed
roate,sheel,kneed,queen
roate,sheel,chief
roate,sheel,flesh
roate,sheel,shell
roate,sheel,spiel
roate,sheel,sheik
roate,sheel,abamp,swell
roate,sheel,abamp,spell
roate,sheel,abamp,smell
roate,sheel,debug,deign
roate,sheel,debug,debug
roate,sheel,debug,begin
roate,sheel,debug,eking,eking
roate,sheel,debug,eking,eying
roate,sheel,debug,denim
roate,sheel,debug,medic
roate,sheel,debug,penny
roate,sheel,debug,feign
roate,sheel,debug,equip
roate,sheel,debug,begun
roate,sheel,debug,being
roate,sheel,debug,ennui
roate,sheel,debug,edify
roate,sheel,bleed,bleed
roate,sheel,bleed,bleep
roate,sheel,speed,speed
roate,sheel,speed,sweep
roate,sheel,belly,jelly
roate,sheel,belly,belly
roate,sheel,belly,elfin
roate,sheel,belly,newly
roate,sheel,belly,leggy
roate,sheel,seedy
roate,sheel,leech
roate,sheel,aband,needy
roate,sheel,aband,weedy
roate,sheel,aband,geeky
roate,sheel,aband,enemy
roate,sheel,aband,beefy
roate,glums,coupe
roate,glums,goose
roate,glums,booze,booze
roate,glums,booze,voice
roate,glums,gouge
roate,glums,house
roate,glums,lodge
roate,glums,noble
roate,glums,poise,noise
roate,glums,poise,noose
roate,glums,poise,posse
roate,glums,poise,poise
roate,glums,poise,copse
roate,glums,mouse
roate,glums,dodge
roate,glums,louse
roate,glums,moose
roate,glums,movie
roate,glums,loose,loose
roate,glums,loose,solve
roate,glums,boule
roate,glums,vogue
roate,robot,roost
roate,robot,robot
roate,robot,rotor
roate,pings,bride,bribe
roate,pings,bride,eerie
roate,pings,bride,drive
roate,pings,bride,crime
roate,pings,bride,bride
roate,pings,nerve
roate,pings,spree
roate,pings,prune
roate,pings,shire
roate,pings,genre
roate,pings,gripe
roate,pings,curse,verse
roate,pings,curse,curse
roate,pings,curse,serve
roate,pings,curse,scree
roate,pings,merge,verge
roate,pings,merge,merge
roate,pings,purge
roate,pings,creme,creme
roate,pings,creme,verve
roate,pings,creme,where
roate,pings,creme,curve
roate,pings,creme,crude
roate,pings,grime
roate,pings,dirge
roate,pings,crepe
roate,pings,fibre
roate,pings,cozed,prime
roate,pings,cozed,pride
roate,pings,cozed,prize
roate,pings,cozed,price
roate,pings,brine,brine
roate,pings,brine,urine
roate,pings,surge
roate,pings,prude,prude
roate,pings,prude,puree
roate,pings,spire
roate,pings,purse
roate,pings,nurse
roate,royal
roate,broth,broth
roate,broth,froth
roate,death,death
roate,death,meaty
roate,death,heath
roate,balks,elate,elate
roate,balks,elate,plate
roate,balks,skate
roate,balks,slate
roate,balks,agate
roate,balks,state
roate,balks,abate
roate,barra,flora
roate,barra,agora
roate,barra,acorn,adorn
roate,barra,acorn,acorn
roate,barra,abhor
roate,barra,aroma
roate,barra,ardor,armor
roate,barra,ardor,ardor
roate,barra,labor
roate,barra,vinyl,mayor
roate,barra,vinyl,vapor
roate,barra,vinyl,favor,favor
roate,barra,vinyl,favor,savor
roate,barra,vinyl,valor
roate,barra,vinyl,major
roate,barra,vinyl,manor
roate,barra,macro
roate,barra,croak,organ
roate,barra,croak,arson
roate,barra,croak,croak
roate,barra,croak,groan
roate,barra,arbor
roate,barra,apron
roate,barra,baron
roate,barra,broad
roate,barra,cargo,carol
roate,barra,cargo,cargo
roate,barra,arrow
roate,rusty
roate,abort,tarot
roate,abort,abort
roate,abort,actor
roate,loamy,coach
roate,loamy,koala
roate,loamy,foamy
roate,loamy,loamy
roate,loamy,soapy
roate,bices,truce
roate,bices,tribe
roate,bices,there
roate,bices,tripe
roate,bices,terse
roate,bices,trice
roate,bices,three
roate,cuing,scorn
roate,cuing,group
roate,cuing,prong,prong
roate,cuing,prong,wrong
roate,cuing,flour,flour
roate,cuing,flour,proud
roate,cuing,minor
roate,cuing,primo,primo
roate,cuing,primo,prior
roate,cuing,bawds,brown
roate,cuing,bawds,sworn
roate,cuing,bawds,shorn
roate,cuing,bawds,frown
roate,cuing,bawds,drown
roate,cuing,frock
roate,cuing,grown
roate,cuing,furor,humor
roate,cuing,furor,furor
roate,cuing,furor,juror
roate,cuing,crown
roate,cuing,vigor
roate,cuing,irony
roate,cuing,micro
roate,cuing,crony
roate,cuing,curio
roate,cuing,frond
roate,cuing,occur,occur
roate,cuing,occur,scour
roate,cuing,flood,droop
roate,cuing,flood,proxy
roate,cuing,flood,floor
roate,cuing,flood,fjord
roate,cuing,flood,prowl
roate,cuing,flood,droll
roate,cuing,flood,drool
roate,cuing,flood,brook,brook
roate,cuing,flood,brook,broom
roate,cuing,flood,brood
roate,cuing,flood,dross
roate,cuing,flood,hydro
roate,cuing,flood,sword
roate,cuing,flood,proof
roate,cuing,crock,chord
roate,cuing,crock,crook
roate,cuing,crock,crock
roate,cuing,crock,cross,crowd
roate,cuing,crock,cross,cross
roate,cuing,croup
roate,cuing,groin
roate,cuing,choir
roate,cuing,ablow,gross
roate,cuing,ablow,groom
roate,cuing,ablow,growl
roate,cuing,ablow,glory
roate,cuing,broil,ivory
roate,cuing,broil,visor
roate,cuing,broil,broil
roate,aorta
roate,ratio
roate,aland,tonga
roate,aland,today
roate,aland,topaz
roate,aland,total
roate,aland,tonal
roate,slink,scant,stand
roate,slink,scant,scant
roate,slink,plant
roate,slink,shalt,shalt
roate,slink,shalt,stall
roate,slink,slant
roate,slink,thank
roate,slink,giant
roate,slink,shaft,shaft
roate,slink,shaft,staff
roate,slink,shaft,stash
roate,slink,shaft,stamp
roate,slink,stank
roate,slink,plait
roate,slink,staid
roate,slink,stain
roate,slink,blast
roate,slink,stack
roate,slink,chant,twang
roate,slink,chant,chant
roate,slink,await
roate,slink,adapt
roate,slink,stalk
roate,cameo,omega
roate,cameo,oaken
roate,cameo,cameo
roate,cameo,ocean
roate,acold,rearm
roate,acold,reach
roate,acold,realm
roate,acold,ready
roate,rogue,rogue
roate,rogue,rouse
roate,rogue,rouge
roate,nidus,recur
roate,nidus,renew
roate,nidus,riser
roate,nidus,ruler
roate,nidus,ripen
roate,nidus,reign
roate,nidus,resin
roate,nidus,relic
roate,nidus,rider
roate,nidus,riper,riper
roate,nidus,riper,river
roate,nidus,ruder
roate,nidus,risen
roate,nidus,reedy
roate,nidus,bevel,rebel
roate,nidus,bevel,refer
roate,nidus,bevel,reply
roate,nidus,bevel,repel
roate,nidus,bevel,revel
roate,nidus,rerun
roate,nidus,rebus
roate,adore,arose
roate,adore,adore
roate,pesto
roate,aweel,alert
roate,aweel,avert
roate,aweel,alter
roate,aweel,extra,terra
roate,aweel,extra,extra
roate,aweel,great,great
roate,aweel,great,tread
roate,aweel,great,treat
roate,aweel,water
roate,aweel,eater
roate,aweel,later
roate,aweel,champ,taper
roate,aweel,champ,taker
roate,aweel,champ,hater
roate,aweel,champ,tamer
roate,aweel,champ,cater
roate,aweel,after
roate,loath
roate,dungs,golly,goofy
roate,dungs,golly,logic
roate,dungs,golly,golly
roate,dungs,focus,focus
roate,dungs,focus,locus
roate,dungs,bongo
roate,dungs,solid
roate,dungs,bumph,bound
roate,dungs,bumph,found,found
roate,dungs,bumph,found,wound
roate,dungs,bumph,hound
roate,dungs,bumph,mound
roate,dungs,bumph,pound
roate,dungs,sound
roate,dungs,going,login
roate,dungs,going,going
roate,dungs,doing
roate,dungs,conch,ionic
roate,dungs,conch,conch
roate,dungs,conch,conic
roate,dungs,dodgy
roate,dungs,condo
roate,dungs,mogul
roate,dungs,colon,colon
roate,dungs,colon,nobly
roate,dungs,calpa,couch
roate,dungs,calpa,pouch
roate,dungs,calpa,vouch
roate,dungs,blowy,aflaj,folly
roate,dungs,blowy,aflaj,jolly
roate,dungs,blowy,aflaj,holly
roate,dungs,blowy,aflaj,coyly
roate,dungs,blowy,pooch
roate,dungs,blowy,folio
roate,dungs,blowy,lowly
roate,dungs,blowy,booby,booby
roate,dungs,blowy,booby,boozy
roate,dungs,blowy,wooly
roate,dungs,blowy,lobby
roate,dungs,blowy,hobby
roate,dungs,blowy,bobby
roate,dungs,blowy,comic
roate,dungs,blowy,comfy,poppy
roate,dungs,blowy,comfy,comfy
roate,dungs,blowy,loopy
roate,dungs,blowy,polyp
roate,dungs,blowy,woozy
roate,dungs,bough,cough
roate,dungs,bough,bough
roate,dungs,young
roate,dungs,noisy
roate,dungs,bonus
roate,dungs,lousy
roate,dungs,dough
roate,dungs,moody,moody
roate,dungs,moody,moldy
roate,dungs,moody,howdy
roate,dungs,moody,woody
roate,dungs,sonic
roate,dungs,dolly,dolly
roate,dungs,dolly,dowdy
roate,dungs,bosom,bossy
roate,dungs,bosom,bosom
roate,dungs,bosom,mossy
roate,dungs,godly,godly
roate,dungs,godly,goody
roate,dungs,foggy
roate,dungs,could,could
roate,dungs,could,would
roate,dungs,downy
roate,dungs,soggy
roate,delta,theta
roate,delta,delta
roate,sculk,scrub,scrub
roate,sculk,scrub,scrum
roate,sculk,birch,crimp
roate,sculk,birch,birch
roate,sculk,birch,chirp
roate,sculk,bring,briny
roate,sculk,bring,grimy
roate,sculk,bring,bring
roate,sculk,bring,grind
roate,sculk,bring,myrrh
roate,sculk,bring,wring
roate,sculk,bring,privy
roate,sculk,gruff,gruff
roate,sculk,gruff,wrung
roate,sculk,gruff,druid
roate,sculk,sprig
roate,sculk,quirk
roate,sculk,virus
roate,sculk,brisk,frisk
roate,sculk,brisk,brisk
roate,sculk,slurp
roate,sculk,crisp
roate,sculk,shirk,smirk
roate,sculk,shirk,shirk
roate,sculk,brush,brush
roate,sculk,brush,usurp
roate,sculk,shrub,shrug
roate,sculk,shrub,shrub
roate,sculk,shrub,syrup
roate,sculk,furry,hurry
roate,sculk,furry,furry
roate,sculk,spurn
roate,sculk,prism
roate,sculk,crumb,crumb
roate,sculk,crumb,crump
roate,sculk,crumb,churn
roate,sculk,curly
roate,sculk,lurid
roate,sculk,swirl
roate,sculk,crush
roate,sculk,blurb
roate,sculk,whirl
roate,sculk,murky
roate,sculk,lurch
roate,sculk,burly
roate,sculk,brink,brink
roate,sculk,brink,drink
roate,sculk,krill
roate,sculk,surly
roate,sculk,curry,curry
roate,sculk,curry,curvy
roate,sculk,curry,incur
roate,sculk,bifid,frill
roate,sculk,bifid,wryly
roate,sculk,bifid,grill
roate,sculk,bifid,drill
roate,sculk,bifid,girly
roate,sculk,bifid,dryly
roate,sculk,drunk
roate,sculk,abamp,prick
roate,sculk,abamp,brick
roate,sculk,abamp,crick
roate,sculk,lyric
roate,taunt,balks,taffy
roate,taunt,balks,tally
roate,taunt,balks,tabby
roate,taunt,balks,tacky
roate,taunt,attic
roate,taunt,caput,gamut
roate,taunt,caput,caput
roate,taunt,natal,satin
roate,taunt,natal,natal
roate,taunt,habit,yacht
roate,taunt,habit,habit
roate,taunt,habit,waist
roate,taunt,tibia,tidal
roate,taunt,tibia,tibia
roate,taunt,tacit
roate,taunt,admit,admit
roate,taunt,admit,splat
roate,taunt,datum
roate,taunt,audit
roate,taunt,taunt
roate,taunt,antic
roate,taunt,adult,squat
roate,taunt,adult,adult
roate,taunt,aptly,aptly
roate,taunt,aptly,vital
roate,taunt,taint
roate,taunt,fault,vault
roate,taunt,fault,fault
roate,taunt,tubal
roate,taunt,tawny
roate,taunt,angst
roate,taunt,afars,saint
roate,taunt,afars,paint
roate,taunt,afars,faint
roate,taunt,clamp,match
roate,taunt,clamp,catch
roate,taunt,clamp,latch
roate,taunt,clamp,patch
roate,taunt,clamp,patsy
roate,taunt,clamp,fatal
roate,taunt,clamp,ablow,batch
roate,taunt,clamp,ablow,hatch
roate,taunt,clamp,ablow,watch
roate,taunt,tangy
roate,taunt,dight,haunt
roate,taunt,dight,jaunt,vaunt
roate,taunt,dight,jaunt,jaunt
roate,taunt,dight,daunt
roate,taunt,dight,gaunt
roate,taunt,titan
roate,feued,dress
roate,feued,fried
roate,feued,query
roate,feued,apace,pried
roate,feued,apace,dried
roate,feued,apace,cried
roate,feued,brief,brief
roate,feued,brief,grief
roate,feued,brief,infer
roate,feued,ferry
roate,feued,serif
roate,feued,defer
roate,feued,decry,decry
roate,feued,decry,nerdy
roate,feued,decry,derby
roate,feued,anvil,sever
roate,feued,anvil,lever
roate,feued,anvil,leper
roate,feued,anvil,newer
roate,feued,anvil,sewer
roate,feued,anvil,never
roate,feued,weird
roate,feued,clerk,sperm
roate,feued,clerk,cress
roate,feued,clerk,wreck
roate,feued,clerk,clerk
roate,feued,clerk,press
roate,feued,leery
roate,feued,fiery,fiery
roate,feued,fiery,fresh
roate,feued,queer
roate,feued,fever,fewer
roate,feued,fever,fever
roate,feued,bicep,berry
roate,feued,bicep,perch
roate,feued,bicep,jerky,jerky
roate,feued,bicep,jerky,merry
roate,feued,bicep,perky
roate,feued,bicep,mercy
roate,feued,bicep,peril
roate,feued,abaca,greed
roate,feued,abaca,creed
roate,feued,abaca,breed
roate,feued,creep,green
roate,feued,creep,creek
roate,feued,creep,sheer,sheer
roate,feued,creep,sheer,sneer
roate,feued,creep,cheer
roate,feued,creep,ember
roate,feued,creep,preen
roate,feued,creep,creep
roate,feued,elder
roate,feued,every
roate,feued,binal,fixer
roate,feued,binal,flier
roate,feued,binal,fiber
roate,feued,binal,finer
roate,feued,binal,flyer
roate,feued,binal,filer
roate,feued,cruel,gruel
roate,feued,cruel,cruel
roate,feued,cruel,bluer
roate,feued,diner,cider,cider
roate,feued,diner,cider,wider
roate,feued,diner,dryer
roate,feued,diner,diver
roate,feued,diner,diner
roate,feued,diner,idler
roate,feued,diner,drier
roate,feued,udder,under
roate,feued,udder,udder
roate,feued,super,super
roate,feued,super,usher
roate,feued,super,buyer
roate,feued,super,surer
roate,feued,super,ulcer
roate,feued,super,purer
roate,feued,super,upper
roate,feued,freer
roate,feued,freed
roate,feued,femur
roate,feued,nimps,cyber
roate,feued,nimps,nicer
roate,feued,nimps,siren
roate,feued,nimps,skier
roate,feued,nimps,piper,piper
roate,feued,nimps,piper,viper
roate,feued,nimps,miser
roate,feued,nimps,screw,screw
roate,feued,nimps,screw,shrew
roate,feued,nimps,miner
roate,feued,nimps,wiser
roate,feued,nimps,plier
roate,feued,nimps,hyper
roate,feued,nimps,crier
roate,feued,nimps,inner
roate,feued,nimps,liner
roate,feued,nimps,giver,giver
roate,feued,nimps,giver,liver
roate,feued,lemur,lemur
roate,feued,lemur,serum
roate,feued,demur
roate,ratty
roate,butch,haste
roate,butch,attap,taste
roate,butch,attap,paste
roate,butch,attap,waste
roate,butch,latte
roate,butch,caste
roate,butch,baste
roate,butch,acute
roate,butch,haute
roate,butch,saute
roate,ovate
roate,gnash,horde
roate,gnash,horse
roate,gnash,forge
roate,gnash,gorge
roate,gnash,worse
roate,gnash,borne
roate,gnash,force
roate,shunt,frost
roate,shunt,thorn
roate,shunt,throb,throw
roate,shunt,throb,throb
roate,shunt,troll,troop
roate,shunt,troll,troll
roate,shunt,short
roate,shunt,intro
roate,shunt,sport
roate,shunt,tumor,tutor
roate,shunt,tumor,turbo
roate,shunt,tumor,tumor
roate,shunt,abysm,stork
roate,shunt,abysm,storm
roate,shunt,abysm,story
roate,shunt,front
roate,shunt,snort
roate,shunt,grout,trout
roate,shunt,grout,grout
roate,shunt,droit,orbit
roate,shunt,droit,droit
roate,gleek,stake
roate,gleek,stage
roate,gleek,stave
roate,gleek,stale
roate,gleek,tease
roate,react
roate,erned,owner
roate,erned,order
roate,erned,decor
roate,erned,offer
roate,erned,credo
roate,erned,error
roate,erned,verso
roate,erned,heron
roate,erned,odder,older
roate,erned,odder,odder
roate,snift,stung,stunk
roate,snift,stung,stung
roate,snift,hyped,pithy
roate,snift,hyped,timid
roate,snift,hyped,ditch
roate,snift,hyped,witch
roate,snift,hyped,tulip
roate,snift,hyped,hitch
roate,snift,hyped,itchy
roate,snift,hyped,pitch
roate,snift,sting,stink
roate,snift,sting,sting
roate,snift,flint
roate,snift,stick,stick
roate,snift,stick,still
roate,snift,unfit
roate,snift,thick,thigh
roate,snift,thick,thick
roate,snift,bandh,butch
roate,snift,bandh,dutch
roate,snift,bandh,thumb
roate,snift,bandh,hutch
roate,snift,bandh,thump
roate,snift,shunt,shunt
roate,snift,shunt,stunt
roate,snift,input,input
roate,snift,input,unlit
roate,snift,night
roate,snift,stiff
roate,snift,tunic
roate,snift,thing,think
roate,snift,thing,thing
roate,snift,thing,tying
roate,snift,tipsy
roate,snift,abysm,stuck
roate,snift,abysm,study
roate,snift,abysm,stump
roate,snift,stuff
roate,snift,bagel,twixt
roate,snift,bagel,built
roate,snift,bagel,guilt
roate,snift,bagel,quilt
roate,snift,shift,swift
roate,snift,shift,shift
roate,snift,glint
roate,snift,fight
roate,snift,twist
roate,snift,uncut
roate,snift,stint
roate,snift,spilt,stilt
roate,snift,spilt,spilt
roate,snift,dwalm,digit
roate,snift,dwalm,limit
roate,snift,dwalm,wight
roate,snift,dwalm,tight
roate,snift,dwalm,light
roate,snift,dwalm,might
roate,snift,until
roate,snift,sight,split
roate,snift,sight,sight
roate,snift,blunt
roate,snift,midst,midst
roate,snift,midst,visit
roate,quote,smote
roate,quote,quote
