serai,adorn,groan
serai,adorn,molar,molar
serai,adorn,molar,polar
serai,adorn,molar,royal
serai,adorn,urban
serai,adorn,altar
serai,adorn,lunar
serai,adorn,broad
serai,adorn,croak
serai,adorn,radar
serai,adorn,organ
serai,adorn,rajah
serai,tyees,testy
serai,tyees,welsh
serai,tyees,beset
serai,tyees,geese
serai,tyees,zesty
serai,tyees,tense
serai,tyees,fetus
serai,tyees,pesky
serai,tyees,dense
serai,tyees,pesto
serai,heist
serai,chapt,trash
serai,chapt,brass,brass
serai,chapt,brass,grass
serai,chapt,crash
serai,chapt,brash
serai,chapt,crass
serai,chapt,grasp
serai,chapt,raspy
serai,chapt,roast
serai,chapt,artsy
serai,chapt,arson
serai,arise,arise
serai,arise,raise
serai,cyton,macaw
serai,cyton,total
serai,cyton,tonal
serai,cyton,bylaw
serai,cyton,cacao,cacao
serai,cyton,cacao,cloak
serai,cyton,madam,papal
serai,cyton,madam,pupal
serai,cyton,madam,madam
serai,cyton,allay,kayak
serai,cyton,allay,allay
serai,cyton,natal
serai,cyton,banal,naval
serai,cyton,banal,banal
serai,cyton,abaft,bloat
serai,cyton,abaft,gloat
serai,cyton,abaft,topaz
serai,cyton,abaft,float
serai,cyton,woman
serai,cyton,human,human
serai,cyton,human,pagan
serai,cyton,falls,focal
serai,cyton,falls,vocal
serai,cyton,falls,local
serai,cyton,modal,modal
serai,cyton,modal,offal
serai,cyton,canal
serai,cyton,loyal
serai,cyton,gonad,nomad
serai,cyton,gonad,gonad
serai,cyton,gonad,zonal
serai,cyton,octal
serai,cyton,today
serai,cyton,tubal
serai,cyton,fatal
serai,cyton,cabal
serai,clomb,foray
serai,clomb,array
serai,clomb,borax
serai,clomb,carat
serai,clomb,rural
serai,clomb,mural
serai,clomb,coral
serai,clomb,moral
serai,clout,octet
serai,clout,elbow,elbow
serai,clout,elbow,olden
serai,clout,unfed,unfed
serai,clout,unfed,budge,budge
serai,clout,unfed,budge,judge
serai,clout,unfed,queen
serai,clout,unfed,fudge
serai,clout,unfed,nudge
serai,clout,unfed,unwed
serai,clout,cleft
serai,clout,exult
serai,clout,dwell,dwell
serai,clout,dwell,whelp
serai,clout,dwell,kneel
serai,clout,dwell,expel
serai,clout,dwell,wheel
serai,clout,cycle
serai,clout,clued
serai,clout,coven,covey
serai,clout,coven,coven
serai,clout,ozone,evoke
serai,clout,ozone,ebony
serai,clout,ozone,booze
serai,clout,ozone,gnome
serai,clout,ozone,epoxy
serai,clout,ozone,phone
serai,clout,ozone,ozone
serai,clout,ozone,gooey
serai,clout,empty,empty
serai,clout,empty,theme
serai,clout,empty,thyme
serai,clout,empty,tweed
serai,clout,fugue,fugue
serai,clout,fugue,undue
serai,clout,fugue,queue
serai,clout,butte,butte
serai,clout,butte,etude
serai,clout,coupe
serai,clout,bugle,lumen
serai,clout,bugle,bugle
serai,clout,bugle,quell
serai,clout,bugle,lunge
serai,clout,bugle,bulge
serai,clout,excel
serai,clout,ounce
serai,clout,comet,comet
serai,clout,comet,covet
serai,clout,flume,fluke
serai,clout,flume,plume
serai,clout,flume,flume
serai,clout,flume,elude
serai,clout,hotel,hotel
serai,clout,hotel,towel
serai,clout,hotel,extol
serai,clout,hotel,motel
serai,clout,embed,hymen
serai,clout,embed,embed
serai,clout,embed,kneed
serai,clout,embed,enemy
serai,clout,epoch
serai,clout,flute
serai,clout,often,token
serai,clout,often,totem
serai,clout,often,often
serai,clout,event,theft
serai,clout,event,tweet
serai,clout,event,event
serai,clout,choke
serai,clout,fleet
serai,clout,eject
serai,clout,globe,elope
serai,clout,globe,glove
serai,clout,globe,globe
serai,clout,globe,bloke
serai,clout,clone,clone
serai,clout,clone,clove
serai,clout,advew,hovel,hovel
serai,clout,advew,hovel,novel
serai,clout,advew,noble
serai,clout,advew,bowel
serai,clout,advew,vowel
serai,clout,advew,dowel
serai,clout,advew,model
serai,clout,advew,golem
serai,clout,advew,lodge
serai,clout,boule
serai,clout,dunce
serai,clout,whole
serai,clout,gouge
serai,clout,uncle
serai,clout,duvet,unmet
serai,clout,duvet,duvet
serai,clout,women,money
serai,clout,women,modem
serai,clout,women,dozen
serai,clout,women,enjoy,envoy
serai,clout,women,enjoy,enjoy
serai,clout,women,dodge
serai,clout,women,women
serai,clout,women,boney,boney
serai,clout,women,boney,honey
serai,clout,women,dopey
serai,clout,women,woken,woven
serai,clout,women,woken,woken
serai,clout,women,endow
serai,clout,quote
serai,clout,dwelt,dwelt
serai,clout,dwelt,knelt
serai,clout,fleck
serai,clout,bleed,bleep
serai,clout,bleed,bleed
serai,clout,bleed,blend
serai,clout,bleed,elegy
serai,clout,emcee
serai,clout,chute
serai,clout,check,check
serai,clout,check,cheek
serai,clout,elect
serai,clout,tulle
serai,clout,vogue
serai,patin,mania,mania
serai,patin,mania,manic
serai,patin,paint
serai,patin,plait
serai,patin,attic
serai,patin,aphid
serai,patin,align,axion
serai,patin,align,align
serai,patin,antic
serai,patin,anvil
serai,patin,admin,chain
serai,patin,admin,admin
serai,patin,admin,again
serai,patin,faint,taint
serai,patin,faint,faint
serai,patin,patio
serai,patin,plain
serai,patin,afoul,affix
serai,patin,afoul,audio
serai,patin,afoul,claim
serai,patin,afoul,flail
serai,patin,afoul,avoid
serai,patin,afoul,quail
serai,patin,afoul,avail
serai,patin,alack,mafia
serai,patin,alack,valid
serai,patin,alack,maxim
serai,patin,alack,cavil
serai,patin,alack,magic
serai,patin,vapid
serai,patin,amity
serai,patin,faith
serai,patin,cabin
serai,patin,pizza
serai,patin,admit,admit
serai,patin,admit,audit
serai,patin,admit,tibia
serai,patin,admit,await
serai,patin,giant
serai,patin,plaid
serai,patin,aping
serai,patin,axiom,voila
serai,patin,axiom,axiom
serai,patin,axiom,villa
serai,patin,axiom,viola
serai,patin,piano
serai,patin,aging,aging
serai,patin,aging,china
serai,patin,aging,ninja
serai,patin,panic
serai,patin,daily,gaily
serai,patin,daily,daily
serai,patin,habit,habit
serai,patin,habit,tacit
serai,terse,verso
serai,terse,verse
serai,terse,terse
serai,luted,metro,retch
serai,luted,metro,retry
serai,luted,metro,retro
serai,luted,metro,metro
serai,luted,rebut,rebut
serai,luted,rebut,recut
serai,luted,demur
serai,luted,decor,reedy
serai,luted,decor,decor
serai,luted,decor,decry
serai,luted,defer
serai,luted,tenor
serai,luted,femur,revue
serai,luted,femur,femur
serai,luted,femur,recur
serai,luted,leery
serai,luted,abamp,repel
serai,luted,abamp,revel
serai,luted,abamp,rebel
serai,luted,deter
serai,luted,reply
serai,luted,genre
serai,luted,leper,lever
serai,luted,leper,leper
serai,luted,lemur
serai,luted,meter
serai,luted,fever,newer
serai,luted,fever,never
serai,luted,fever,refer
serai,luted,fever,fever
serai,luted,fever,fewer
serai,luted,fever,renew
serai,cital,tidal
serai,cital,lilac
serai,cital,avian
serai,cital,final
serai,cital,titan
serai,cital,vital
serai,cital,axial
serai,cital,iliac
serai,cital,inlay
serai,sprig,strip
serai,sprig,sprig
serai,donut,campy,pinky
serai,donut,campy,minim
serai,donut,campy,vinyl
serai,donut,campy,finch,winch
serai,donut,campy,finch,finch
serai,donut,campy,kinky,kinky
serai,donut,campy,kinky,ninny
serai,donut,campy,pinch
serai,donut,campy,cynic
serai,donut,campy,cinch
serai,donut,idiot
serai,donut,dilly,dizzy
serai,donut,dilly,dimly
serai,donut,dilly,dilly
serai,donut,bingo,lingo
serai,donut,bingo,bingo
serai,donut,unfit,unlit
serai,donut,unfit,unfit
serai,donut,digit
serai,donut,joint,joint
serai,donut,joint,point
serai,donut,toxin
serai,donut,ditch,ditch
serai,donut,ditch,ditty
serai,donut,timid,width
serai,donut,timid,timid
serai,donut,build,humid
serai,donut,build,build
serai,donut,build,lucid
serai,donut,build,guild
serai,donut,build,fluid
serai,donut,filmy,icily
serai,donut,filmy,milky
serai,donut,filmy,filly
serai,donut,filmy,imply
serai,donut,filmy,fizzy
serai,donut,filmy,blimp,blimp
serai,donut,filmy,blimp,climb
serai,donut,filmy,flick
serai,donut,filmy,mimic
serai,donut,filmy,civil,vigil
serai,donut,filmy,civil,civil
serai,donut,filmy,chick,which
serai,donut,filmy,chick,chick
serai,donut,filmy,whiff
serai,donut,filmy,civic
serai,donut,filmy,jiffy
serai,donut,filmy,picky,hippy
serai,donut,filmy,picky,picky
serai,donut,filmy,picky,piggy
serai,donut,filmy,cliff
serai,donut,filmy,chill,click
serai,donut,filmy,chill,chill
serai,donut,filmy,abash,hilly
serai,donut,filmy,abash,billy
serai,donut,filmy,abash,willy
serai,donut,filmy,filmy
serai,donut,filmy,wimpy
serai,donut,opium
serai,donut,windy
serai,donut,topic,topic
serai,donut,topic,motif
serai,donut,topic,toxic
serai,donut,flint,flint
serai,donut,flint,glint
serai,donut,flint,night
serai,donut,unity,until
serai,donut,unity,unity
serai,donut,pilot,bigot
serai,donut,pilot,pilot
serai,donut,pilot,pivot
serai,donut,tunic
serai,donut,inbox,owing
serai,donut,inbox,onion
serai,donut,inbox,inbox
serai,donut,union
serai,donut,vomit
serai,donut,optic
serai,donut,witch,pithy
serai,donut,witch,thick
serai,donut,witch,thigh
serai,donut,witch,hitch,hitch
serai,donut,witch,hitch,pitch
serai,donut,witch,bitty,bitty
serai,donut,witch,bitty,kitty
serai,donut,witch,witty
serai,donut,witch,fifty
serai,donut,witch,fifth,fifth
serai,donut,witch,fifth,filth
serai,donut,witch,blitz
serai,donut,witch,witch
serai,donut,witch,itchy
serai,donut,tonic
serai,donut,bivvy,livid
serai,donut,bivvy,lipid
serai,donut,bivvy,giddy
serai,donut,bivvy,biddy
serai,donut,bivvy,child
serai,donut,bivvy,vivid
serai,donut,bivvy,idyll
serai,donut,blind
serai,donut,ingot
serai,donut,dingy
serai,donut,comic,logic
serai,donut,comic,folio
serai,donut,comic,comic
serai,donut,idiom,ovoid
serai,donut,idiom,widow
serai,donut,idiom,idiom
serai,donut,badge,built
serai,donut,badge,guilt
serai,donut,badge,quilt
serai,donut,cumin,unify
serai,donut,cumin,unzip
serai,donut,cumin,cumin
serai,donut,conic,conic
serai,donut,conic,ionic
serai,donut,thing,thing
serai,donut,thing,tying
serai,donut,thing,think
serai,donut,undid
serai,donut,dingo
serai,donut,dwalm,might
serai,donut,dwalm,fight,fight
serai,donut,dwalm,fight,tight
serai,donut,dwalm,limit
serai,donut,dwalm,wight
serai,donut,dwalm,light
serai,donut,dwalm,twixt
serai,donut,cling,icing
serai,donut,cling,lying
serai,donut,cling,fling
serai,donut,cling,vying
serai,donut,cling,cling
serai,donut,cling,clink
serai,donut,cling,whiny
serai,donut,cling,blink
serai,donut,tulip
serai,donut,ditto
serai,donut,doing
serai,donut,pinto
serai,donut,hippo,igloo
serai,donut,hippo,limbo
serai,donut,hippo,hippo
serai,donut,input
serai,donut,going,going
serai,donut,going,login
serai,donut,minty,ninth
serai,donut,minty,minty
serai,donut,dying
serai,donut,blype,quill
serai,donut,blype,pupil
serai,donut,blype,juicy
serai,donut,blype,quick
serai,donut,blype,cubic
serai,donut,blype,pubic
serai,first,first
serai,first,virus
serai,basal,nasal
serai,basal,assay
serai,basal,basal
serai,basal,usual
serai,ponty,gassy
serai,ponty,gulch,awash
serai,ponty,gulch,glass
serai,ponty,gulch,chasm
serai,ponty,gulch,clash
serai,ponty,gulch,quash
serai,ponty,gulch,flash
serai,ponty,gulch,flask
serai,ponty,gulch,class
serai,ponty,gulch,amass
serai,ponty,nasty
serai,ponty,mason
serai,ponty,palsy
serai,ponty,abyss
serai,ponty,hasty,hasty
serai,ponty,hasty,tasty
serai,ponty,pasty
serai,ponty,clasp
serai,ponty,ascot
serai,ponty,abaca,boast
serai,ponty,abaca,coast
serai,ponty,abaca,toast
serai,ponty,chaos,lasso
serai,ponty,chaos,chaos
serai,ponty,gnash
serai,ponty,pansy
serai,ponty,patsy
serai,ponty,psalm
serai,ponty,angst
serai,ponty,blast
serai,ponty,pasta
serai,swami
serai,amene,setup
serai,amene,seven
serai,amene,seedy
serai,amene,sense
serai,amene,semen
serai,amene,segue
serai,manly,naive
serai,manly,abide
serai,manly,image
serai,manly,alike,alive
serai,manly,alike,alike
serai,manly,email
serai,manly,alien
serai,manly,agile
serai,manly,anime
serai,manly,inane
serai,manly,maize
serai,manly,waive
serai,clept,cheap
serai,clept,algae
serai,clept,eclat
serai,clept,plead
serai,clept,equal
serai,clept,cleat
serai,clept,bleat
serai,clept,pleat
serai,clept,ahead,ahead
serai,clept,ahead,knead
serai,clept,ocean
serai,clept,wheat
serai,clept,tweak
serai,clept,cheat
serai,clept,clean
serai,clept,gleam,gleam
serai,clept,gleam,glean
serai,clept,gleam,bleak
serai,satin,staid
serai,satin,satin
serai,satin,snail
serai,satin,saint
serai,satin,slain
serai,satin,sigma
serai,satin,stain
serai,arose,arose
serai,arose,erase
serai,abamp,eerie
serai,abamp,peril
serai,abamp,merit
serai,hotly,mecca,peace
serai,hotly,mecca,mecca
serai,hotly,mecca,weave
serai,hotly,meant
serai,hotly,dealt
serai,hotly,leant,leant
serai,hotly,leant,delta
serai,hotly,leant,leapt
serai,hotly,beach,beach
serai,hotly,beach,peach
serai,hotly,fella
serai,hotly,death,teach
serai,hotly,death,death
serai,hotly,heady,heady
serai,hotly,heady,heavy
serai,hotly,beady
serai,hotly,mealy
serai,hotly,heave
serai,hotly,leave
serai,hotly,meaty
serai,hotly,heath
serai,hotly,leach
serai,hotly,leafy,leaky
serai,hotly,leafy,leafy
serai,thunk,sword
serai,thunk,short
serai,thunk,spurt
serai,thunk,slurp
serai,thunk,stork
serai,thunk,storm,sport
serai,thunk,storm,storm
serai,thunk,storm,story
serai,thunk,spurn
serai,thunk,scour
serai,thunk,shorn
serai,thunk,snort
serai,thunk,scorn,scorn
serai,thunk,scorn,sworn
serai,drant,fairy,hairy
serai,drant,fairy,fairy
serai,drant,chair,chair
serai,drant,chair,flair
serai,drant,ratio,tapir
serai,drant,ratio,ratio
serai,drant,brain,brain
serai,drant,brain,grain
serai,drant,cairn
serai,drant,dairy
serai,drant,drain
serai,drant,tiara
serai,drant,nadir
serai,drant,rabid,rabid
serai,drant,rabid,radio
serai,drant,rabid,rapid
serai,drant,diary
serai,drant,trait
serai,drant,braid
serai,drant,train
serai,drant,trail
serai,drant,rainy
serai,drant,frail,grail
serai,drant,frail,frail
serai,flyte,beast
serai,flyte,feast
serai,flyte,leash
serai,flyte,tease
serai,flyte,lease
serai,flyte,yeast
serai,flyte,cease
serai,flyte,least
serai,ennui
serai,clept,since
serai,clept,spice
serai,clept,smile
serai,clept,spiel
serai,clept,slice
serai,clept,slide,slide
serai,clept,slide,slime
serai,clept,siege,sieve
serai,clept,siege,sheik
serai,clept,siege,siege
serai,clept,shied,singe
serai,clept,shied,sinew
serai,clept,shied,shied
serai,clept,shied,snide
serai,clept,shied,swine
serai,clept,shied,shine
serai,clept,stein
serai,clept,smite,suite
serai,clept,smite,smite
serai,clept,spite
serai,clept,snipe
serai,clept,spike,spine
serai,clept,spike,spied
serai,clept,spike,spike
serai,afire,irate
serai,afire,afire
serai,afire,aider
serai,lyart,teary
serai,lyart,zebra
serai,lyart,pearl
serai,lyart,learn
serai,lyart,ready
serai,lyart,weary,yearn
serai,lyart,weary,weary
serai,lyart,heart
serai,lyart,reach
serai,lyart,react
serai,lyart,realm
serai,lyart,beard,heard
serai,lyart,beard,beard
serai,lyart,beard,rearm
serai,acute,screw
serai,acute,scree
serai,acute,surer
serai,acute,spree
serai,acute,shrew
serai,acute,surge
serai,pined,gripe,tripe
serai,pined,gripe,gripe
serai,pined,glift,river
serai,pined,glift,rivet
serai,pined,glift,timer
serai,pined,glift,giver
serai,pined,glift,liver
serai,pined,glift,filer
serai,pined,glift,fiber,fixer
serai,pined,glift,fiber,fiber
serai,pined,glift,tiger
serai,pined,piper
serai,pined,plier
serai,pined,acmes,price
serai,pined,acmes,prize
serai,pined,acmes,prime
serai,pined,batch,tribe
serai,pined,batch,grime
serai,pined,batch,trice
serai,pined,batch,crime
serai,pined,batch,their
serai,pined,batch,bribe
serai,pined,batch,trite,trite
serai,pined,batch,trite,write
serai,pined,ridge
serai,pined,riper,riper
serai,pined,riper,viper
serai,pined,fibre,fibre
serai,pined,fibre,fiery
serai,pined,fibre,rifle
serai,pined,nicer
serai,pined,brine,urine
serai,pined,brine,inert
serai,pined,brine,brine
serai,pined,cider,rider,rider
serai,pined,cider,rider,wider
serai,pined,cider,diver
serai,pined,cider,cider
serai,pined,ripen
serai,pined,drier,idler
serai,pined,drier,drier
serai,pined,bride,drive
serai,pined,bride,bride
serai,pined,brief,brief
serai,pined,brief,grief
serai,pined,brief,flier
serai,pined,brief,crier
serai,pined,inner
serai,pined,diner
serai,pined,pride
serai,pined,pried
serai,pined,afald,miner
serai,pined,afald,finer
serai,pined,afald,liner
serai,pined,infer,infer
serai,pined,infer,inter
serai,pined,chaft,tried
serai,pined,chaft,dried
serai,pined,chaft,fried
serai,pined,chaft,cried
serai,stair
serai,ancho,curse
serai,ancho,nurse
serai,ancho,horse
serai,ancho,worse
serai,ancho,purse
serai,sedan
serai,aahed,alibi
serai,aahed,khaki
serai,aahed,cacti
serai,clits,basis
serai,clits,basil
serai,clits,waist
serai,clits,daisy
serai,clits,basic
serai,clits,basin
serai,clits,amiss
serai,clits,vista
serai,armer,rinse
serai,armer,riser
serai,armer,wiser
serai,armer,risen
serai,armer,miser
serai,count,truck
serai,count,robot
serai,count,brunt,brunt
serai,count,brunt,grunt
serai,count,crumb,crump
serai,count,crumb,crumb
serai,count,crown
serai,count,badge,brown
serai,count,badge,grown
serai,count,badge,drown
serai,count,badge,frown
serai,count,drunk,wrung
serai,count,drunk,drunk
serai,count,churn
serai,count,motor,motor
serai,count,motor,rotor
serai,count,mourn
serai,count,frock
serai,count,dryly,wryly
serai,count,dryly,dryly
serai,count,droop,droll
serai,count,droop,brook,broom
serai,count,droop,brook,brook
serai,count,droop,brook,groom
serai,count,droop,proof
serai,count,droop,brood
serai,count,droop,growl
serai,count,droop,fjord
serai,count,droop,drool
serai,count,droop,glory
serai,count,droop,floor
serai,count,droop,droop
serai,count,droop,prowl,prowl
serai,count,droop,prowl,proxy
serai,count,droop,hydro
serai,count,court
serai,count,dowry,rowdy
serai,count,dowry,dowry
serai,count,dowry,roomy
serai,count,blurt
serai,count,blurb,gruff
serai,count,blurb,blurb
serai,count,thorn
serai,count,croup
serai,count,abhor,froth
serai,count,abhor,troop
serai,count,abhor,broth
serai,count,abhor,troll
serai,count,trunk
serai,count,ruddy,ruddy
serai,count,ruddy,rugby
serai,count,abmho,truly
serai,count,abmho,truth
serai,count,abmho,trump
serai,count,crony
serai,count,donor,honor
serai,count,donor,donor
serai,count,occur
serai,count,color
serai,count,round
serai,count,grout,grout
serai,count,grout,trout
serai,count,front
serai,count,ahold,humor
serai,count,ahold,proud
serai,count,ahold,flour
serai,count,ahold,group
serai,count,ahold,rumor
serai,count,crock,crock
serai,count,crock,crowd
serai,count,crock,crook
serai,count,crock,chord
serai,count,tumor,tutor
serai,count,tumor,tumor
serai,count,crypt
serai,count,prong,wrong
serai,count,prong,frond
serai,count,prong,prong
serai,count,gourd,gourd
serai,count,gourd,rough
serai,count,rocky
serai,blind,belie
serai,blind,medic
serai,blind,begin
serai,blind,fetid,tepid
serai,blind,fetid,fetid
serai,blind,weigh
serai,blind,being
serai,blind,denim
serai,blind,deign
serai,blind,devil
serai,blind,genie
serai,blind,debit
serai,blind,deity
serai,blind,feign,feign
serai,blind,feign,neigh
serai,blind,helix
serai,blind,befit
serai,croft,droit
serai,croft,fritz
serai,croft,choir
serai,croft,fruit
serai,croft,third,twirl
serai,croft,third,third
serai,croft,right
serai,croft,dungy,briny
serai,croft,dungy,krill
serai,croft,dungy,bring,wring
serai,croft,dungy,bring,bring
serai,croft,dungy,privy
serai,croft,dungy,grind
serai,croft,dungy,druid
serai,croft,dungy,drink
serai,croft,dungy,grimy
serai,croft,dungy,brink
serai,croft,dungy,grill
serai,croft,dungy,drill
serai,croft,flirt
serai,croft,orbit
serai,croft,ivory
serai,croft,drift
serai,croft,primo,primo
serai,croft,primo,prior
serai,croft,incur
serai,croft,print
serai,croft,micro
serai,croft,brick,prick
serai,croft,brick,brick
serai,croft,chirp
serai,croft,quirk,whirl
serai,croft,quirk,rigid
serai,croft,quirk,quirk
serai,croft,crick,crimp
serai,croft,crick,crick
serai,croft,intro
serai,croft,trick
serai,croft,frill
serai,croft,rhino,vigor
serai,croft,rhino,robin
serai,croft,rhino,minor
serai,croft,rhino,rhino
serai,croft,rhino,rigor
serai,croft,broil,broil
serai,croft,broil,irony
serai,croft,broil,groin
serai,glint,cutie,piety
serai,glint,cutie,tithe
serai,glint,cutie,cutie
serai,glint,cutie,ethic
serai,glint,inept
serai,glint,given
serai,glint,inlet
serai,glint,fiend
serai,glint,guide
serai,glint,binge,binge
serai,glint,binge,hinge
serai,glint,exile,exile
serai,glint,exile,while
serai,glint,utile
serai,glint,untie
serai,glint,guile
serai,glint,elide,elide
serai,glint,elide,olive
serai,glint,elide,plied
serai,glint,eking,eying
serai,glint,eking,eking
serai,glint,quite,thief
serai,glint,quite,twice
serai,glint,quite,quite
serai,glint,quite,white
serai,glint,bawdy,field
serai,glint,bawdy,impel,impel
serai,glint,bawdy,impel,pixel
serai,glint,bawdy,wield
serai,glint,bawdy,libel
serai,glint,bawdy,bible
serai,glint,bawdy,yield
serai,glint,cameo,oxide
serai,glint,cameo,edify
serai,glint,cameo,voice
serai,glint,cameo,chide
serai,glint,cameo,chime
serai,glint,cameo,chief
serai,glint,cameo,juice
serai,glint,lithe,tilde
serai,glint,lithe,title
serai,glint,lithe,lithe
serai,glint,elite
serai,glint,liken,linen
serai,glint,liken,liken
serai,glint,twine
serai,glint,bilge,bilge
serai,glint,bilge,liege
serai,glint,bicep,video
serai,glint,bicep,piece
serai,glint,bicep,biome
serai,glint,bicep,pique,pixie
serai,glint,bicep,pique,pique
serai,glint,bicep,movie
serai,glint,bicep,equip
serai,glint,bicep,imbue
serai,glint,bicep,bicep
serai,glint,bicep,dicey
serai,glint,bicep,diode
serai,glint,midge
serai,glint,eight
serai,glint,edict,quiet
serai,glint,edict,evict
serai,glint,edict,edict
serai,glint,glide
serai,glint,unite
serai,glint,wince,niche
serai,glint,wince,index
serai,glint,wince,vixen
serai,glint,wince,widen
serai,glint,wince,wince
serai,glint,wince,piney
serai,glint,wince,mince
serai,glint,wince,niece
serai,glint,elfin
serai,glint,opine,ovine
serai,glint,opine,whine
serai,glint,opine,opine
serai,glint,filet
serai,glint,knife
serai,aisle,aisle
serai,aisle,aside
serai,notch,snore
serai,notch,spore,swore
serai,notch,spore,spore
serai,notch,store
serai,notch,sneer
serai,notch,sperm,super
serai,notch,sperm,sperm
serai,notch,stern
serai,notch,sheer
serai,notch,steer
serai,notch,sober,sober
serai,notch,sober,sower
serai,notch,shore
serai,notch,score
serai,chant,scare
serai,chant,share
serai,chant,spare
serai,chant,snare
serai,chant,saner
serai,chant,safer
serai,chant,stare
serai,serum,serve
serai,serum,serum
serai,block,crisp
serai,block,frisk
serai,block,risky
serai,block,visor
serai,block,prism,wrist
serai,block,prism,prism
serai,block,brisk
serai,chapt,satyr
serai,chapt,sharp
serai,chapt,scarf,scarf
serai,chapt,scarf,scary
serai,chapt,savor
serai,chapt,snarl,swarm
serai,chapt,snarl,snarl
serai,chapt,shard,shard
serai,chapt,shard,shark
serai,chapt,spark
serai,chapt,stark
serai,chapt,smart,start
serai,chapt,smart,smart
serai,terra
serai,humpy,bosom
serai,humpy,adult,fussy
serai,humpy,adult,dusty
serai,humpy,adult,dusky
serai,humpy,adult,gusty
serai,humpy,adult,lusty
serai,humpy,mushy
serai,humpy,lousy
serai,humpy,mucus
serai,humpy,ghost
serai,humpy,plush
serai,humpy,focus,bonus
serai,humpy,focus,joust
serai,humpy,focus,locus
serai,humpy,focus,focus
serai,humpy,gusto
serai,humpy,pushy
serai,humpy,bossy
serai,humpy,bushy
serai,humpy,humus
serai,humpy,gypsy
serai,humpy,mossy
serai,humpy,husky,hussy
serai,humpy,husky,husky
serai,humpy,floss,floss
serai,humpy,floss,gloss
serai,humpy,floss,boost
serai,humpy,blush,flush
serai,humpy,blush,blush
serai,humpy,musky,musky
serai,humpy,musky,musty
serai,humpy,lupus
serai,resin
serai,seize
serai,bigly,dirty
serai,bigly,curio
serai,bigly,lurid
serai,bigly,girth
serai,bigly,girly
serai,bigly,birch,birth
serai,bigly,birch,birch
serai,bigly,lyric
serai,bigly,mirth
serai,dempt,steam
serai,dempt,steak,steal
serai,dempt,steak,steak
serai,dempt,sweat
serai,dempt,sneak
serai,dempt,stead
serai,dempt,speak
serai,cleft,briar
serai,cleft,triad
serai,cleft,friar
serai,cleft,vicar
serai,cleft,cigar
serai,cleft,rival
serai,cleft,trial
serai,clipt,split
serai,clipt,scion
serai,clipt,sling,slimy
serai,clipt,sling,sling
serai,clipt,sling,slink
serai,clipt,stilt
serai,clipt,swing,suing
serai,clipt,swing,swing
serai,clipt,swing,swish
serai,clipt,swing,skiff
serai,clipt,swing,sniff
serai,clipt,swing,shiny
serai,clipt,stoic
serai,clipt,skimp,spiky
serai,clipt,skimp,spiny
serai,clipt,skimp,skimp
serai,clipt,sixth,sixty
serai,clipt,sixth,sixth
serai,clipt,shift,stint
serai,clipt,shift,swift
serai,clipt,shift,shift
serai,clipt,spicy
serai,clipt,silky,silky
serai,clipt,silky,solid
serai,clipt,silky,silly
serai,clipt,spoil
serai,clipt,sonic
serai,clipt,spill
serai,clipt,still
serai,clipt,spilt
serai,clipt,sissy,sissy
serai,clipt,sissy,squib
serai,clipt,stick
serai,clipt,skill,swill
serai,clipt,skill,skill
serai,clipt,sting,stink
serai,clipt,sting,stiff
serai,clipt,sting,sting
serai,clipt,sting,smith
serai,clipt,sight
serai,clipt,slick
serai,harsh,harsh
serai,harsh,marsh
serai,klutz,suave
serai,klutz,stale
serai,klutz,scale,salve
serai,klutz,scale,shale
serai,klutz,scale,scale
serai,klutz,stage,stave
serai,klutz,stage,stage
serai,klutz,stake
serai,klutz,slave
serai,klutz,damps,shave
serai,klutz,damps,shade
serai,klutz,damps,shame
serai,klutz,damps,shape
serai,klutz,damps,space
serai,klutz,damps,spade
serai,klutz,saute
serai,klutz,shake,shake
serai,klutz,shake,snake
serai,klutz,state
serai,klutz,slate
serai,klutz,sauce
serai,klutz,skate
serai,rebus,rebus
serai,rebus,reset
serai,rebus,reuse
serai,serif
serai,lynch,allot,salsa
serai,lynch,allot,salvo
serai,lynch,allot,stalk
serai,lynch,allot,stall
serai,lynch,allot,small
serai,lynch,apsos,savvy
serai,lynch,apsos,savoy
serai,lynch,apsos,sappy
serai,lynch,apsos,soapy
serai,lynch,apsos,sassy
serai,lynch,swath,smash
serai,lynch,swath,swash
serai,lynch,swath,stash
serai,lynch,swath,swath
serai,lynch,shall,shalt
serai,lynch,shall,shawl
serai,lynch,shall,shall
serai,lynch,scant
serai,lynch,shank
serai,lynch,slang,slang
serai,lynch,slang,salon
serai,lynch,slang,slant
serai,lynch,slash
serai,lynch,shack
serai,lynch,scamp,scuba
serai,lynch,scamp,scamp
serai,lynch,snaky
serai,lynch,sadly,salty
serai,lynch,sadly,sadly
serai,lynch,sadly,sally
serai,lynch,slack
serai,lynch,scaly
serai,lynch,spank,spank
serai,lynch,spank,stand
serai,lynch,spank,spawn
serai,lynch,spank,stank
serai,lynch,spank,sauna
serai,lynch,snack
serai,lynch,saucy
serai,lynch,shady,shady
serai,lynch,shady,shaky
serai,lynch,scald,scalp
serai,lynch,scald,scald
serai,lynch,smack,smack
serai,lynch,smack,stack
serai,lynch,shaft
serai,lynch,stamp,swamp
serai,lynch,stamp,staff
serai,lynch,stamp,spasm
serai,lynch,stamp,stamp
serai,lynch,sandy
serai,clout,adopt,adopt
serai,clout,adopt,afoot
serai,clout,along,aloof
serai,clout,along,along
serai,clout,yacht
serai,clout,caput
serai,clout,abbot
serai,clout,aloft
serai,clout,quota
serai,clout,bayou
serai,clout,madly,madly
serai,clout,madly,gayly
serai,clout,madly,lanky
serai,clout,madly,apply
serai,clout,madly,manly
serai,clout,madly,dally
serai,clout,madly,badly
serai,clout,madly,amply
serai,clout,madly,balmy
serai,clout,about
serai,clout,allot
serai,clout,caulk
serai,clout,bafts,batty
serai,clout,bafts,tabby
serai,clout,bafts,patty,tatty
serai,clout,bafts,patty,patty
serai,clout,bafts,taffy
serai,clout,bafts,thank,twang
serai,clout,bafts,thank,thank
serai,clout,bafts,tangy,tangy
serai,clout,bafts,tangy,tawny
serai,clout,bafts,fatty
serai,clout,datum
serai,clout,mango,annoy
serai,clout,mango,foamy
serai,clout,mango,wagon
serai,clout,mango,banjo
serai,clout,mango,dogma
serai,clout,mango,mango
serai,clout,mango,vodka
serai,clout,mango,mambo
serai,clout,coach,coach
serai,clout,coach,cocoa
serai,clout,coach,comma
serai,clout,coach,canon
serai,clout,fauna,gaudy
serai,clout,fauna,fauna
serai,clout,fauna,guava
serai,clout,latch
serai,clout,dight,daunt
serai,clout,dight,ajiva,taunt
serai,clout,dight,ajiva,jaunt
serai,clout,dight,ajiva,vaunt
serai,clout,dight,haunt
serai,clout,dight,gaunt
serai,clout,nymph,handy
serai,clout,nymph,bawdy,gawky
serai,clout,nymph,bawdy,daddy
serai,clout,nymph,bawdy,bawdy
serai,clout,nymph,bawdy,baggy
serai,clout,nymph,bawdy,jazzy
serai,clout,nymph,dandy,fanny
serai,clout,nymph,dandy,dandy
serai,clout,nymph,mammy
serai,clout,nymph,paddy
serai,clout,nymph,happy
serai,clout,nymph,magma
serai,clout,nymph,manga
serai,clout,nymph,mangy
serai,clout,nymph,gamma,gamma
serai,clout,nymph,gamma,mamma
serai,clout,nymph,nanny
serai,clout,nymph,kappa
serai,clout,afoul
serai,clout,catch,catty
serai,clout,catch,catch
serai,clout,chalk
serai,clout,aunty,junta
serai,clout,aunty,aunty
serai,clout,aback,wacky
serai,clout,aback,aback
serai,clout,aback,fancy
serai,clout,aback,knack,whack
serai,clout,aback,knack,knack
serai,clout,agony,among
serai,clout,agony,agony
serai,clout,plant
serai,clout,gamut
serai,clout,candy,chaff,champ
serai,clout,candy,chaff,chaff
serai,clout,candy,candy
serai,clout,candy,caddy
serai,clout,candy,canny
serai,clout,candy,cabby
serai,clout,atoll
serai,clout,black,black
serai,clout,black,flack
serai,clout,adapt
serai,clout,allow,allow
serai,clout,allow,alloy
serai,clout,koala,aglow
serai,clout,koala,polka
serai,clout,koala,koala
serai,clout,koala,loamy
serai,clout,quack
serai,clout,album
serai,clout,chant
serai,clout,annul,annul
serai,clout,annul,awful
serai,clout,bacon,bacon
serai,clout,bacon,havoc
serai,clout,bacon,macho
serai,clout,bacon,mocha
serai,clout,laugh,laugh
serai,clout,laugh,qualm
serai,clout,loath,talon
serai,clout,loath,loath
serai,clout,aptly,aptly
serai,clout,aptly,tally
serai,clout,aptly,waltz
serai,clout,baton,tango
serai,clout,baton,baton
serai,clout,baton,taboo
serai,clout,baton,tonga
serai,clout,bumph,patch
serai,clout,bumph,hatch,watch
serai,clout,bumph,hatch,hatch
serai,clout,bumph,tacky
serai,clout,bumph,match
serai,clout,bumph,batch
serai,clout,blank,llama,llama
serai,clout,blank,llama,plaza
serai,clout,blank,alpha
serai,clout,blank,gland
serai,clout,blank,flaky
serai,clout,blank,blank
serai,clout,blank,flank,flank
serai,clout,blank,flank,plank
serai,clout,blank,bland
serai,clout,fault,adult
serai,clout,fault,fault
serai,clout,fault,vault
serai,clout,clank,clang
serai,clout,clank,clack
serai,clout,clank,clank
serai,clout,clank,clamp
serai,clout,aloud
serai,parse
serai,brond,armor
serai,brond,abort
serai,brond,angry,angry
serai,brond,angry,ranch
serai,brond,arbor
serai,brond,drank
serai,brond,brawn
serai,brond,abhor,labor
serai,brond,abhor,abhor
serai,brond,abhor,cobra
serai,brond,brand
serai,brond,acorn
serai,brond,valor,roach
serai,brond,valor,vapor
serai,brond,valor,major,razor
serai,brond,valor,major,major
serai,brond,valor,major,mayor
serai,brond,valor,macro
serai,brond,valor,actor
serai,brond,valor,ovary
serai,brond,valor,favor
serai,brond,valor,valor
serai,brond,aahed,guard
serai,brond,aahed,award
serai,brond,aahed,chard
serai,brond,adorn
serai,brond,manor,rayon
serai,brond,manor,manor
serai,brond,agora,agora
serai,brond,agora,flora
serai,brond,capot,frank
serai,brond,capot,crank
serai,brond,capot,grant
serai,brond,capot,prank
serai,brond,ardor
serai,brond,clapt,graph
serai,brond,clapt,craft
serai,brond,clapt,tramp
serai,brond,clapt,wrack
serai,brond,clapt,tract
serai,brond,clapt,crack,crazy
serai,brond,clapt,crack,crack
serai,brond,clapt,trawl
serai,brond,clapt,crawl
serai,brond,clapt,graft
serai,brond,clapt,cramp
serai,brond,clapt,gravy
serai,brond,clapt,wrath
serai,brond,clapt,track
serai,brond,brawl
serai,brond,aroma
serai,brond,shtum,quart
serai,brond,shtum,chart
serai,brond,shtum,apart
serai,brond,shtum,ratty
serai,brond,shtum,rally
serai,brond,shtum,charm
serai,brond,shtum,ultra
serai,brond,shtum,ralph
serai,brond,shtum,augur
serai,brond,shtum,alarm
serai,brond,shtum,quark
serai,brond,shtum,wharf
serai,brond,rumba,umbra
serai,brond,rumba,rumba
serai,brond,hoard
serai,brond,fraud
serai,brond,dwarf
serai,brond,grand
serai,brond,randy
serai,brond,prawn
serai,brond,aalii,drama
serai,brond,aalii,drawl
serai,brond,aalii,draft
serai,brond,drawn
serai,brond,bravo
serai,brond,board
serai,essay
serai,fowth,lurch,myrrh
serai,fowth,lurch,lurch
serai,fowth,wordy,worry
serai,fowth,wordy,world
serai,fowth,wordy,wordy
serai,fowth,furor
serai,fowth,hurry
serai,fowth,furry
serai,fowth,turbo
serai,fowth,morph,porch
serai,fowth,morph,morph
serai,fowth,torch
serai,fowth,horny
serai,fowth,calve,curvy
serai,fowth,calve,burly
serai,fowth,calve,curry
serai,fowth,calve,murky
serai,fowth,calve,curly
serai,fowth,thrum
serai,fowth,forgo,forum
serai,fowth,forgo,forgo
serai,fowth,burnt
serai,fowth,worth
serai,fowth,corny,moron
serai,fowth,corny,lorry
serai,fowth,corny,corny
serai,fowth,forty
serai,fowth,forth
serai,fowth,throw
serai,fowth,north
serai,fowth,throb
serai,fowth,juror
serai,glout,pulse
serai,glout,amnic,noose
serai,glout,amnic,whose
serai,glout,amnic,moose
serai,glout,amnic,chose
serai,glout,guess
serai,glout,close
serai,glout,goose
serai,glout,these
serai,glout,copse,posse
serai,glout,copse,nosey
serai,glout,copse,obese
serai,glout,copse,poesy
serai,glout,copse,copse
serai,glout,those
serai,glout,ethos
serai,glout,chest
serai,glout,onset
serai,glout,house,mouse
serai,glout,house,house
serai,glout,unset,upset
serai,glout,unset,unset
serai,glout,unset,quest
serai,glout,louse
serai,glout,bless,flesh
serai,glout,bless,bless
serai,glout,loose
serai,glout,ensue
serai,glout,chess
serai,glout,guest
serai,glout,bused
serai,sepia
serai,dirge
serai,chili,fungi
serai,chili,chili
serai,refit,refit
serai,refit,remit
serai,refit,relic
serai,refit,reign
serai,refit,weird
serai,aptly,scram
serai,aptly,scrap
serai,aptly,straw
serai,aptly,spray
serai,aptly,stray
serai,aptly,strap
serai,burst,torso
serai,burst,worst
serai,burst,burst
serai,burst,torus
serai,hoist,tipsy
serai,hoist,whisk
serai,hoist,kiosk
serai,hoist,fishy
serai,hoist,noisy
serai,hoist,bison,bison
serai,hoist,bison,disco
serai,hoist,aflaj,foist
serai,hoist,aflaj,moist
serai,hoist,aflaj,joist
serai,hoist,midst
serai,hoist,visit
serai,hoist,gipsy,gipsy
serai,hoist,gipsy,missy
serai,hoist,bliss
serai,hoist,using
serai,hoist,ficus,wispy
serai,hoist,ficus,ficus
serai,hoist,ficus,music
serai,hoist,ficus,minus
serai,hoist,twist
serai,hoist,posit
serai,hoist,hoist
serai,rabbi,rabbi
serai,rabbi,radii
serai,shire,spire
serai,shire,shire
serai,shire,skier
serai,feral
serai,clapt,brace,brace
serai,clapt,brace,grace
serai,clapt,eathe,taker,taker
serai,clapt,eathe,taker,tamer
serai,clapt,eathe,eater
serai,clapt,eathe,after
serai,clapt,eathe,water
serai,clapt,eathe,extra
serai,clapt,eathe,hater
serai,clapt,alter
serai,clapt,avert
serai,clapt,racer
serai,clapt,caper
serai,clapt,alert
serai,clapt,later
serai,clapt,paper,opera
serai,clapt,paper,paper
serai,clapt,paper,payer
serai,clapt,drape,drape
serai,clapt,drape,grape
serai,clapt,cater
serai,clapt,paler
serai,clapt,lager,baler
serai,clapt,lager,lager
serai,clapt,lager,layer
serai,clapt,gived,grade
serai,clapt,gived,brave
serai,clapt,gived,grave
serai,clapt,gived,graze
serai,clapt,gived,drake
serai,clapt,gived,brake,brake
serai,clapt,gived,brake,aware
serai,clapt,gived,brake,frame
serai,clapt,grate,trade
serai,clapt,grate,grate
serai,clapt,trace
serai,clapt,anvil,craze
serai,clapt,anvil,crave
serai,clapt,anvil,crane
serai,clapt,crate
serai,clapt,abaft,glare
serai,clapt,abaft,flare
serai,clapt,abaft,blare
serai,clapt,gambe,eager,wager
serai,clapt,gambe,eager,eager
serai,clapt,gambe,arena
serai,clapt,gambe,range
serai,clapt,gambe,anger
serai,clapt,gambe,baker
serai,clapt,gambe,gayer,gayer
serai,clapt,gambe,gayer,gazer
serai,clapt,gambe,gamer
serai,clapt,gambe,amber
serai,clapt,gambe,maker
serai,clapt,gambe,adore,adore
serai,clapt,gambe,adore,azure
serai,clapt,gambe,ramen
serai,clapt,gambe,raven,wafer
serai,clapt,gambe,raven,waver
serai,clapt,gambe,raven,raven
serai,clapt,gambe,argue
serai,clapt,taper
serai,nymph,verge,verve
serai,nymph,verge,beret
serai,nymph,verge,verge
serai,nymph,nerve
serai,nymph,nerdy
serai,nymph,perky
serai,nymph,merge
serai,nymph,perch
serai,nymph,berry,berry
serai,nymph,berry,jerky
serai,nymph,berry,derby
serai,nymph,berry,ferry
serai,nymph,rerun
serai,nymph,heron
serai,nymph,mercy,mercy
serai,nymph,mercy,merry
serai,nymph,berth
serai,lynch,belch,welch
serai,lynch,belch,belch
serai,lynch,hefty
serai,lynch,deuce
serai,lynch,ledge,ledge
serai,lynch,ledge,level
serai,lynch,hence
serai,lynch,fjeld,jetty
serai,lynch,fjeld,petty
serai,lynch,fjeld,beefy
serai,lynch,fjeld,teddy
serai,lynch,fjeld,geeky
serai,lynch,fjeld,weedy
serai,lynch,beech,beech
serai,lynch,beech,fetch
serai,lynch,hedge
serai,lynch,lemon
serai,lynch,gecko
serai,lynch,decoy
serai,lynch,hello
serai,lynch,cello
serai,lynch,newly
serai,lynch,depot,debug
serai,lynch,depot,femme
serai,lynch,depot,tepee
serai,lynch,depot,beget
serai,lynch,depot,tempo
serai,lynch,depot,detox
serai,lynch,depot,depot
serai,lynch,depot,wedge
serai,lynch,depot,debut
serai,lynch,bench,bench
serai,lynch,bench,wench
serai,lynch,depth,teeth
serai,lynch,depth,depth
serai,lynch,penne,penne
serai,lynch,penne,venue
serai,lynch,penne,tenet
serai,lynch,penne,venom
serai,lynch,begun,demon
serai,lynch,begun,begun
serai,lynch,betel,bevel,bezel
serai,lynch,betel,bevel,bevel
serai,lynch,betel,belle
serai,lynch,betel,melee
serai,lynch,betel,below
serai,lynch,betel,jewel
serai,lynch,betel,betel
serai,lynch,betel,delve
serai,lynch,penny
serai,lynch,felon,melon
serai,lynch,felon,felon
serai,lynch,needy
serai,lynch,leech
serai,lynch,belly,jelly
serai,lynch,belly,belly
serai,lynch,tenth
serai,lynch,fence,pence
serai,lynch,fence,fence
serai,lynch,lefty,lefty
serai,lynch,lefty,leggy
serai,gotch,curve
serai,gotch,corer
serai,gotch,egret
serai,gotch,error
serai,gotch,purge
serai,gotch,horde
serai,gotch,gorge
serai,gotch,puree,puree
serai,gotch,puree,purer
serai,gotch,borne
serai,gotch,forte
serai,gotch,three,three
serai,gotch,three,threw
serai,gotch,force
serai,gotch,forge
serai,court,frost
serai,court,brush
serai,court,cross
serai,court,dross,gross
serai,court,dross,dross
serai,court,crust
serai,court,crush
serai,court,rusty
serai,court,roost
serai,court,truss
serai,court,usurp
serai,court,tryst
serai,court,trust
serai,thunk,akela,spunk
serai,thunk,akela,skunk
serai,thunk,akela,slunk
serai,thunk,stock
serai,thunk,snuff
serai,thunk,shush
serai,thunk,stunk
serai,thunk,stony
serai,thunk,slosh
serai,thunk,abysm,study
serai,thunk,abysm,stuff
serai,thunk,abysm,stump
serai,thunk,shout
serai,thunk,slump
serai,thunk,sloth,sooth
serai,thunk,sloth,sloth
serai,thunk,snoop,swoon
serai,thunk,snoop,synod
serai,thunk,snoop,spoon
serai,thunk,snoop,snoop
serai,thunk,snoop,snowy
serai,thunk,slush
serai,thunk,slung,sound
serai,thunk,slung,slung
serai,thunk,slung,swung
serai,thunk,skull
serai,thunk,smoky
serai,thunk,shunt
serai,thunk,shuck
serai,thunk,snuck
serai,thunk,shown
serai,thunk,south
serai,thunk,shoot
serai,thunk,stung,stunt
serai,thunk,stung,stung
serai,thunk,amply,stomp
serai,thunk,amply,sooty
serai,thunk,amply,stood
serai,thunk,amply,stoop
serai,thunk,amply,stool
serai,thunk,sulky
serai,thunk,apace,stout
serai,thunk,apace,spout
serai,thunk,apace,scout
serai,thunk,snout
serai,thunk,chelp,scoff
serai,thunk,chelp,spool
serai,thunk,chelp,scowl
serai,thunk,chelp,spoof
serai,thunk,chelp,scold
serai,thunk,chelp,sloop
serai,thunk,chelp,swoop
serai,thunk,chelp,scoop
serai,thunk,chelp,slyly
serai,thunk,chelp,soggy
serai,thunk,sully
serai,thunk,shock,shook
serai,thunk,shock,shock
serai,thunk,skulk
serai,thunk,stuck
serai,thunk,showy,shyly
serai,thunk,showy,showy
serai,thunk,sunny
serai,thunk,smock,smock
serai,thunk,smock,spook
serai,sever,sever
serai,sever,sewer
serai,caple,agree
serai,caple,earth,harem
serai,caple,earth,earth
serai,caple,earth,rarer
serai,caple,early
serai,caple,carve
serai,caple,parer
serai,caple,farce
serai,caple,barge
serai,caple,large
serai,ideal
serai,thorp,tardy
serai,thorp,warty
serai,thorp,carry,carry
serai,thorp,carry,marry
serai,thorp,parry
serai,thorp,hardy,march
serai,thorp,hardy,hardy
serai,thorp,parka
serai,thorp,karma,karma
serai,thorp,karma,larva
serai,thorp,aorta
serai,thorp,harry
serai,thorp,party
serai,thorp,baron,baron
serai,thorp,baron,cargo
serai,thorp,baron,carol
serai,thorp,baron,arrow
serai,thorp,harpy
serai,thorp,apron
serai,thorp,tarot
serai,coted,wreck
serai,coted,probe,froze,froze
serai,coted,probe,froze,grove
serai,coted,probe,broke
serai,coted,probe,grope
serai,coted,probe,ombre
serai,coted,probe,probe
serai,coted,probe,prone,prove
serai,coted,probe,prone,prone
serai,coted,rogue,rogue
serai,coted,rogue,rouge
serai,coted,tower
serai,coted,creme,crepe
serai,coted,creme,creme
serai,coted,creme,clerk
serai,coted,creed
serai,coted,creek,cheer
serai,coted,creek,cruel
serai,coted,creek,creek
serai,coted,creek,cyber
serai,coted,creek,creep
serai,coted,enter,utter
serai,coted,enter,enter
serai,coted,gulpy,green
serai,coted,gulpy,hyper
serai,coted,gulpy,bluer
serai,coted,gulpy,gruel
serai,coted,gulpy,ruler
serai,coted,gulpy,preen
serai,coted,gulpy,flyer
serai,coted,gulpy,queer
serai,coted,gulpy,buyer
serai,coted,gulpy,ember,ember
serai,coted,gulpy,ember,freer
serai,coted,gulpy,upper
serai,coted,gulpy,rupee
serai,coted,drone,drone
serai,coted,drone,erode
serai,coted,drone,drove
serai,coted,other
serai,coted,trope,trope
serai,coted,trope,overt
serai,coted,trope,wrote
serai,coted,trope,trove
serai,coted,credo
serai,coted,voter
serai,coted,rodeo
serai,coted,udder,udder
serai,coted,udder,under
serai,coted,udder,ruder
serai,coted,udder,dryer
serai,coted,udder,elder
serai,coted,otter,otter
serai,coted,otter,outer
serai,coted,whelm,lower
serai,coted,whelm,power,rower
serai,coted,whelm,power,power
serai,coted,whelm,rugby,foyer
serai,coted,whelm,rugby,joker,joker
serai,coted,whelm,rugby,joker,poker
serai,coted,whelm,rugby,boxer
serai,coted,whelm,rugby,rover
serai,coted,whelm,rugby,roger
serai,coted,whelm,rugby,goner
serai,coted,whelm,mover
serai,coted,whelm,wooer
serai,coted,whelm,hover
serai,coted,whelm,lover
serai,coted,whelm,mower
serai,coted,whelm,homer
serai,coted,brute,erupt
serai,coted,brute,brute
serai,coted,brute,there
serai,coted,brute,exert
serai,coted,crude
serai,coted,every,every
serai,coted,every,prune
serai,coted,every,rhyme
serai,coted,every,where
serai,coted,every,query
serai,coted,prude
serai,coted,abaft,freed
serai,coted,abaft,breed
serai,coted,abaft,greed
serai,coted,ulcer
serai,coted,erect,erect
serai,coted,erect,truce
serai,coted,trend
serai,coted,chore,crone
serai,coted,chore,chore
serai,coted,cover,cover
serai,coted,cover,cower
serai,coted,crept
serai,coted,offer,offer
serai,coted,offer,owner
serai,coted,entry
serai,coted,route
serai,coted,greet,greet
serai,coted,greet,truer
serai,coted,greet,ether
serai,coted,greet,tuber
serai,coted,addle,order
serai,coted,addle,older
serai,coted,addle,odder
serai,tabid,creak,clear
serai,tabid,creak,freak,freak
serai,tabid,creak,freak,wreak
serai,tabid,creak,cream
serai,tabid,creak,creak
serai,tabid,great
serai,tabid,break
serai,tabid,dread
serai,tabid,treat
serai,tabid,dream
serai,tabid,bread
serai,tabid,tread
serai,media
serai,sushi
serai,shirk,skirt
serai,shirk,shirt
serai,shirk,smirk
serai,shirk,swirl
serai,shirk,shirk
serai,clept,sleep
serai,clept,kants,smote
serai,clept,kants,stone
serai,clept,kants,stove
serai,clept,kants,stoke
serai,clept,sheep,sweep
serai,clept,sheep,spend
serai,clept,sheep,speed
serai,clept,sheep,sheep
serai,clept,scene
serai,clept,spoke
serai,clept,swept
serai,clept,spent
serai,clept,spelt
serai,clept,steep
serai,clept,stole,style
serai,clept,stole,stole
serai,clept,shone,shone
serai,clept,shone,shove
serai,clept,shone,smoke
serai,clept,solve
serai,clept,scone
serai,clept,fehme,shell
serai,clept,fehme,shelf
serai,clept,fehme,swell
serai,clept,fehme,smell
serai,clept,scent
serai,clept,steed
serai,clept,slope
serai,clept,steel
serai,clept,slept
serai,clept,sheen
serai,clept,scope
serai,clept,smelt
serai,clept,sheet,sheet
serai,clept,sheet,sweet
serai,clept,sleek
serai,clept,spell
serai,clept,sleet
serai,clept,speck
serai,baldy,relax
serai,baldy,recap
serai,baldy,debar
serai,baldy,rebar,rehab
serai,baldy,rebar,rebar
serai,baldy,cedar
serai,baldy,repay
serai,baldy,relay
serai,baldy,regal,renal
serai,baldy,regal,regal
serai,bothy,sorry
serai,bothy,strut
serai,bothy,scrub
serai,bothy,syrup
serai,bothy,shrug
serai,bothy,surly
serai,bothy,scrum
serai,bothy,shrub
serai,siren
serai,bumph,smear
serai,bumph,swear
serai,bumph,shear
serai,bumph,spear
serai,acold,shoal
serai,acold,splat
serai,acold,squat
serai,acold,squad
serai,acold,sumac
serai,acold,salad
serai,delft,decay
serai,delft,medal,medal
serai,delft,medal,pedal
serai,delft,fetal
serai,delft,legal,penal
serai,delft,legal,legal
serai,delft,metal,metal
serai,delft,metal,petal
serai,delft,begat
serai,delft,delay
serai,delft,decal
serai,delft,began,began
serai,delft,began,pecan
serai,delft,began,vegan
serai,delft,began,kebab
serai,delft,fecal
serai,viral
serai,potch,fresh
serai,potch,crest
serai,potch,cress
serai,potch,press
serai,potch,wrest
serai,potch,prose
serai,potch,usher
serai,potch,ester
serai,potch,loser,loser
serai,potch,loser,rouse
serai,potch,poser
serai,potch,dress
serai,acrid,circa
serai,acrid,acrid
serai,quasi
serai,noise,exist
serai,noise,noise
serai,noise,guise
serai,noise,islet
serai,noise,poise
serai,noise,issue
serai,solar,sonar
serai,solar,sugar
serai,solar,solar
serai,bunch,clock,clock
serai,bunch,clock,flock
serai,bunch,block
serai,bunch,flout,pouty
serai,bunch,flout,moult
serai,bunch,flout,plump
serai,bunch,flout,would
serai,bunch,flout,flout
serai,bunch,flout,fluff
serai,bunch,flout,mogul
serai,bunch,hound
serai,bunch,bongo
serai,bunch,admit,hutch
serai,bunch,admit,mulch
serai,bunch,admit,dutch
serai,bunch,admit,gulch
serai,bunch,clung,count
serai,bunch,clung,uncut
serai,bunch,clung,clung
serai,bunch,knock
serai,bunch,dampy,mount
serai,bunch,dampy,young
serai,bunch,dampy,flung,flung
serai,bunch,dampy,flung,flunk
serai,bunch,dampy,mound
serai,bunch,dampy,plunk
serai,bunch,dampy,pound
serai,bunch,dampy,found,found
serai,bunch,dampy,found,wound
serai,bunch,pooch
serai,bunch,ought
serai,bunch,nobly
serai,bunch,cloth
serai,bunch,gumbo,gumbo
serai,bunch,gumbo,jumbo
serai,bunch,nutty
serai,bunch,capot,couch
serai,bunch,capot,touch
serai,bunch,capot,vouch
serai,bunch,capot,pouch
serai,bunch,butch
serai,bunch,booth
serai,bunch,mouth,tough
serai,bunch,mouth,mouth
serai,bunch,mouth,youth
serai,bunch,mouth,dough
serai,bunch,chunk
serai,bunch,flown,knoll
serai,bunch,flown,downy
serai,bunch,flown,flown
serai,bunch,flown,nylon
serai,bunch,flown,known
serai,bunch,conch,lynch
serai,bunch,conch,conch
serai,bunch,chuck
serai,bunch,bluff
serai,bunch,phony,thong
serai,bunch,phony,phony
serai,bunch,duchy
serai,bunch,donut
serai,bunch,hunky
serai,bunch,chump
serai,bunch,glyph,tooth
serai,bunch,glyph,lymph
serai,bunch,glyph,glyph
serai,bunch,nymph
serai,bunch,notch
serai,bunch,month
serai,bunch,comfy,comfy
serai,bunch,comfy,coyly
serai,bunch,abbot,blood,blood
serai,bunch,abbot,blood,bloom
serai,bunch,abbot,booby
serai,bunch,abbot,bobby
serai,bunch,abbot,booty
serai,bunch,abbot,boozy
serai,bunch,blond,blown
serai,bunch,blond,blond
serai,bunch,ghoul,ghoul
serai,bunch,ghoul,thump
serai,bunch,botch
serai,bunch,dempt,guppy,puppy
serai,bunch,dempt,guppy,guppy
serai,bunch,dempt,guppy,pulpy
serai,bunch,dempt,outdo
serai,bunch,dempt,puffy
serai,bunch,dempt,pudgy
serai,bunch,dempt,fully,gully
serai,bunch,dempt,fully,fuzzy
serai,bunch,dempt,fully,fully
serai,bunch,dempt,dully
serai,bunch,dempt,putty
serai,bunch,dempt,gummy,gummy
serai,bunch,dempt,gummy,mummy
serai,bunch,dempt,muddy
serai,bunch,dempt,jumpy,jumpy
serai,bunch,dempt,jumpy,lumpy
serai,bunch,dempt,dumpy
serai,bunch,dempt,dummy
serai,bunch,dempt,outgo
serai,bunch,doubt,plumb
serai,bunch,doubt,doubt
serai,bunch,bough
serai,bunch,goold,dowdy,dowdy
serai,bunch,goold,dowdy,toddy
serai,bunch,goold,folly,lowly
serai,bunch,goold,folly,folly
serai,bunch,goold,folly,jolly
serai,bunch,goold,moody,woody
serai,bunch,goold,moody,moody
serai,bunch,goold,gloom
serai,bunch,goold,foggy
serai,bunch,goold,godly
serai,bunch,goold,dolly
serai,bunch,goold,motto
serai,bunch,goold,poppy
serai,bunch,goold,lofty,lofty
serai,bunch,goold,lofty,polyp
serai,bunch,goold,pygmy
serai,bunch,goold,flood
serai,bunch,goold,loopy
serai,bunch,goold,oddly
serai,bunch,goold,goofy
serai,bunch,goold,goody
serai,bunch,goold,woozy
serai,bunch,goold,dodgy
serai,bunch,goold,golly
serai,bunch,goold,moldy
serai,bunch,goold,wooly
serai,bunch,condo
serai,bunch,lucky,lucky
serai,bunch,lucky,mucky
serai,bunch,humph,humph
serai,bunch,humph,quoth
serai,bunch,blunt,bound
serai,bunch,blunt,blunt
serai,bunch,cloud,cloud
serai,bunch,cloud,could
serai,bunch,cloud,clump
serai,bunch,cloud,clout
serai,bunch,ample,punch
serai,bunch,ample,lunch
serai,bunch,ample,munch
serai,bunch,ample,hunch
serai,bunch,cluck,pluck
serai,bunch,cluck,cluck
serai,bunch,hotly,hotly
serai,bunch,hotly,holly
serai,bunch,hotly,howdy
serai,bunch,hotly,whoop
serai,bunch,hotly,photo
serai,bunch,chock
serai,bunch,clown,clown
serai,bunch,clown,colon
serai,bunch,hobby
serai,bunch,acold,bulky
serai,bunch,acold,buggy
serai,bunch,acold,buddy
serai,bunch,acold,buxom
serai,bunch,acold,bully
serai,bunch,cough
serai,bunch,lobby
serai,bunch,funky,junto
serai,bunch,funky,funny
serai,bunch,funky,funky
serai,bunch,bunny
serai,bunch,thumb
serai,bunch,bunch
serai,angle,agent
serai,angle,anode
serai,angle,angel
serai,angle,abbey,adept
serai,angle,abbey,abbey
serai,angle,cagey
serai,angle,alone
serai,angle,bahut,chafe
serai,angle,bahut,cache
serai,angle,bahut,mauve
serai,angle,bahut,bathe
serai,angle,bahut,quake
serai,angle,bahut,maybe
serai,angle,bahut,haute
serai,angle,bahut,evade
serai,angle,bahut,payee
serai,angle,bahut,ovate
serai,angle,dutch,blame,flame
serai,angle,dutch,blame,blame
serai,angle,dutch,blame,flake
serai,angle,dutch,blame,valve
serai,angle,dutch,blame,blaze
serai,angle,dutch,blade
serai,angle,dutch,lathe
serai,angle,dutch,value
serai,angle,dutch,place
serai,angle,dutch,elate,plate
serai,angle,dutch,elate,elate
serai,angle,dutch,halve
serai,angle,dutch,latte
serai,angle,bagel
serai,angle,exalt
serai,angle,amble,amble
serai,angle,amble,ample
serai,angle,amble,apple
serai,angle,annex
serai,angle,eagle
serai,angle,cadet,facet
serai,angle,cadet,cameo
serai,angle,cadet,cadet
serai,angle,cadet,exact
serai,angle,cadet,matey
serai,angle,cadet,theta
serai,angle,agape,agape
serai,angle,agape,agate
serai,angle,agape,adage
serai,angle,enact,enact
serai,angle,enact,enema
serai,angle,dumbo,adobe
serai,angle,dumbo,abate
serai,angle,dumbo,abode
serai,angle,dumbo,amaze
serai,angle,dumbo,above
serai,angle,dumbo,awake
serai,angle,dumbo,acute
serai,angle,dumbo,awoke
serai,angle,ankle
serai,angle,batch,valet
serai,angle,batch,hazel
serai,angle,batch,lapel
serai,angle,batch,camel
serai,angle,batch,label
serai,angle,gauge,gaffe
serai,angle,gauge,badge
serai,angle,gauge,gauze
serai,angle,gauge,gauge
serai,angle,knave
serai,angle,mange
serai,angle,atone
serai,angle,vague
serai,angle,glade,glaze
serai,angle,glade,glade
serai,angle,lance,plane
serai,angle,lance,lance
serai,angle,angle
serai,angle,gavel
serai,angle,abaft,whale
serai,angle,abaft,fable
serai,angle,abaft,cable
serai,angle,abaft,table
serai,angle,abaft,ladle,maple
serai,angle,abaft,ladle,ladle
serai,angle,omega
serai,angle,canoe,canoe
serai,angle,canoe,dance
serai,angle,bothy,oaken
serai,angle,bothy,waxen
serai,angle,bothy,eaten
serai,angle,bothy,haven
serai,angle,bothy,taken
serai,angle,bothy,hyena
serai,angle,abled,alley
serai,angle,abled,abled
serai,angle,amend,amend
serai,angle,amend,apnea
serai,angle,navel,laden
serai,angle,navel,navel
serai,angle,navel,panel
serai,taupe,abase,chase
serai,taupe,abase,abase
serai,taupe,asset
serai,taupe,usage
serai,taupe,ashen,ashen
serai,taupe,ashen,askew
serai,taupe,false,false
serai,taupe,false,masse
serai,taupe,cause
serai,taupe,pause
serai,taupe,abuse,amuse
serai,taupe,abuse,abuse
serai,taupe,bacha,haste
serai,taupe,bacha,caste
serai,taupe,bacha,baste
serai,taupe,bacha,waste
serai,taupe,easel
serai,taupe,lapse
serai,taupe,paste
serai,taupe,phase
serai,taupe,taste
