slane,steal
slane,diner,heron,rerun
slane,diner,heron,entry
slane,diner,heron,heron
slane,diner,bench,bench
slane,diner,bench,tenth
slane,diner,bench,wench
slane,diner,bench,venom
slane,diner,inert,inert
slane,diner,inert,reign
slane,diner,enjoy,enjoy
slane,diner,enjoy,enemy
slane,diner,enjoy,begun
slane,diner,enjoy,envoy
slane,diner,piney
slane,diner,demon
slane,diner,given,vixen
slane,diner,given,given
slane,diner,comet,hymen
slane,diner,comet,coven
slane,diner,comet,unmet
slane,diner,comet,token
slane,diner,comet,often
slane,diner,comet,women
slane,diner,comet,queen
slane,diner,comet,woken,woven
slane,diner,comet,woken,woken
slane,diner,deign
slane,diner,index
slane,diner,nerdy
slane,diner,never,newer
slane,diner,never,never
slane,diner,never,enter
slane,diner,ennui
slane,diner,begin,inept
slane,diner,begin,begin
slane,diner,begin,feign
slane,diner,begin,neigh
slane,diner,inner
slane,diner,diner
slane,diner,endow,endow
slane,diner,endow,needy
slane,diner,unfed,kneed
slane,diner,unfed,unfed
slane,diner,unfed,unwed
slane,diner,goner,goner
slane,diner,goner,owner
slane,diner,ripen
slane,diner,dozen
slane,diner,renew
slane,diner,under
slane,diner,abhor,honey
slane,diner,abhor,tenet
slane,diner,abhor,money
slane,diner,abhor,boney
slane,diner,widen
slane,diner,infer,inter
slane,diner,infer,infer
slane,diner,nicer
slane,diner,green,green
slane,diner,green,preen
slane,diner,denim
slane,diner,finer,finer
slane,diner,finer,miner
slane,diner,tenor
slane,carat,matey
slane,carat,cadet
slane,carat,cagey,cagey
slane,carat,cagey,cameo
slane,carat,ahead
slane,carat,avert
slane,carat,terra
slane,carat,racer
slane,carat,cheap
slane,carat,great,treat
slane,carat,great,great
slane,carat,begat,wheat
slane,carat,begat,begat
slane,carat,creak,cream
slane,carat,creak,cedar
slane,carat,creak,creak
slane,carat,media,media
slane,carat,media,abbey
slane,carat,media,omega
slane,carat,kebab
slane,carat,after,extra
slane,carat,after,after
slane,carat,tread
slane,carat,theta
slane,carat,gawky,eager
slane,carat,gawky,wager
slane,carat,gawky,paper
slane,carat,gawky,gayer
slane,carat,gawky,wafer,waver
slane,carat,gawky,wafer,wafer
slane,carat,gawky,baker,maker
slane,carat,gawky,baker,baker
slane,carat,gawky,gamer,gazer
slane,carat,gawky,gamer,gamer
slane,carat,gawky,payer
slane,carat,adept
slane,carat,amber,zebra
slane,carat,amber,amber
slane,carat,amber,aider
slane,carat,amber,opera
slane,carat,earth
slane,carat,tweak
slane,carat,cebid,break
slane,carat,cebid,dread
slane,carat,cebid,dream
slane,carat,cebid,debar
slane,carat,cebid,freak,wreak
slane,carat,cebid,freak,freak
slane,carat,cebid,bread
slane,carat,cebid,rehab
slane,carat,cebid,repay
slane,carat,cebid,rebar
slane,carat,mecca
slane,carat,caper
slane,carat,theek,taker
slane,carat,theek,tamer,tamer
slane,carat,theek,tamer,taper
slane,carat,theek,water
slane,carat,theek,hater
slane,carat,theek,eater
slane,carat,cheat
slane,carat,cater
slane,carat,parer,parer
slane,carat,parer,rarer
slane,carat,parer,harem
slane,carat,recap
slane,carat,facet
slane,carat,decay
slane,tonic,moron,mourn
slane,tonic,moron,moron
slane,tonic,funky,funky
slane,tonic,funky,hunky
slane,tonic,cowps,finch
slane,tonic,cowps,cinch
slane,tonic,cowps,winch
slane,tonic,cowps,pinch
slane,tonic,abamp,bunch
slane,tonic,abamp,punch
slane,tonic,abamp,munch
slane,tonic,abamp,hunch
slane,tonic,thorn
slane,tonic,unify
slane,tonic,tunic
slane,tonic,nutty
slane,tonic,crown,crown
slane,tonic,crown,knock
slane,tonic,robin
slane,tonic,minim
slane,tonic,north
slane,tonic,bingo,bingo
slane,tonic,bingo,minor
slane,tonic,bingo,dingo
slane,tonic,onion,union
slane,tonic,onion,inbox
slane,tonic,onion,onion
slane,tonic,notch
slane,tonic,incur
slane,tonic,undid,undid
slane,tonic,undid,unzip
slane,tonic,conic,conic
slane,tonic,conic,ionic
slane,tonic,groin
slane,tonic,junto
slane,tonic,cumin
slane,tonic,ingot,intro
slane,tonic,ingot,ingot
slane,tonic,unfit
slane,tonic,uncut
slane,tonic,tonic
slane,tonic,churn
slane,tonic,minty,minty
slane,tonic,minty,ninth
slane,tonic,donor,honor
slane,tonic,donor,donor
slane,tonic,donor,bongo
slane,tonic,toxin
slane,tonic,conch,conch
slane,tonic,conch,condo
slane,tonic,input,input
slane,tonic,input,night
slane,tonic,input,unity
slane,tonic,pinto
slane,tonic,donut,month
slane,tonic,donut,donut
slane,tonic,nymph
slane,tonic,abord,frown,grown
slane,tonic,abord,frown,frown
slane,tonic,abord,drown
slane,tonic,abord,brown
slane,tonic,abord,known
slane,tonic,dampy,pinky
slane,tonic,dampy,windy
slane,tonic,dampy,fungi
slane,tonic,dampy,dingy
slane,tonic,dampy,kinky
slane,tonic,cynic
slane,dicht,giant
slane,dicht,brand,grand
slane,dicht,brand,brand
slane,dicht,twang
slane,dicht,frank,prank
slane,dicht,frank,frank
slane,dicht,chant
slane,dicht,grant
slane,dicht,piano
slane,dicht,thank
slane,dicht,crank
slane,dicht,drank
slane,tying,cafes,fanny
slane,tying,cafes,nanny
slane,tying,cafes,canny
slane,tying,gaunt
slane,tying,taunt
slane,tying,fauna
slane,tying,hadji,jaunt
slane,tying,hadji,vaunt
slane,tying,hadji,daunt
slane,tying,hadji,haunt
slane,tying,among
slane,tying,agony
slane,tying,china
slane,tying,tawny
slane,tying,faint,faint
slane,tying,faint,paint
slane,tying,rainy
slane,tying,taint
slane,tying,aging,aping
slane,tying,aging,aging
slane,locus,lupus
slane,locus,lusty
slane,locus,lousy
slane,locus,locus
slane,using
slane,saint,sauna
slane,saint,saint
slane,broch,grasp,grass
slane,broch,grasp,grasp
slane,broch,brass
slane,broch,chasm
slane,broch,chaos
slane,broch,crash
slane,broch,crass
slane,broch,roast
slane,broch,awash,quash
slane,broch,awash,awash
slane,broch,toast
slane,broch,amass,amass
slane,broch,amass,quasi
slane,broch,boast
slane,broch,trash
slane,broch,coast
slane,broch,brash
slane,acids,slope
slane,acids,slide
slane,acids,slime
slane,acids,slice
slane,gnash
slane,courb,block
slane,courb,blood,bloom
slane,courb,blood,blood
slane,courb,flock
slane,courb,flick
slane,courb,click,cliff
slane,courb,click,click
slane,courb,glory
slane,courb,floor
slane,courb,glyph
slane,courb,climb
slane,courb,blimp,blimp
slane,courb,blimp,blitz
slane,courb,bluff
slane,courb,flood,gloom
slane,courb,flood,flood
slane,courb,cloud,clout
slane,courb,cloud,cloud
slane,courb,fluff,fluid
slane,courb,fluff,plump
slane,courb,fluff,fluff
slane,courb,flirt
slane,courb,blurt
slane,courb,cluck,clump
slane,courb,cluck,cluck
slane,courb,plumb
slane,courb,flout
slane,courb,clock,cloth
slane,courb,clock,clock
slane,courb,flour
slane,courb,pluck
slane,courb,blurb
slane,panel,navel
slane,panel,angel
slane,panel,renal
slane,panel,panel
slane,panel,penal
slane,panel,laden
slane,toric,dampy,parka
slane,toric,dampy,harpy
slane,toric,dampy,array
slane,toric,dampy,marry
slane,toric,dampy,hardy
slane,toric,dampy,parry
slane,toric,dampy,karma
slane,toric,dampy,harry
slane,toric,cigar,cigar
slane,toric,cigar,vicar
slane,toric,arrow
slane,toric,aorta
slane,toric,abort
slane,toric,tibia
slane,toric,tapir
slane,toric,cacti
slane,toric,bayou,mambo
slane,toric,bayou,bayou
slane,toric,carry,carry
slane,toric,carry,march
slane,toric,augur,augur
slane,toric,augur,radar
slane,toric,augur,rumba
slane,toric,augur,umbra
slane,toric,augur,rajah
slane,toric,abbot,abbot
slane,toric,abbot,afoot
slane,toric,abbot,adopt
slane,toric,abbot,quota
slane,toric,abbot,about
slane,toric,abaft,taffy
slane,toric,abaft,tabby
slane,toric,abaft,tatty
slane,toric,carat
slane,toric,radio
slane,toric,batty,fatty,patty
slane,toric,batty,fatty,fatty
slane,toric,batty,datum
slane,toric,batty,gamut
slane,toric,batty,batty
slane,toric,acrid
slane,toric,dogma,vodka
slane,toric,dogma,dogma
slane,toric,cocoa,cocoa
slane,toric,cocoa,mocha
slane,toric,cocoa,comma
slane,toric,havoc
slane,toric,triad
slane,toric,ratty
slane,toric,party,warty
slane,toric,party,party
slane,toric,bumph,match
slane,toric,bumph,catty
slane,toric,bumph,yacht
slane,toric,bumph,patch
slane,toric,bumph,caput
slane,toric,bumph,batch
slane,toric,bumph,cahow,watch
slane,toric,bumph,cahow,hatch
slane,toric,bumph,cahow,catch
slane,toric,admit,admit
slane,toric,admit,audit
slane,toric,admit,habit
slane,toric,tarot
slane,toric,patio
slane,toric,tacky
slane,toric,rabid,radii
slane,toric,rabid,rapid
slane,toric,rabid,rabid
slane,toric,cargo
slane,toric,tacit
slane,toric,tardy
slane,toric,magic
slane,toric,audio,avoid
slane,toric,audio,audio
slane,toric,pizza
slane,toric,axiom
slane,toric,actor
slane,toric,borax,borax
slane,toric,borax,foray
slane,toric,taboo
slane,toric,cacao,cacao
slane,toric,cacao,macho
slane,toric,croak,croak
slane,toric,croak,macro
slane,toric,circa
slane,toric,affix,mafia
slane,toric,affix,aphid
slane,toric,affix,affix
slane,toric,affix,vapid
slane,toric,affix,maxim
slane,toric,bandh,dairy
slane,toric,bandh,briar
slane,toric,bandh,hairy
slane,toric,bandh,rabbi
slane,toric,bandh,friar
slane,toric,bandh,fairy
slane,toric,ratio
slane,toric,abamp,vapor
slane,toric,abamp,armor
slane,toric,abamp,aroma
slane,toric,abamp,major,major
slane,toric,abamp,major,mayor
slane,toric,abamp,arbor
slane,toric,abamp,broad
slane,toric,abamp,favor,razor
slane,toric,abamp,favor,favor
slane,toric,abamp,ardor
slane,toric,abamp,abhor
slane,toric,abamp,agora
slane,toric,today,topaz
slane,toric,today,today
slane,toric,attic
slane,toric,cobra
slane,toric,midgy,gamma
slane,toric,midgy,magma
slane,toric,midgy,mammy
slane,toric,midgy,madam
slane,toric,midgy,happy,jazzy
slane,toric,midgy,happy,happy
slane,toric,midgy,baggy
slane,toric,midgy,gaudy
slane,toric,midgy,kappa
slane,toric,midgy,gawky
slane,toric,midgy,daddy,daddy
slane,toric,midgy,daddy,paddy
slane,toric,midgy,kayak
slane,toric,midgy,bawdy
slane,toric,midgy,mamma
slane,toric,amity,faith
slane,toric,amity,amity
slane,toric,cabby,cabby
slane,toric,cabby,wacky
slane,toric,cabby,caddy
slane,toric,cabby,macaw
slane,ashen
slane,bucko,blunt
slane,bucko,clink
slane,bucko,blond
slane,bucko,blind
slane,bucko,clung
slane,bucko,flung
slane,bucko,cling
slane,bucko,blink
slane,bucko,fling,glint
slane,bucko,fling,fling
slane,bucko,fling,flint
slane,bucko,flunk,plunk
slane,bucko,flunk,flunk
slane,bortz,flare,flare
slane,bortz,flare,glare
slane,bortz,amped,flake
slane,bortz,amped,place
slane,bortz,amped,glade
slane,bortz,amped,flame
slane,bortz,blade,blade
slane,bortz,blade,blame
slane,bortz,blare
slane,bortz,elate,plate
slane,bortz,elate,elate
slane,bortz,glaze
slane,bortz,blaze
slane,clean,clean
slane,clean,glean
slane,clean,alien
slane,kempt,steam
slane,kempt,spear
slane,kempt,speak
slane,kempt,steak
slane,kempt,smear
slane,kempt,sweat
slane,kempt,shear,swear
slane,kempt,shear,safer
slane,kempt,shear,shear
slane,kempt,stead
slane,kempt,sepia
slane,bourg,carve,farce
slane,bourg,carve,carve
slane,bourg,bathe
slane,bourg,adore
slane,bourg,abide,abide
slane,bourg,abide,maybe
slane,bourg,abode,above
slane,bourg,abode,adobe
slane,bourg,abode,abode
slane,bourg,awoke
slane,bourg,badge
slane,bourg,afire
slane,bourg,barge
slane,bourg,azure
slane,bourg,gaffe
slane,bourg,argue
slane,bourg,agree
slane,bourg,vague
slane,bourg,gauge,gauge
slane,bourg,gauge,gauze
slane,bourg,acute,mauve
slane,bourg,acute,acute
slane,bourg,acute,haute
slane,bourg,acmes,waive
slane,bourg,acmes,cache
slane,bourg,acmes,maize
slane,bourg,acmes,payee
slane,bless,flesh
slane,bless,bless
slane,abaca,clown
slane,abaca,blown
slane,abaca,flown
slane,trick,grate
slane,trick,trade
slane,trick,trace
slane,trick,image
slane,trick,brace,grace
slane,trick,brace,brace
slane,trick,crave,craze
slane,trick,crave,crave
slane,trick,awake,awake
slane,trick,awake,quake
slane,trick,gived,grave
slane,trick,gived,grape,grape
slane,trick,gived,grape,graze
slane,trick,gived,brave
slane,trick,gived,grade
slane,trick,gived,frame
slane,trick,gived,drape
slane,trick,chafe
slane,trick,abate,agate
slane,trick,abate,ovate
slane,trick,abate,abate
slane,trick,adage,agape
slane,trick,adage,adage
slane,trick,adage,evade
slane,trick,adage,amaze
slane,trick,adage,heave,weave
slane,trick,adage,heave,heave
slane,trick,brake,drake
slane,trick,brake,brake
slane,trick,irate
slane,trick,crate
slane,trick,peace
slane,trick,aware
slane,bight,ledge,ledge
slane,bight,ledge,lodge
slane,bight,bilge
slane,bight,liege
slane,bight,belie
slane,bight,while
slane,bight,lithe
slane,bight,belle,boule
slane,bight,belle,belle
slane,bight,guile
slane,bight,utile
slane,bight,exile
slane,bight,bulge
slane,bight,rifle
slane,bight,tilde,title
slane,bight,tilde,tilde
slane,bight,tulle
slane,bight,bugle
slane,bight,delve,delve
slane,bight,delve,cycle
slane,bight,delve,melee
slane,bight,whole
slane,bight,bible
slane,angle,ankle
slane,angle,angle
slane,angle,lance
slane,chirt,shock,shuck
slane,chirt,shock,shock
slane,chirt,smirk
slane,chirt,sissy,squib
slane,chirt,sissy,sissy
slane,chirt,spoof,smoky
slane,chirt,spoof,spoof
slane,chirt,spoof,swoop
slane,chirt,spoof,soggy
slane,chirt,spoof,spook
slane,chirt,abysm,story
slane,chirt,abysm,stork
slane,chirt,abysm,storm
slane,chirt,skirt
slane,chirt,sight
slane,chirt,strip
slane,chirt,stoic
slane,chirt,strut
slane,chirt,shift
slane,chirt,sixty
slane,chirt,bipod,study
slane,chirt,bipod,sooty
slane,chirt,bipod,stuff
slane,chirt,bipod,stump
slane,chirt,bipod,stoop
slane,chirt,bipod,stood
slane,chirt,bipod,stomp
slane,chirt,sorry,sword
slane,chirt,sorry,sorry
slane,chirt,swift
slane,chirt,scoff,scoop
slane,chirt,scoff,scoff
slane,chirt,scoff,smock
slane,chirt,shoot,shout
slane,chirt,shoot,shoot
slane,chirt,sprig
slane,chirt,spout,spout
slane,chirt,spout,stout
slane,chirt,sixth
slane,chirt,shirt
slane,chirt,shirk
slane,chirt,spicy
slane,chirt,shook,shook
slane,chirt,shook,showy
slane,chirt,shook,shush
slane,chirt,skiff,skiff
slane,chirt,skiff,skimp
slane,chirt,skiff,spiky
slane,chirt,short
slane,chirt,sooth,south
slane,chirt,sooth,sooth
slane,chirt,swish
slane,chirt,shrub,shrub
slane,chirt,shrub,shrug
slane,chirt,sushi
slane,chirt,smith
slane,chirt,scout
slane,chirt,sport,spurt
slane,chirt,sport,sport
slane,chirt,scrub,scrub
slane,chirt,scrub,scrum
slane,chirt,scrub,scour
slane,chirt,stiff
slane,chirt,stock,stock
slane,chirt,stock,stuck
slane,chirt,stick
slane,chirt,syrup
slane,sandy,sonar
slane,sandy,satin
slane,sandy,sandy
slane,learn
slane,sling,slunk
slane,sling,slink
slane,sling,sling
slane,sling,slung
slane,sauce,saute
slane,sauce,sauce
slane,knave
slane,alike,alike
slane,alike,algae
slane,alike,alive
slane,crimp,flail
slane,crimp,clamp
slane,crimp,flair
slane,crimp,llama
slane,crimp,claim
slane,crimp,alarm
slane,crimp,black,flack
slane,crimp,black,black
slane,crimp,flaky
slane,crimp,plaid,plait
slane,crimp,plaid,plaid
slane,crimp,clack
slane,crimp,plaza
slane,impel,smell
slane,impel,spelt
slane,impel,spell
slane,impel,shelf
slane,impel,spiel
slane,impel,smelt
slane,impel,steel
slane,impel,shell,swell
slane,impel,shell,shell
slane,hurst,pesky
slane,hurst,crest,crest
slane,hurst,crest,wrest
slane,hurst,bused
slane,hurst,chess
slane,hurst,upset
slane,hurst,fresh
slane,hurst,ester
slane,hurst,rebus
slane,hurst,amowt,riser
slane,hurst,amowt,poser
slane,hurst,amowt,miser
slane,hurst,amowt,wiser
slane,hurst,fetus
slane,hurst,guest,quest
slane,hurst,guest,guest
slane,hurst,ached,press
slane,hurst,ached,cress
slane,hurst,ached,dress
slane,hurst,exist
slane,hurst,chest
slane,hurst,testy,testy
slane,hurst,testy,zesty
slane,hurst,testy,pesto
slane,hurst,poesy
slane,hurst,usher
slane,hurst,verso
slane,hurst,beset
slane,hurst,guess
slane,hurst,reset
slane,hurst,ethos
slane,hurst,heist
slane,chirt,trait
slane,chirt,khaki
slane,chirt,abord,quark
slane,chirt,abord,board
slane,chirt,abord,ovary
slane,chirt,abord,dwarf
slane,chirt,abord,award
slane,chirt,abord,guard
slane,chirt,apart,quart
slane,chirt,apart,apart
slane,chirt,hoard
slane,chirt,wrath
slane,chirt,braid
slane,chirt,whack
slane,chirt,chair
slane,chirt,adapt
slane,chirt,track
slane,chirt,aback,aback
slane,chirt,aback,quack
slane,chirt,abysm,cramp
slane,chirt,abysm,crazy
slane,chirt,abysm,crack
slane,chirt,tract
slane,chirt,roach
slane,chirt,foamy,foamy
slane,chirt,foamy,guava
slane,chirt,graph
slane,chirt,wrack
slane,chirt,tramp
slane,chirt,tiara
slane,chirt,await
slane,chirt,diary
slane,chirt,chaff,champ
slane,chirt,chaff,chaff
slane,chirt,coach
slane,chirt,wharf
slane,chirt,draft,graft
slane,chirt,draft,draft
slane,chirt,chard,chard
slane,chirt,chard,charm
slane,chirt,craft
slane,chirt,chart
slane,chirt,abaft,bravo
slane,chirt,abaft,fraud
slane,chirt,abaft,gravy
slane,chirt,abaft,drama
slane,close
slane,beech,cease
slane,beech,erase
slane,beech,chase
slane,beech,phase
slane,beech,usage
slane,beech,abase
slane,beech,tease
slane,aceta,shale
slane,aceta,stale
slane,aceta,scale
slane,droit,river,fiery
slane,droit,river,fiber,piper
slane,droit,river,fiber,fiber
slane,droit,river,fiber,fixer
slane,droit,river,viper
slane,droit,river,river
slane,droit,river,riper
slane,droit,river,giver
slane,droit,wimpy,foyer
slane,droit,wimpy,poker
slane,droit,wimpy,cower,rower
slane,droit,wimpy,cower,cower
slane,droit,wimpy,rover,offer
slane,droit,wimpy,rover,boxer,boxer
slane,droit,wimpy,rover,boxer,joker
slane,droit,wimpy,rover,roger
slane,droit,wimpy,rover,corer
slane,droit,wimpy,rover,cover,hover
slane,droit,wimpy,rover,cover,cover
slane,droit,wimpy,rover,rover
slane,droit,wimpy,mower
slane,droit,wimpy,homer
slane,droit,wimpy,power
slane,droit,wimpy,mover
slane,droit,video
slane,droit,dicey
slane,droit,motet,voter
slane,droit,motet,otter
slane,droit,motet,outer
slane,droit,motet,other
slane,droit,motet,metro
slane,droit,motet,retro
slane,droit,motet,tower
slane,droit,deity
slane,droit,covey,covey
slane,droit,covey,gecko
slane,droit,crept,erect
slane,droit,crept,erupt
slane,droit,crept,crept
slane,droit,crept,greet
slane,droit,befit
slane,droit,decoy,decoy
slane,droit,decoy,dopey
slane,droit,equip
slane,droit,merit,refit
slane,droit,merit,merit
slane,droit,merit,remit
slane,droit,odder,odder
slane,droit,odder,rodeo
slane,droit,medic
slane,droit,decor
slane,droit,depot
slane,droit,overt
slane,droit,error
slane,droit,brief,brief
slane,droit,brief,grief
slane,droit,brief,crier
slane,droit,piety,piety
slane,droit,piety,thief
slane,droit,reedy,udder
slane,droit,reedy,ruder
slane,droit,reedy,reedy
slane,droit,fetid,tepid
slane,droit,fetid,fetid
slane,droit,jetty,fetch
slane,droit,jetty,empty
slane,droit,jetty,jetty
slane,droit,jetty,petty
slane,droit,jetty,hefty
slane,droit,jetty,teeth
slane,droit,eight,eight
slane,droit,eight,quiet
slane,droit,eight,evict
slane,droit,rivet
slane,droit,truer
slane,droit,embed,weedy
slane,droit,embed,embed
slane,droit,beget,eject
slane,droit,beget,tweet
slane,droit,beget,theft
slane,droit,beget,beget
slane,droit,teddy,tweed
slane,droit,teddy,teddy
slane,droit,befog,freed
slane,droit,befog,breed
slane,droit,befog,creed
slane,droit,befog,greed
slane,droit,their
slane,droit,dryer
slane,droit,creek,wreck
slane,droit,creek,freer
slane,droit,creek,creek
slane,droit,creek,creep
slane,droit,ethic
slane,droit,edict
slane,droit,detox
slane,droit,beret,exert
slane,droit,beret,rebut
slane,droit,beret,recut
slane,droit,beret,egret
slane,droit,beret,beret
slane,droit,epoch,epoxy
slane,droit,epoch,epoch
slane,droit,epoch,gooey
slane,droit,tempo,tempo
slane,droit,tempo,totem
slane,droit,debut,debut
slane,droit,debut,duvet
slane,droit,tried
slane,droit,edify
slane,droit,carer,rider
slane,droit,carer,weird
slane,droit,carer,cider
slane,droit,carer,wider
slane,droit,beech,check
slane,droit,beech,cheek
slane,droit,beech,beefy
slane,droit,beech,geeky
slane,droit,beech,beech
slane,droit,murry,upper
slane,droit,murry,queer
slane,droit,murry,every
slane,droit,murry,cyber,hyper
slane,droit,murry,cyber,cyber
slane,droit,murry,recur
slane,droit,murry,ember
slane,droit,murry,mercy
slane,droit,murry,berry,ferry
slane,droit,murry,berry,berry
slane,droit,murry,query
slane,droit,murry,purer
slane,droit,murry,buyer
slane,droit,murry,femur
slane,droit,murry,perch
slane,droit,murry,merry
slane,droit,murry,refer
slane,droit,murry,jerky,jerky
slane,droit,murry,jerky,perky
slane,droit,murry,fever,fever
slane,droit,murry,fever,fewer
slane,droit,murry,fever,cheer
slane,droit,bicep,chief
slane,droit,bicep,bicep
slane,droit,bicep,weigh
slane,droit,apace,fried
slane,droit,apace,cried
slane,droit,apace,pried
slane,droit,depth
slane,droit,dried,drier
slane,droit,dried,dried
slane,droit,deter
slane,droit,beech,threw
slane,droit,beech,berth
slane,droit,beech,meter
slane,droit,beech,utter
slane,droit,beech,retry
slane,droit,beech,ether
slane,droit,beech,retch
slane,droit,beech,tuber
slane,droit,debit
slane,droit,diver
slane,droit,wooer
slane,droit,tiger,tiger
slane,droit,tiger,timer
slane,droit,credo,order
slane,droit,credo,credo
slane,droit,debug
slane,droit,abbey,demur
slane,droit,abbey,defer
slane,droit,abbey,decry
slane,droit,abbey,derby
slane,droit,modem
slane,droit,comet,octet
slane,droit,comet,covet
slane,droit,comet,comet
slane,toric,movie
slane,toric,merge,purge
slane,toric,merge,verge
slane,toric,merge,puree
slane,toric,merge,merge
slane,toric,merge,verve
slane,toric,eerie
slane,toric,write
slane,toric,trice
slane,toric,choke
slane,toric,there
slane,toric,twice
slane,toric,revue,where
slane,toric,revue,prude
slane,toric,revue,revue
slane,toric,revue,rupee
slane,toric,revue,rhyme
slane,toric,chide,juice
slane,toric,chide,chide
slane,toric,chide,piece
slane,toric,chide,chime
slane,toric,coupe
slane,toric,pixie
slane,toric,dirge
slane,toric,biome,oxide
slane,toric,biome,diode
slane,toric,biome,biome
slane,toric,forge,horde
slane,toric,forge,gorge
slane,toric,forge,forge
slane,toric,deuce,emcee
slane,toric,deuce,deuce
slane,toric,route
slane,toric,imbue,midge
slane,toric,imbue,imbue
slane,toric,imbue,guide
slane,toric,imbue,pique
slane,toric,chute
slane,toric,beeps,broke
slane,toric,beeps,prove
slane,toric,beeps,ombre
slane,toric,beeps,grope
slane,toric,beeps,drove,grove
slane,toric,beeps,drove,drove
slane,toric,beeps,drove,froze
slane,toric,beeps,probe
slane,toric,beeps,erode
slane,toric,creme,creme
slane,toric,creme,crepe
slane,toric,creme,crude
slane,toric,dimps,drive
slane,toric,dimps,prize
slane,toric,dimps,bribe
slane,toric,dimps,pride
slane,toric,dimps,bride
slane,toric,dimps,grime
slane,toric,dimps,prime
slane,toric,dimps,fibre
slane,toric,dimps,ridge
slane,toric,dimps,gripe
slane,toric,chore
slane,toric,force
slane,toric,butte,butte
slane,toric,butte,etude
slane,toric,curve
slane,toric,cutie
slane,toric,quote
slane,toric,tithe
slane,toric,awful,wedge
slane,toric,awful,budge,budge
slane,toric,awful,budge,judge
slane,toric,awful,hedge
slane,toric,awful,femme
slane,toric,awful,fudge
slane,toric,awful,fugue
slane,toric,awful,queue
slane,toric,crime,crime
slane,toric,crime,price
slane,toric,abamp,tribe
slane,toric,abamp,tripe
slane,toric,abamp,trite
slane,toric,dodge,gouge
slane,toric,dodge,booze
slane,toric,dodge,vogue
slane,toric,dodge,dodge
slane,toric,voice
slane,toric,quite,white
slane,toric,quite,quite
slane,toric,tepee,tepee
slane,toric,tepee,theme
slane,toric,tepee,thyme
slane,toric,three
slane,toric,evoke
slane,toric,brute
slane,toric,forte
slane,toric,truce
slane,toric,trope,trope
slane,toric,trope,trove
slane,toric,rogue,rouge
slane,toric,rogue,rogue
slane,toric,wrote
slane,askew,essay
slane,askew,askew
slane,askew,asset
slane,mirth,shaft
slane,mirth,stark,stark
slane,mirth,stark,start
slane,mirth,swath
slane,mirth,staid
slane,mirth,soapy
slane,mirth,adapt,shark
slane,mirth,adapt,sharp
slane,mirth,adapt,shard
slane,mirth,swarm
slane,mirth,stack,staff
slane,mirth,stack,stack
slane,mirth,shack,shaky
slane,mirth,shack,shack
slane,mirth,shack,shady
slane,mirth,stamp
slane,mirth,stair
slane,mirth,smash
slane,mirth,scarf,scary
slane,mirth,scarf,scarf
slane,mirth,scarf,spark
slane,mirth,swash
slane,mirth,stash
slane,mirth,swami
slane,mirth,smart
slane,mirth,scamp,swamp
slane,mirth,scamp,spasm
slane,mirth,scamp,smack
slane,mirth,scamp,scamp
slane,false,lapse
slane,false,false
slane,false,aisle
slane,audio,tense
slane,audio,nurse
slane,audio,noose
slane,audio,ensue
slane,audio,noise
slane,audio,dense
slane,audio,rinse
slane,vexer,vegan
slane,vexer,anger
slane,vexer,eaten
slane,vexer,annex
slane,vexer,knead,knead
slane,vexer,knead,ocean
slane,vexer,raven
slane,vexer,enema
slane,vexer,waxen
slane,vexer,oaken,apnea
slane,vexer,oaken,oaken
slane,vexer,oaken,taken
slane,vexer,ramen
slane,vexer,began,began
slane,vexer,began,pecan
slane,vexer,haven
slane,stole,stole
slane,stole,style
slane,stole,solve
slane,stole,smile
slane,islet,loser
slane,islet,welsh
slane,islet,islet
slane,artic,quail
slane,artic,brawl,drawl
slane,artic,brawl,brawl
slane,artic,trail
slane,artic,chalk
slane,artic,frail,grail
slane,artic,frail,frail
slane,artic,koala,qualm
slane,artic,koala,koala
slane,artic,koala,loamy
slane,artic,crawl
slane,artic,trawl
slane,artic,loath
slane,artic,avail
slane,leash,least
slane,leash,leash
slane,slain
slane,acrid,canoe
slane,acrid,anode
slane,acrid,mange
slane,acrid,dance
slane,acrid,range
slane,acrid,anime
slane,acrid,naive
slane,colly,nylon
slane,colly,lunch
slane,colly,login
slane,colly,knoll
slane,colly,nobly
slane,colly,unlit
slane,colly,until
slane,colly,lingo
slane,colly,lynch
slane,colly,colon
slane,colly,vinyl
slane,rhyta,exact
slane,rhyta,beard
slane,rhyta,rearm
slane,rhyta,heart
slane,rhyta,reach
slane,rhyta,ready
slane,rhyta,teach
slane,rhyta,death,heath
slane,rhyta,death,death
slane,rhyta,heard
slane,rhyta,heady,heavy
slane,rhyta,heady,heady
slane,rhyta,weary
slane,rhyta,beach,beach
slane,rhyta,beach,peach
slane,rhyta,react
slane,rhyta,teary
slane,rhyta,beady
slane,rhyta,meaty
slane,basal,basal
slane,basal,usual
slane,basal,basil
slane,basal,palsy
slane,basal,lasso
slane,peter,bevel,level
slane,peter,bevel,bevel
slane,peter,bevel,jewel
slane,peter,bevel,bezel
slane,peter,lemur
slane,peter,dwelt,exult
slane,peter,dwelt,dwelt
slane,peter,peril
slane,peter,leech
slane,peter,liver,lover
slane,peter,liver,liver
slane,peter,liver,idler
slane,peter,liver,ruler
slane,peter,liver,filer
slane,peter,liver,lower
slane,peter,rebel,revel
slane,peter,rebel,rebel
slane,peter,devil,libel
slane,peter,devil,hovel
slane,peter,devil,bowel
slane,peter,devil,golem
slane,peter,devil,vowel
slane,peter,devil,dowel
slane,peter,devil,model
slane,peter,expel
slane,peter,pixel
slane,peter,whelp
slane,peter,leper
slane,peter,filet,filet
slane,peter,filet,towel
slane,peter,repel
slane,peter,excel,excel
slane,peter,excel,wheel
slane,peter,leery
slane,peter,hotel,hotel
slane,peter,hotel,motel
slane,peter,lever
slane,peter,reply
slane,peter,betel
slane,peter,colby,leggy
slane,peter,colby,hello
slane,peter,colby,below
slane,peter,colby,cello
slane,peter,colby,belch
slane,peter,colby,belly
slane,peter,colby,welch
slane,peter,colby,devil
slane,peter,colby,jelly
slane,peter,colby,helix
slane,peter,awful,field
slane,peter,awful,dwell
slane,peter,awful,yield
slane,peter,awful,quell
slane,peter,awful,wield
slane,peter,impel
slane,peter,extol
slane,peter,lefty
slane,peter,cruel,cruel
slane,peter,cruel,gruel
slane,peter,relic
slane,torch,abamp,mirth
slane,torch,abamp,birth
slane,torch,abamp,girth
slane,torch,right
slane,torch,myrrh
slane,torch,timid,twixt
slane,torch,timid,timid
slane,torch,thick
slane,torch,bough,dough
slane,torch,bough,bough
slane,torch,adobo,crowd
slane,torch,adobo,micro
slane,torch,adobo,croup
slane,torch,adobo,crook
slane,torch,adobo,occur
slane,torch,trump
slane,torch,tooth,tooth
slane,torch,tooth,tough
slane,torch,droog,group
slane,torch,droog,primo
slane,torch,droog,brook,brook
slane,torch,droog,brook,broom
slane,torch,droog,brook,proof
slane,torch,droog,proud
slane,torch,droog,brood
slane,torch,droog,ivory
slane,torch,droog,proxy
slane,torch,droog,droop
slane,torch,droog,prior
slane,torch,droog,rigor,rigor
slane,torch,droog,rigor,vigor
slane,torch,droog,fjord
slane,torch,droog,groom
slane,torch,droog,rumor
slane,torch,humph
slane,torch,ought,ought
slane,torch,ought,photo
slane,torch,broth,froth
slane,torch,broth,broth
slane,torch,furry,furry
slane,torch,furry,murky
slane,torch,furor,furor
slane,torch,furor,juror
slane,torch,chock
slane,torch,hippy,hippy
slane,torch,hippy,humid
slane,torch,hippy,whiff
slane,torch,biped,hutch
slane,torch,biped,hitch,witch
slane,torch,biped,hitch,hitch
slane,torch,biped,ditch
slane,torch,biped,dutch
slane,torch,biped,butch
slane,torch,biped,pitch
slane,torch,thigh
slane,torch,pudgy,biddy
slane,torch,pudgy,buggy
slane,torch,pudgy,guppy
slane,torch,pudgy,jumpy
slane,torch,pudgy,wimpy
slane,torch,pudgy,fuzzy,fuzzy
slane,torch,pudgy,fuzzy,mummy
slane,torch,pudgy,dumpy
slane,torch,pudgy,gummy
slane,torch,pudgy,buddy,muddy
slane,torch,pudgy,buddy,buddy
slane,torch,pudgy,giddy
slane,torch,pudgy,dizzy
slane,torch,pudgy,fizzy,jiffy
slane,torch,pudgy,fizzy,fizzy
slane,torch,pudgy,pygmy
slane,torch,pudgy,pudgy
slane,torch,pudgy,piggy
slane,torch,pudgy,vivid
slane,torch,pudgy,dummy
slane,torch,pudgy,puffy,puppy
slane,torch,pudgy,puffy,puffy
slane,torch,forty
slane,torch,throb,throw
slane,torch,throb,throb
slane,torch,chirp
slane,torch,droit,grout
slane,torch,droit,orbit
slane,torch,droit,droit
slane,torch,touch
slane,torch,optic
slane,torch,civic,picky
slane,torch,civic,civic
slane,torch,civic,cubic
slane,torch,civic,mucky
slane,torch,civic,pubic
slane,torch,civic,mimic
slane,torch,hurry
slane,torch,toddy
slane,torch,curry,curry
slane,torch,curry,curvy
slane,torch,morph
slane,torch,batik,putty
slane,torch,batik,digit
slane,torch,batik,bitty
slane,torch,batik,kitty
slane,torch,batik,ditty,ditty
slane,torch,batik,ditty,witty
slane,torch,batik,fifty
slane,torch,amowt,wight
slane,torch,amowt,might
slane,torch,amowt,pithy
slane,torch,amowt,fight
slane,torch,third
slane,torch,hippo,hippo
slane,torch,hippo,whoop
slane,torch,capul,pouch
slane,torch,capul,couch
slane,torch,capul,vouch
slane,torch,capul,pooch
slane,torch,fifth,fifth
slane,torch,fifth,width
slane,torch,topic,topic
slane,torch,topic,toxic
slane,torch,rocky
slane,torch,torch
slane,torch,thumb,tight
slane,torch,thumb,thump
slane,torch,thumb,thumb
slane,torch,porch
slane,torch,cough
slane,torch,dowry,roomy
slane,torch,dowry,dowry
slane,torch,dowry,rowdy
slane,torch,dowry,gourd
slane,torch,juicy,juicy
slane,torch,juicy,quick
slane,torch,hobby,hobby
slane,torch,hobby,howdy
slane,torch,abamp,brick
slane,torch,abamp,crick
slane,torch,abamp,prick
slane,torch,humor,hydro
slane,torch,humor,humor
slane,torch,trout,tumor
slane,torch,trout,trout
slane,torch,trout,tutor
slane,torch,trout,troop
slane,torch,trick,trick
slane,torch,trick,truck
slane,torch,truth
slane,torch,forth,forth
slane,torch,forth,worth
slane,torch,aggry,forgo
slane,torch,aggry,wordy
slane,torch,aggry,forum
slane,torch,aggry,worry
slane,torch,grimy,privy
slane,torch,grimy,druid
slane,torch,grimy,grimy
slane,torch,grimy,rugby
slane,torch,grimy,gruff
slane,torch,grimy,ruddy
slane,torch,grimy,quirk
slane,torch,grimy,rigid
slane,torch,thrum
slane,torch,motto,booty
slane,torch,motto,doubt
slane,torch,motto,motif
slane,torch,motto,pouty
slane,torch,motto,motto
slane,torch,motto,vomit
slane,torch,mouth,booth
slane,torch,mouth,youth
slane,torch,mouth,mouth
slane,torch,dirty
slane,torch,bigot,outgo
slane,torch,bigot,bigot
slane,torch,bigot,pivot
slane,torch,bigot,idiot
slane,torch,bigot,ditto
slane,torch,bigot,outdo
slane,torch,choir,choir
slane,torch,choir,chord
slane,torch,chump,chump
slane,torch,chump,duchy
slane,torch,rough
slane,torch,comfy,comic
slane,torch,comfy,comfy
slane,torch,chick,chick
slane,torch,chick,chuck
slane,torch,botch
slane,torch,which
slane,torch,court
slane,torch,crimp,crumb
slane,torch,crimp,crump
slane,torch,crimp,crimp
slane,torch,motor,rotor
slane,torch,motor,motor
slane,torch,motor,robot
slane,torch,birch
slane,torch,crypt
slane,torch,curio
slane,torch,crock,crock
slane,torch,crock,frock
slane,torch,gawds,woozy
slane,torch,gawds,foggy
slane,torch,gawds,woody
slane,torch,gawds,goody
slane,torch,gawds,bobby,booby
slane,torch,gawds,bobby,bobby
slane,torch,gawds,bobby,poppy
slane,torch,gawds,bobby,boozy
slane,torch,gawds,dowdy
slane,torch,gawds,dodgy
slane,torch,gawds,moody
slane,torch,gawds,goofy
slane,torch,itchy
slane,torch,quoth
slane,torch,turbo
slane,torch,drift,fritz
slane,torch,drift,drift
slane,torch,drift,fruit
slane,torch,agios,gumbo
slane,torch,agios,jumbo
slane,torch,agios,ovoid
slane,torch,agios,widow
slane,torch,agios,opium
slane,torch,agios,idiom
slane,torch,agios,buxom
slane,bider,drawn
slane,bider,brain
slane,bider,again,chain
slane,bider,again,again
slane,bider,brawn
slane,bider,prawn
slane,bider,drain
slane,bider,grain,train
slane,bider,grain,grain
slane,bider,knack
slane,lunge,noble
slane,lunge,lunge
slane,lunge,uncle
slane,snail,snail
slane,snail,snarl
slane,slate,slave
slane,slate,slate
slane,aahed,hyena
slane,aahed,amend
slane,aahed,agent
slane,aahed,arena
slane,liken,lumen
slane,liken,inlet
slane,liken,linen
slane,liken,novel
slane,liken,kneel
slane,liken,lemon
slane,liken,newly
slane,liken,felon,melon
slane,liken,felon,felon
slane,liken,liken
slane,liken,liner
slane,liken,knelt
slane,lying
slane,hewer,sperm
slane,hewer,screw
slane,hewer,speed,steep
slane,hewer,speed,steed
slane,hewer,speed,speed
slane,hewer,speck
slane,hewer,swept
slane,hewer,spied
slane,hewer,sheep,sheep
slane,hewer,sheep,sheet
slane,hewer,sewer
slane,hewer,sheer
slane,hewer,steer
slane,hewer,seedy
slane,hewer,sheik
slane,hewer,serif,serif
slane,hewer,serif,serum
slane,hewer,sever
slane,hewer,setup
slane,hewer,sweep,sweep
slane,hewer,sweep,sweet
slane,hewer,shrew
slane,hewer,abrim,skier
slane,hewer,abrim,super
slane,hewer,abrim,surer
slane,hewer,abrim,sober
slane,hewer,sower
slane,hewer,shied
slane,salon
slane,caird,snipe
slane,caird,since
slane,caird,singe
slane,caird,sense
slane,caird,snore
slane,caird,snide
slane,crane,crane
slane,crane,inane
slane,bison,minus
slane,bison,bison
slane,bison,noisy
slane,bison,bonus
slane,psalm
slane,loose,pulse
slane,loose,loose
slane,loose,louse
slane,today,shoal
slane,today,sally
slane,today,salty
slane,today,salsa
slane,today,salad
slane,today,splat
slane,today,salvo
slane,today,solar
slane,today,sadly
slane,party,delta
slane,party,valet
slane,party,early
slane,party,delay
slane,party,fetal,fetal
slane,party,fetal,metal
slane,party,fetal,eclat
slane,party,lapel
slane,party,relay
slane,party,regal,relax
slane,party,regal,regal
slane,party,paler
slane,party,bacha,gavel
slane,party,bacha,label
slane,party,bacha,hazel
slane,party,bacha,bagel
slane,party,bacha,camel
slane,party,later
slane,party,baler,lager
slane,party,baler,baler
slane,party,feral
slane,party,layer
slane,party,decal,fecal
slane,party,decal,abled
slane,party,decal,ideal
slane,party,decal,fella
slane,party,decal,medal
slane,party,decal,decal
slane,party,decal,legal
slane,party,decal,equal
slane,party,petal
slane,party,pedal
slane,bigot,bloke
slane,bigot,globe
slane,bigot,glide
slane,bigot,elide
slane,bigot,glove
slane,bigot,elite
slane,bigot,clove,clove
slane,bigot,clove,elope
slane,bigot,olive
slane,bigot,flute
slane,bigot,flume,fluke
slane,bigot,flume,flume
slane,bigot,flume,plume
slane,bigot,flume,elude
slane,leave,leave
slane,leave,whale
slane,blend
slane,crown,spoon
slane,crown,snort
slane,crown,shown
slane,crown,sonic
slane,crown,snoop,snout
slane,crown,snoop,snoop
slane,crown,shorn
slane,crown,snuck
slane,crown,sniff,snuff
slane,crown,sniff,sniff
slane,crown,scorn
slane,crown,scion
slane,crown,snowy
slane,crown,synod
slane,crown,sworn
slane,crown,spurn
slane,crown,swoon
slane,about,bloat
slane,about,aloof
slane,about,aloft
slane,about,altar
slane,about,allay,alpha
slane,about,allay,allay
slane,about,ultra
slane,about,alibi
slane,about,cloak,flora
slane,about,cloak,cloak
slane,about,allow,allow
slane,about,allow,alloy
slane,about,float,float
slane,about,float,gloat
slane,about,allot
slane,about,iliac
slane,about,album
slane,about,aloud
slane,onset,unset
slane,onset,nosey
slane,onset,onset
slane,onset,resin
slane,onset,risen
slane,slept,sleep
slane,slept,sleek
slane,slept,slept
slane,slept,sleet
slane,purty,scram
slane,purty,savoy,savoy
slane,purty,savoy,savvy
slane,purty,savoy,sassy
slane,purty,spray
slane,purty,stray
slane,purty,sumac
slane,purty,strap
slane,purty,scuba,squad
slane,purty,scuba,scuba
slane,purty,squat
slane,purty,sigma
slane,purty,scrap
slane,purty,saucy
slane,purty,sugar
slane,purty,sappy
slane,purty,savor
slane,purty,satyr
slane,purty,straw
slane,adapt,shank
slane,adapt,stank
slane,adapt,scant
slane,adapt,spank
slane,adapt,stand
slane,cahow,shone
slane,cahow,swine
slane,cahow,shine
slane,cahow,stone
slane,cahow,scone
slane,cahow,scene
slane,cahow,spine
slane,leant
slane,along
slane,meant
slane,chirp,shore
slane,chirp,scope
slane,chirp,siege,sieve
slane,chirp,siege,siege
slane,chirp,shire
slane,chirp,shove
slane,chirp,spice
slane,chirp,spore
slane,chirp,spike,spite
slane,chirp,spike,spike
slane,chirp,scree
slane,chirp,store,swore
slane,chirp,store,store
slane,chirp,smite,suite
slane,chirp,smite,seize
slane,chirp,smite,smite
slane,chirp,spoke
slane,chirp,serve,serve
slane,chirp,serve,surge
slane,chirp,spree
slane,chirp,spire
slane,chirp,smoke,smote
slane,chirp,smoke,segue
slane,chirp,smoke,stove
slane,chirp,smoke,stoke
slane,chirp,smoke,smoke
slane,chirp,score
slane,nasal
slane,fungi,mince,mince
slane,fungi,mince,wince
slane,fungi,genre
slane,fungi,nerve
slane,fungi,gnome
slane,fungi,hence,hence
slane,fungi,hence,pence
slane,fungi,niche,niche
slane,fungi,niche,niece
slane,fungi,nudge
slane,fungi,unite,unite
slane,fungi,unite,untie
slane,fungi,genie
slane,fungi,fence
slane,fungi,venue
slane,fungi,dunce,ounce
slane,fungi,dunce,dunce
slane,fungi,undue
slane,fungi,knife
slane,fungi,binge,hinge
slane,fungi,binge,binge
slane,baffs,flush
slane,baffs,bliss
slane,baffs,blush
slane,baffs,floss
slane,baffs,plush
slane,baffs,gloss
slane,ameer,sneer
slane,ameer,stern
slane,ameer,sheen
slane,ameer,stein
slane,ameer,seven
slane,ameer,sinew
slane,ameer,semen
slane,ameer,siren
slane,salve
slane,griot,doing,doing
slane,griot,doing,owing
slane,griot,count,count
slane,griot,count,mount
slane,griot,going
slane,griot,wrung
slane,griot,thing,thing
slane,griot,thing,tying
slane,griot,drunk
slane,griot,rhino
slane,griot,trunk
slane,griot,irony
slane,griot,thong
slane,griot,think
slane,griot,brunt
slane,griot,grunt
slane,griot,ninny
slane,griot,dying,vying
slane,griot,dying,icing
slane,griot,dying,dying
slane,griot,corny,round
slane,griot,corny,corny
slane,griot,corny,horny
slane,griot,brink,brink
slane,griot,brink,briny
slane,griot,brink,drink
slane,griot,burnt
slane,griot,bunny,chunk
slane,griot,bunny,bunny
slane,griot,bunny,funny
slane,griot,young
slane,griot,whiny
slane,griot,print
slane,griot,prong,prong
slane,griot,prong,wrong
slane,griot,bumph,bound
slane,griot,bumph,downy
slane,griot,bumph,hound
slane,griot,bumph,pound
slane,griot,bumph,phony
slane,griot,bumph,mound
slane,griot,bumph,found,wound
slane,griot,bumph,found,found
slane,griot,front
slane,griot,grind
slane,griot,crony,frond
slane,griot,crony,crony
slane,griot,joint,point
slane,griot,joint,joint
slane,griot,bring,wring
slane,griot,bring,bring
slane,lease
slane,alone
slane,empty,leafy,leaky
slane,empty,leafy,leafy
slane,empty,realm
slane,empty,dealt
slane,empty,mealy
slane,empty,leapt
slane,empty,pearl
slane,empty,leach
slane,empty,exalt
slane,empty,email
slane,pissy,pasty
slane,pissy,waist
slane,pissy,vista
slane,pissy,amiss
slane,pissy,gassy
slane,pissy,raspy
slane,pissy,ascot
slane,pissy,artsy
slane,pissy,patsy
slane,pissy,hasty,tasty
slane,pissy,hasty,hasty
slane,pissy,assay
slane,pissy,harsh,harsh
slane,pissy,harsh,marsh
slane,pissy,basis
slane,pissy,abyss
slane,pissy,basic
slane,pissy,pasta
slane,pissy,daisy
slane,crout,those
slane,crout,copse
slane,crout,prose
slane,crout,verse
slane,crout,terse
slane,crout,poise,poise
slane,crout,poise,obese
slane,crout,poise,posse
slane,crout,rouse
slane,crout,guise
slane,crout,these
slane,crout,chose
slane,crout,issue
slane,crout,curse
slane,crout,horse,worse
slane,crout,horse,horse
slane,crout,geese
slane,crout,house,mouse
slane,crout,house,house
slane,crout,purse,purse
slane,crout,purse,reuse
slane,crout,goose,goose
slane,crout,goose,whose
slane,crout,goose,moose
slane,arson,angst
slane,arson,mason
slane,arson,pansy
slane,arson,basin
slane,arson,arson
slane,arson,nasty
slane,atone
slane,crisp,cause
slane,crisp,arose
slane,crisp,parse
slane,crisp,pause
slane,crisp,caste
slane,crisp,aside
slane,crisp,howbe,taste
slane,crisp,howbe,waste
slane,crisp,howbe,baste
slane,crisp,howbe,haste
slane,crisp,paste
slane,crisp,raise
slane,crisp,arise
slane,crisp,abuse,masse
slane,crisp,abuse,abuse
slane,crisp,abuse,amuse
slane,sedan,sneak
slane,sedan,sedan
slane,sedan,saner
slane,feued,plier
slane,feued,fleet
slane,feued,elder
slane,feued,flier,flier
slane,feued,flier,flyer
slane,feued,bleep
slane,feued,clued
slane,feued,fleck
slane,feued,plied
slane,feued,bluer
slane,feued,cleft
slane,feued,bleed
slane,feued,clerk,clerk
slane,feued,clerk,elbow
slane,feued,elect,elegy
slane,feued,elect,elect
slane,feued,older
slane,feued,ulcer
slane,snake,snare
slane,snake,snake
slane,elfin,elfin
slane,elfin,olden
slane,clone
slane,cargo,banjo
slane,cargo,gonad
slane,cargo,antic
slane,cargo,cairn
slane,cargo,pagan
slane,cargo,tonga
slane,cargo,adorn
slane,cargo,dandy,dandy
slane,cargo,dandy,handy
slane,cargo,dandy,mania
slane,cargo,manor,rayon
slane,cargo,manor,manor
slane,cargo,acorn
slane,cargo,baton
slane,cargo,canon
slane,cargo,apron
slane,cargo,bacon
slane,cargo,cabin,candy
slane,cargo,cabin,cabin
slane,cargo,urban
slane,cargo,ranch
slane,cargo,manga,mangy
slane,cargo,manga,manga
slane,cargo,manga,tangy
slane,cargo,baron
slane,cargo,wagon
slane,cargo,admin,titan
slane,cargo,admin,aunty
slane,cargo,admin,admin
slane,cargo,admin,human
slane,cargo,admin,junta
slane,cargo,admin,ninja
slane,cargo,admin,avian
slane,cargo,groan,organ
slane,cargo,groan,groan
slane,cargo,angry
slane,cargo,mango,tango
slane,cargo,mango,mango
slane,cargo,manic,panic
slane,cargo,manic,manic
slane,cargo,manic,fancy
slane,cargo,axion,axion
slane,cargo,axion,nomad
slane,cargo,axion,woman
slane,cargo,axion,annoy
slane,cargo,nadir,nadir
slane,cargo,nadir,randy
slane,bachs,blast
slane,bachs,class
slane,bachs,clash
slane,bachs,flash
slane,bachs,flask
slane,bachs,glass
slane,bachs,clasp
slane,slang,slant
slane,slang,slang
slane,crout,brisk,prism
slane,crout,brisk,brisk
slane,crout,brisk,frisk
slane,crout,usurp
slane,crout,trust
slane,crout,burst
slane,crout,joust
slane,crout,bumph,posit
slane,crout,bumph,foist,foist
slane,crout,bumph,foist,joist
slane,crout,bumph,hoist
slane,crout,bumph,moist
slane,crout,frost
slane,crout,boost,ghost
slane,crout,boost,boost
slane,crout,rusty
slane,crout,tryst,tryst
slane,crout,tryst,wrist
slane,crout,gusto
slane,crout,disco
slane,crout,ficus,ficus
slane,crout,ficus,mucus
slane,crout,cross
slane,crout,music
slane,crout,virus
slane,crout,torso
slane,crout,torus
slane,crout,kiosk
slane,crout,visor
slane,crout,humus
slane,crout,midst,visit
slane,crout,midst,midst
slane,crout,midst,twist
slane,crout,adage,musty
slane,crout,adage,gusty
slane,crout,adage,dusty
slane,crout,tipsy
slane,crout,gipsy,whisk
slane,crout,gipsy,gipsy
slane,crout,gipsy,missy
slane,crout,gipsy,gypsy
slane,crout,gipsy,fishy
slane,crout,gipsy,wispy
slane,crout,crush
slane,crout,risky
slane,crout,worst
slane,crout,brush
slane,crout,hakam,mushy
slane,crout,hakam,hussy
slane,crout,hakam,bushy,pushy
slane,crout,hakam,bushy,bushy
slane,crout,hakam,dusky
slane,crout,hakam,husky
slane,crout,hakam,fussy
slane,crout,hakam,musky
slane,crout,dross,gross
slane,crout,dross,dross
slane,crout,crisp
slane,crout,bosom,bosom
slane,crout,bosom,bossy
slane,crout,bosom,mossy
slane,crout,truss
slane,crout,first
slane,crout,roost
slane,crout,focus
slane,crout,crust
slane,plane
slane,ought,skunk,spunk
slane,ought,skunk,skunk
slane,ought,swing
slane,ought,sting
slane,ought,sunny
slane,ought,spiny
slane,ought,stink
slane,ought,suing
slane,ought,stunk
slane,ought,swung
slane,ought,stunt
slane,ought,stung
slane,ought,stony
slane,ought,shunt
slane,ought,stint
slane,ought,shiny
slane,ought,sound
slane,enact,yearn
slane,enact,enact
slane,plain
slane,ethyl,stall
slane,ethyl,scald,scalp
slane,ethyl,scald,scald
slane,ethyl,small
slane,ethyl,scaly
slane,ethyl,shall,shall
slane,ethyl,shall,shawl
slane,ethyl,stalk
slane,ethyl,shalt
slane,dilly,polyp
slane,dilly,moult
slane,dilly,dilly
slane,dilly,faugh,bully
slane,dilly,faugh,golly
slane,dilly,faugh,holly
slane,dilly,faugh,jolly
slane,dilly,faugh,fully
slane,dilly,faugh,folly
slane,dilly,faugh,gully
slane,dilly,gulch,color
slane,dilly,gulch,gulch
slane,dilly,gulch,mulch
slane,dilly,filmy,filmy
slane,dilly,filmy,milky
slane,dilly,drill
slane,dilly,lyric
slane,dilly,dolly,dolly
slane,dilly,dolly,dully
slane,dilly,lucid,lurid
slane,dilly,lucid,lucid
slane,dilly,faugh,grill
slane,dilly,faugh,krill
slane,dilly,faugh,quill
slane,dilly,faugh,chill
slane,dilly,faugh,frill
slane,dilly,dryly
slane,dilly,could,would
slane,dilly,could,could
slane,dilly,could,world
slane,dilly,dimly
slane,dilly,idyll
slane,dilly,droll
slane,dilly,godly,oddly
slane,dilly,godly,godly
slane,dilly,lymph
slane,dilly,moldy
slane,dilly,bulky,bulky
slane,dilly,bulky,pulpy
slane,dilly,baghs,quilt
slane,dilly,baghs,guilt
slane,dilly,baghs,chili
slane,dilly,baghs,built
slane,dilly,folio,igloo
slane,dilly,folio,tulip
slane,dilly,folio,folio
slane,dilly,drool
slane,dilly,twirl,broil
slane,dilly,twirl,pupil
slane,dilly,twirl,twirl
slane,dilly,twirl,whirl
slane,dilly,twirl,logic
slane,dilly,girly
slane,dilly,ghoul,growl
slane,dilly,ghoul,lurch
slane,dilly,ghoul,ghoul
slane,dilly,ghoul,mogul
slane,dilly,ghoul,prowl
slane,dilly,lowly
slane,dilly,build,guild
slane,dilly,build,build
slane,dilly,build,child
slane,dilly,light,limbo
slane,dilly,light,civil
slane,dilly,light,light
slane,dilly,light,limit
slane,dilly,light,vigil
slane,dilly,amort,lucky
slane,dilly,amort,loopy
slane,dilly,amort,lumpy
slane,dilly,amort,lobby
slane,dilly,amort,lorry
slane,dilly,amort,lofty
slane,dilly,about,hotly
slane,dilly,about,coyly
slane,dilly,about,wooly
slane,dilly,about,truly
slane,dilly,about,curly
slane,dilly,about,burly
slane,dilly,about,wryly
slane,dilly,icily,icily
slane,dilly,icily,imply
slane,dilly,filth,filth
slane,dilly,filth,pilot
slane,dilly,lipid,lipid
slane,dilly,lipid,livid
slane,dilly,troll
slane,dilly,fowth,filly
slane,dilly,fowth,hilly
slane,dilly,fowth,billy
slane,dilly,fowth,willy
slane,slack,slash
slane,slack,slack
slane,align
slane,mopsy,slyly
slane,mopsy,slush
slane,mopsy,slurp
slane,mopsy,sloth
slane,mopsy,slick
slane,mopsy,slump
slane,mopsy,slimy
slane,mopsy,sloop
slane,mopsy,slosh
slane,aback,bland
slane,aback,gland,gland
slane,aback,gland,plant
slane,aback,blank
slane,aback,clank
slane,aback,clang
slane,aback,flank,flank
slane,aback,flank,plank
slane,toric,falls,focal
slane,toric,falls,local
slane,toric,falls,vocal
slane,toric,labor,valor
slane,toric,labor,labor
slane,toric,rally,rally
slane,toric,rally,ralph
slane,toric,fault,vault
slane,toric,fault,aptly
slane,toric,fault,adult
slane,toric,fault,waltz
slane,toric,fault,fault
slane,toric,fault,fatal
slane,toric,lilac
slane,toric,afoul,afoul
slane,toric,afoul,offal
slane,toric,afoul,aglow
slane,toric,viral
slane,toric,tidal
slane,toric,latch
slane,toric,voila
slane,toric,daily,gaily
slane,toric,daily,villa
slane,toric,daily,daily
slane,toric,daily,axial
slane,toric,cavil
slane,toric,molar,royal
slane,toric,molar,molar
slane,toric,molar,polar
slane,toric,moral
slane,toric,vital
slane,toric,trial
slane,toric,loyal,loyal
slane,toric,loyal,polka
slane,toric,loyal,modal
slane,toric,dampy,papal
slane,toric,dampy,bylaw
slane,toric,dampy,dally
slane,toric,dampy,badly
slane,toric,dampy,gayly
slane,toric,dampy,pupal
slane,toric,dampy,madly
slane,toric,dampy,amply
slane,toric,dampy,laugh
slane,toric,dampy,awful
slane,toric,dampy,apply
slane,toric,dampy,balmy
slane,toric,viola
slane,toric,tally,tally
slane,toric,tally,tubal
slane,toric,carol
slane,toric,coral
slane,toric,rival
slane,toric,cabal,cabal
slane,toric,cabal,caulk
slane,toric,valid
slane,toric,mural,mural
slane,toric,mural,rural
slane,toric,mural,larva
slane,toric,total
slane,toric,octal
slane,toric,atoll
slane,croup,crone
slane,croup,ovine
slane,croup,penne
slane,croup,prune
slane,croup,phone
slane,croup,borne
slane,croup,drone
slane,croup,twine,twine
slane,croup,twine,whine
slane,croup,brine
slane,croup,urine
slane,croup,prone
slane,croup,opine
slane,croup,ozone
slane,balti,amble
slane,balti,cable,cable
slane,balti,cable,fable
slane,balti,lathe
slane,balti,latte
slane,balti,large,maple
slane,balti,large,large
slane,balti,large,ladle
slane,balti,large,eagle
slane,balti,table
slane,balti,ample,ample
slane,balti,ample,apple
slane,balti,agile
slane,balti,halve,halve
slane,balti,halve,valve
slane,balti,halve,value
slane,acidy,snaky
slane,acidy,snack
slane,acidy,spawn
slane,acidy,stain
slane,scent,spent
slane,scent,scent
slane,scent,spend
slane,eying,eking
slane,eying,event
slane,eying,ebony
slane,eying,trend
slane,eying,being
slane,eying,penny
slane,eying,eying
slane,eying,fiend
slane,bepat,cleat
slane,bepat,alley
slane,bepat,bleak
slane,bepat,pleat
slane,bepat,alert
slane,bepat,clear,clear
slane,bepat,clear,gleam
slane,bepat,alter
slane,bepat,bleat
slane,bepat,plead
slane,tonal,natal
slane,tonal,banal,banal
slane,tonal,banal,canal
slane,tonal,banal,final
slane,tonal,anvil
slane,tonal,lanky,manly
slane,tonal,lanky,lanky
slane,tonal,annul
slane,tonal,talon
slane,tonal,inlay
slane,tonal,naval
slane,tonal,zonal
slane,tonal,tonal
slane,tonal,lunar
slane,abaft,feast
slane,abaft,beast
slane,abaft,yeast
slane,pulli,silky,silky
slane,pulli,silky,solid
slane,pulli,surly
slane,pulli,sully
slane,pulli,spill
slane,pulli,spoil
slane,pulli,split
slane,pulli,akita,still
slane,pulli,akita,swill
slane,pulli,akita,skill
slane,pulli,scold,scold
slane,pulli,scold,shyly
slane,pulli,spilt
slane,pulli,skull
slane,pulli,scowl,stool
slane,pulli,scowl,scowl
slane,pulli,skulk
slane,pulli,spool
slane,pulli,sulky
slane,pulli,stilt
slane,pulli,swirl
slane,pulli,silly
slane,easel
slane,chirp,space
slane,chirp,stare
slane,chirp,share
slane,chirp,skate,suave
slane,chirp,skate,stake
slane,chirp,skate,stage,stage
slane,chirp,skate,stage,stave
slane,chirp,skate,state
slane,chirp,skate,skate
slane,chirp,spade
slane,chirp,shape
slane,chirp,dumka,shave
slane,chirp,dumka,shade
slane,chirp,dumka,shame
slane,chirp,dumka,shake
slane,chirp,scare
slane,chirp,spare
