soare,newie,sneer
soare,newie,sever
soare,newie,sewer
soare,newie,screw,screw
soare,newie,screw,shrew
soare,newie,skier
soare,newie,serif
soare,newie,serum
soare,newie,siren
soare,newie,super,surer
soare,newie,super,super
soare,newie,sheer,sheer
soare,newie,sheer,steer
soare,enmew,shear,spear
soare,enmew,shear,shear
soare,enmew,saner
soare,enmew,safer
soare,enmew,smear
soare,enmew,swear
soare,solar,sonar
soare,solar,solar
soare,month,boney
soare,month,honey
soare,month,comet,totem
soare,month,comet,comet
soare,month,token
soare,month,money
soare,month,golem
soare,month,hotel
soare,month,motel
soare,month,hovel
soare,month,model,modem
soare,month,model,model
soare,month,women
soare,month,woven,coven
soare,month,woven,dozen
soare,month,woven,woken
soare,month,woven,novel
soare,month,woven,woven
soare,month,covet,towel
soare,month,covet,covet
soare,month,advew,dowel
soare,month,advew,gooey
soare,month,advew,dopey
soare,month,advew,covey
soare,month,advew,vowel
soare,month,advew,bowel
soare,depth,email
soare,depth,peach
soare,depth,beach,leach
soare,depth,beach,beach
soare,depth,heath
soare,depth,leant,meant
soare,depth,leant,leant
soare,depth,heady
soare,depth,meaty
soare,depth,leapt
soare,depth,death
soare,depth,enact,enact
soare,depth,enact,exalt
soare,depth,enact,exact
soare,depth,leafy,leafy
soare,depth,leafy,mealy
soare,depth,leafy,leaky
soare,depth,dealt
soare,depth,beady
soare,depth,heavy
soare,depth,teach
soare,clipt,spent
soare,clipt,sleet
soare,clipt,slept
soare,clipt,sheik,sinew
soare,clipt,sheik,sheik
soare,clipt,scent
soare,clipt,spiel
soare,clipt,fehme,swell
soare,clipt,fehme,shell
soare,clipt,fehme,shelf
soare,clipt,fehme,smell
soare,clipt,setup,steep
soare,clipt,setup,setup
soare,clipt,swept
soare,clipt,spelt
soare,clipt,sleep
soare,clipt,semen,seedy
soare,clipt,semen,sheen
soare,clipt,semen,seven
soare,clipt,semen,semen
soare,clipt,stein
soare,clipt,sheet,sheet
soare,clipt,sheet,sweet
soare,clipt,spied
soare,clipt,sheep,speed
soare,clipt,sheep,spend
soare,clipt,sheep,sheep
soare,clipt,sheep,sweep
soare,clipt,smelt
soare,clipt,speck
soare,clipt,steed
soare,clipt,sleek
soare,clipt,spell
soare,clipt,shied
soare,clipt,steel
soare,usurp
soare,bravo
soare,soapy
soare,radar,hardy,tardy
soare,radar,hardy,hardy
soare,radar,rabid,randy
soare,radar,rabid,rabid
soare,radar,rabid,rapid
soare,radar,circa
soare,radar,tapir
soare,radar,rival
soare,radar,altar
soare,radar,array
soare,radar,ahint,rabbi
soare,radar,ahint,rally
soare,radar,ahint,ralph
soare,radar,ahint,ranch
soare,radar,ahint,ratty
soare,radar,ahint,rainy
soare,radar,radii
soare,radar,karma,larva
soare,radar,karma,karma
soare,radar,karma,parka
soare,radar,cigar,cigar
soare,radar,cigar,lunar
soare,radar,cigar,vicar
soare,radar,triad
soare,radar,briar,briar
soare,radar,briar,friar
soare,radar,augur
soare,radar,rajah
soare,radar,radar
soare,radar,acrid
soare,radar,harpy,party
soare,radar,harpy,warty
soare,radar,harpy,march
soare,radar,harpy,harpy
soare,radar,rural
soare,radar,mural,urban
soare,radar,mural,trial
soare,radar,mural,viral
soare,radar,mural,mural
soare,radar,carat
soare,radar,nadir
soare,radar,rumba
soare,cutin,broil
soare,cutin,croup
soare,cutin,front
soare,cutin,throb,throb
soare,cutin,throb,troop
soare,cutin,throb,throw
soare,cutin,throb,troll
soare,cutin,throb,broth
soare,cutin,throb,froth
soare,cutin,droit,orbit
soare,cutin,droit,droit
soare,cutin,occur
soare,cutin,crown
soare,cutin,crock,crook
soare,cutin,crock,crowd
soare,cutin,crock,crock
soare,cutin,goold,growl
soare,cutin,goold,brook,proof
soare,cutin,goold,brook,broom
soare,cutin,goold,brook,brook
soare,cutin,goold,droop
soare,cutin,goold,proxy
soare,cutin,goold,groom
soare,cutin,goold,prowl
soare,cutin,goold,floor
soare,cutin,goold,drool
soare,cutin,goold,droll
soare,cutin,goold,brood
soare,cutin,tutor
soare,cutin,frock
soare,cutin,groin
soare,cutin,curio
soare,cutin,choir
soare,cutin,furor,furor
soare,cutin,furor,juror
soare,cutin,furor,rumor
soare,cutin,furor,humor
soare,cutin,badge,brown
soare,cutin,badge,grown
soare,cutin,badge,frown
soare,cutin,badge,drown
soare,cutin,group,proud
soare,cutin,group,group
soare,cutin,group,flour
soare,cutin,grout,trout
soare,cutin,grout,grout
soare,cutin,crony
soare,cutin,prong,prong
soare,cutin,prong,frond
soare,cutin,prong,wrong
soare,cutin,irony,rhino
soare,cutin,irony,irony
soare,cutin,irony,minor
soare,cutin,tumor,turbo
soare,cutin,tumor,tumor
soare,cutin,prior,vigor
soare,cutin,prior,prior
soare,cutin,prior,rigor
soare,cutin,prior,primo
soare,barca,carve
soare,barca,large
soare,barca,farce
soare,barca,range
soare,barca,argue
soare,barca,barge
soare,barca,agree
soare,horse,horse
soare,horse,rouse
soare,horse,worse
soare,dhuti,tiara
soare,dhuti,chard
soare,dhuti,guard
soare,dhuti,award
soare,dhuti,alarm
soare,dhuti,apart
soare,dhuti,charm,charm
soare,dhuti,charm,wharf
soare,dhuti,diary
soare,dhuti,quart
soare,dhuti,quark
soare,dhuti,chart
soare,dhuti,dwarf
soare,clint,blown,blown
soare,clint,blown,flown
soare,clint,outdo,quoth
soare,clint,outdo,outdo
soare,clint,outdo,outgo
soare,clint,outdo,photo
soare,clint,block,flock
soare,clint,block,block
soare,clint,ditto
soare,clint,junto
soare,clint,knoll,knoll
soare,clint,knoll,nylon
soare,clint,igloo,limbo
soare,clint,igloo,igloo
soare,clint,bingo,bingo
soare,clint,bingo,inbox
soare,clint,bingo,dingo
soare,clint,hippo,widow
soare,clint,hippo,ovoid
soare,clint,hippo,hippo
soare,clint,onion,union
soare,clint,onion,onion
soare,clint,blond
soare,clint,idiot
soare,clint,bigot,bigot
soare,clint,bigot,pivot
soare,clint,gumbo,gumbo
soare,clint,gumbo,jumbo
soare,clint,gumbo,whoop
soare,clint,gumbo,buxom
soare,clint,pinto
soare,clint,flout
soare,clint,owing
soare,clint,thong
soare,clint,knock
soare,clint,ought
soare,clint,idiom,opium
soare,clint,idiom,idiom
soare,clint,optic
soare,clint,known
soare,clint,ingot
soare,clint,pilot
soare,clint,lingo
soare,clint,blood,flood
soare,clint,blood,bloom
soare,clint,blood,gloom
soare,clint,blood,blood
soare,clint,clown
soare,clint,clout
soare,clint,phony
soare,clint,clock,clock
soare,clint,clock,cloud
soare,clint,cloth
soare,clint,chock
soare,clint,ghoul,oddly
soare,clint,ghoul,ghoul
soare,chant,sport
soare,chant,sworn
soare,chant,scorn
soare,chant,abysm,storm
soare,chant,abysm,story
soare,chant,abysm,stork
soare,chant,snort
soare,chant,sword
soare,chant,short
soare,chant,shorn
soare,aitch,those
soare,aitch,chose
soare,aitch,obese
soare,aitch,whose
soare,aitch,close
soare,ovate
soare,clint,tibia
soare,clint,latch
soare,clint,cabin
soare,clint,avian
soare,clint,attap,faint
soare,clint,attap,paint
soare,clint,attap,taint
soare,clint,aunty,junta
soare,clint,aunty,tangy
soare,clint,aunty,aunty
soare,clint,amity,faith
soare,clint,amity,amity
soare,clint,manic,panic
soare,clint,manic,manic
soare,clint,baffy,taffy
soare,clint,baffy,tabby
soare,clint,baffy,datum
soare,clint,baffy,fatty
soare,clint,baffy,patty,patty
soare,clint,baffy,patty,tatty
soare,clint,baffy,batty
soare,clint,admit,audit
soare,clint,admit,admit
soare,clint,admit,habit
soare,clint,cavil
soare,clint,anvil,inlay
soare,clint,anvil,anvil
soare,clint,anvil,final
soare,clint,attic
soare,clint,alibi
soare,clint,valid,villa
soare,clint,valid,valid
soare,clint,natal
soare,clint,tally,aptly
soare,clint,tally,tubal
soare,clint,tally,fatal
soare,clint,tally,tally
soare,clint,tally,waltz
soare,clint,lanky,lanky
soare,clint,lanky,naval
soare,clint,lanky,banal
soare,clint,lanky,annul
soare,clint,lanky,manly
soare,clint,lilac
soare,clint,fault,adult
soare,clint,fault,vault
soare,clint,fault,fault
soare,clint,cacti
soare,clint,caput
soare,clint,affix,maxim
soare,clint,affix,pizza
soare,clint,affix,aphid
soare,clint,affix,vapid
soare,clint,affix,mafia
soare,clint,affix,affix
soare,clint,dampy,balmy
soare,clint,dampy,pupal
soare,clint,dampy,laugh
soare,clint,dampy,badly
soare,clint,dampy,apply
soare,clint,dampy,gayly
soare,clint,dampy,madly
soare,clint,dampy,papal
soare,clint,dampy,amply
soare,clint,dampy,dally
soare,clint,dampy,bylaw
soare,clint,dampy,awful
soare,clint,catch,catty
soare,clint,catch,catch
soare,clint,tacit
soare,clint,cabby,cabby
soare,clint,cabby,caddy
soare,clint,daily,axial
soare,clint,daily,gaily
soare,clint,daily,daily
soare,clint,candy
soare,clint,china
soare,clint,dight,haunt
soare,clint,dight,gaunt
soare,clint,dight,daunt
soare,clint,dight,ajiva,vaunt
soare,clint,dight,ajiva,jaunt
soare,clint,dight,ajiva,taunt
soare,clint,titan
soare,clint,magic
soare,clint,allay,alpha
soare,clint,allay,album
soare,clint,allay,allay
soare,clint,dandy,mangy
soare,clint,dandy,dandy
soare,clint,dandy,pagan
soare,clint,dandy,human
soare,clint,dandy,handy
soare,clint,dandy,manga
soare,clint,macaw,wacky
soare,clint,macaw,macaw
soare,clint,canal
soare,clint,fancy
soare,clint,admin,ninja
soare,clint,admin,admin
soare,clint,admin,mania
soare,clint,bumph,match
soare,clint,bumph,tacky
soare,clint,bumph,hatch,watch
soare,clint,bumph,hatch,hatch
soare,clint,bumph,batch
soare,clint,bumph,patch
soare,clint,aging,aging
soare,clint,aging,aping
soare,clint,cabal,caulk
soare,clint,cabal,cabal
soare,clint,tidal,vital
soare,clint,tidal,tidal
soare,clint,midgy,gaudy
soare,clint,midgy,daddy,daddy
soare,clint,midgy,daddy,paddy
soare,clint,midgy,bawdy
soare,clint,midgy,gamma
soare,clint,midgy,kappa
soare,clint,midgy,magma
soare,clint,midgy,madam
soare,clint,midgy,mammy
soare,clint,midgy,mamma
soare,clint,midgy,baggy
soare,clint,midgy,gawky
soare,clint,midgy,kayak
soare,clint,midgy,happy,happy
soare,clint,midgy,happy,jazzy
soare,clint,tawny
soare,clint,fanny,fanny
soare,clint,fanny,fauna
soare,clint,fanny,nanny
soare,clint,yacht
soare,clint,gamut
soare,clint,align
soare,clint,iliac
soare,clint,antic
soare,clint,canny
soare,alert,avert
soare,alert,alert
soare,alert,extra,terra
soare,alert,extra,extra
soare,alert,zebra
soare,there,genre
soare,there,there
soare,there,where
soare,there,fibre
soare,acidy,micro
soare,acidy,hydro
soare,acidy,fjord
soare,acidy,chord
soare,acidy,thorn
soare,acidy,ivory
soare,acidy,glory
soare,acidy,intro
soare,erase
soare,verso
soare,scree,surge
soare,scree,scree
soare,scree,serve
soare,scree,spree
soare,whelm,lower
soare,whelm,mower
soare,whelm,mover
soare,whelm,rover,roger
soare,whelm,rover,rodeo
soare,whelm,rover,corer
soare,whelm,rover,cover
soare,whelm,rover,voter
soare,whelm,rover,bunjy,joker
soare,whelm,rover,bunjy,boxer
soare,whelm,rover,bunjy,poker
soare,whelm,rover,bunjy,foyer
soare,whelm,rover,bunjy,goner
soare,whelm,rover,rover
soare,whelm,hover
soare,whelm,wooer
soare,whelm,lover
soare,whelm,capot,cower
soare,whelm,capot,power
soare,whelm,capot,rower
soare,whelm,capot,tower
soare,whelm,homer
soare,chant,spare
soare,chant,stare
soare,chant,scare
soare,chant,snare
soare,chant,share
soare,clipt,stock
soare,clipt,stomp,stomp
soare,clipt,stomp,stoop
soare,clipt,stool
soare,clipt,sloop
soare,clipt,scion
soare,clipt,spoil
soare,clipt,shown,smoky
soare,clipt,shown,snowy
soare,clipt,shown,synod
soare,clipt,shown,swoon
soare,clipt,shown,showy
soare,clipt,shown,shook
soare,clipt,shown,shown
soare,clipt,spout
soare,clipt,shock,scoff
soare,clipt,shock,shock
soare,clipt,shock,smock
soare,clipt,sloth
soare,clipt,stoic
soare,clipt,slosh
soare,clipt,bhuna,snout
soare,clipt,bhuna,shout
soare,clipt,bhuna,stout
soare,clipt,bhuna,shoot
soare,clipt,scoop
soare,clipt,scold,scold
soare,clipt,scold,scowl
soare,clipt,stony,stony
soare,clipt,stony,stood
soare,clipt,spool
soare,clipt,flawn,swoop
soare,clipt,flawn,spoon
soare,clipt,flawn,spoof
soare,clipt,flawn,spook
soare,clipt,flawn,snoop
soare,clipt,scout
soare,adult,worry
soare,adult,dowry
soare,adult,mourn
soare,adult,gourd
soare,adult,court
soare,adult,lorry
soare,scour
soare,centu,rinse
soare,centu,purse
soare,centu,terse
soare,centu,nurse
soare,centu,verse
soare,centu,curse
soare,centu,reuse
soare,sperm,sperm
soare,sperm,stern
soare,richt,rebus
soare,richt,miser,wiser
soare,richt,miser,miser
soare,richt,fresh,usher
soare,richt,fresh,fresh
soare,richt,wrest
soare,richt,risen,riser
soare,richt,risen,risen
soare,richt,resin
soare,richt,reset
soare,richt,ester
soare,richt,dress,dress
soare,richt,dress,press
soare,richt,cress
soare,richt,crest
soare,prose
soare,might,visit
soare,might,twist
soare,might,musty
soare,might,ficus,ficus
soare,might,ficus,wispy
soare,might,music
soare,might,dusty,dusty
soare,might,dusty,lusty
soare,might,bliss
soare,might,gipsy
soare,might,mucus,musky
soare,might,mucus,mucus
soare,might,midst
soare,might,mushy
soare,might,using
soare,might,whisk
soare,might,gusty
soare,might,bushy,pushy
soare,might,bushy,bushy
soare,might,dusky,fussy
soare,might,dusky,lupus
soare,might,dusky,dusky
soare,might,tipsy
soare,might,blush,flush,plush
soare,might,blush,flush,flush
soare,might,blush,blush
soare,might,blush,husky
soare,might,blush,hussy
soare,might,humus
soare,might,minus,missy
soare,might,minus,minus
soare,might,fishy
soare,might,gypsy
soare,liman,focal,focal
soare,liman,focal,vocal
soare,liman,focal,total
soare,liman,gonad
soare,liman,comma
soare,liman,woman
soare,liman,polka
soare,liman,cocoa,cocoa
soare,liman,cocoa,vodka
soare,liman,nomad
soare,liman,tonal,tonal
soare,liman,tonal,zonal
soare,liman,voila
soare,liman,modal
soare,liman,tonga
soare,liman,today,today
soare,liman,today,topaz
soare,liman,local,loyal
soare,liman,local,local
soare,liman,dogma,mocha
soare,liman,dogma,dogma
soare,teugh,heist
soare,teugh,guess
soare,teugh,chess
soare,teugh,bused
soare,teugh,guest
soare,teugh,fetus
soare,teugh,welsh
soare,teugh,chest
soare,teugh,flesh
soare,teugh,bless
soare,teugh,unset,upset
soare,teugh,unset,quest
soare,teugh,unset,unset
soare,teugh,beset,beset
soare,teugh,beset,zesty
soare,teugh,exist,exist
soare,teugh,exist,islet
soare,teugh,testy
soare,teugh,pesky
soare,pedal,penal,petal
soare,pedal,penal,penal
soare,pedal,fella
soare,pedal,began,begat
soare,pedal,began,kebab
soare,pedal,began,began
soare,pedal,began,vegan
soare,pedal,alien,alley
soare,pedal,alien,alien
soare,pedal,alien,valet
soare,pedal,delay
soare,pedal,panel
soare,pedal,adept
soare,pedal,plead
soare,pedal,ideal
soare,pedal,amend
soare,pedal,mecca
soare,pedal,cheap
soare,pedal,equal
soare,pedal,eaten,facet
soare,pedal,eaten,matey
soare,pedal,eaten,theta
soare,pedal,eaten,annex
soare,pedal,eaten,agent
soare,pedal,eaten,haven,haven
soare,pedal,eaten,haven,waxen
soare,pedal,eaten,taken
soare,pedal,eaten,cagey
soare,pedal,eaten,hyena
soare,pedal,eaten,abbey
soare,pedal,eaten,enema
soare,pedal,eaten,eaten
soare,pedal,fetal,fecal
soare,pedal,fetal,metal
soare,pedal,fetal,fetal
soare,pedal,fetal,legal
soare,pedal,abled
soare,pedal,bhang,angel
soare,pedal,bhang,navel
soare,pedal,bhang,camel
soare,pedal,bhang,bagel
soare,pedal,bhang,hazel
soare,pedal,bhang,label
soare,pedal,bhang,gavel
soare,pedal,pedal
soare,pedal,decay
soare,pedal,ahead,knead
soare,pedal,ahead,ahead
soare,pedal,decal
soare,pedal,pecan
soare,pedal,delta
soare,pedal,medal
soare,pedal,acing,gleam
soare,pedal,acing,clean
soare,pedal,acing,eclat
soare,pedal,acing,glean
soare,pedal,acing,cleat
soare,pedal,acing,bleak,bleak
soare,pedal,acing,bleak,bleat
soare,pedal,laden
soare,pedal,lapel
soare,pedal,media
soare,pedal,apnea
soare,pedal,cheat,cheat
soare,pedal,cheat,wheat
soare,pedal,cheat,tweak
soare,pedal,cadet
soare,pedal,pleat
soare,opera
soare,salon,shoal
soare,salon,salon
soare,salon,savoy
soare,salon,salvo
soare,talcy,later
soare,talcy,clear
soare,talcy,gamer,gazer
soare,talcy,gamer,maker
soare,talcy,gamer,harem
soare,talcy,gamer,ramen
soare,talcy,gamer,gamer
soare,talcy,gamer,barps,rarer
soare,talcy,gamer,barps,wafer,waver
soare,talcy,gamer,barps,wafer,wafer
soare,talcy,gamer,barps,paper
soare,talcy,gamer,barps,baker
soare,talcy,gamer,barps,parer
soare,talcy,gamer,raven
soare,talcy,gamer,eager,wager
soare,talcy,gamer,eager,eager
soare,talcy,layer
soare,talcy,early
soare,talcy,earth,earth
soare,talcy,earth,eater
soare,talcy,earth,hater
soare,talcy,earth,water
soare,talcy,relay
soare,talcy,lager
soare,talcy,relax
soare,talcy,tread,tread
soare,talcy,tread,treat
soare,talcy,creak,cedar
soare,talcy,creak,recap
soare,talcy,creak,creak
soare,talcy,creak,cream
soare,talcy,cater
soare,talcy,alter
soare,talcy,caper,racer
soare,talcy,caper,caper
soare,talcy,abamp,taker
soare,talcy,abamp,tamer
soare,talcy,abamp,taper
soare,talcy,gayer,payer
soare,talcy,gayer,gayer
soare,talcy,bread,break
soare,talcy,bread,bread
soare,talcy,bread,freak,wreak
soare,talcy,bread,freak,freak
soare,talcy,bread,rebar,rebar
soare,talcy,bread,rebar,rehab
soare,talcy,bread,debar
soare,talcy,bread,amber
soare,talcy,bread,arena
soare,talcy,bread,anger
soare,talcy,bread,dream
soare,talcy,bread,aider
soare,talcy,bread,dread
soare,talcy,after,great
soare,talcy,after,after
soare,talcy,repay
soare,talcy,regal,feral
soare,talcy,regal,renal
soare,talcy,regal,regal
soare,talcy,baler,baler
soare,talcy,baler,paler
soare,belch,abase
soare,belch,phase
soare,belch,cease
soare,belch,lease
soare,belch,usage
soare,belch,chase
soare,belch,tease
soare,ajwan,easel
soare,ajwan,asset
soare,ajwan,ashen
soare,ajwan,essay
soare,ajwan,askew
soare,cloud,dodge
soare,cloud,noble
soare,cloud,gouge
soare,cloud,movie
soare,cloud,coupe
soare,cloud,booze
soare,cloud,lodge
soare,cloud,voice
soare,cloud,boule
soare,cloud,vogue
soare,lento,depot,depot
soare,lento,depot,detox
soare,lento,demon
soare,lento,video
soare,lento,olden
soare,lento,felon,felon
soare,lento,felon,melon
soare,lento,elbow
soare,lento,tempo
soare,lento,venom
soare,lento,often
soare,lento,gecko
soare,lento,decoy
soare,lento,octet
soare,lento,lemon
soare,lento,enjoy,enjoy
soare,lento,enjoy,ebony
soare,lento,enjoy,endow
soare,lento,enjoy,envoy
soare,lento,below
soare,lento,extol
soare,lento,epoch,epoch
soare,lento,epoch,epoxy
soare,lento,cello,cello
soare,lento,cello,hello
soare,glint,rigid
soare,glint,drift
soare,glint,lurid,lyric
soare,glint,lurid,lurid
soare,glint,thrum,truck
soare,glint,thrum,trump
soare,glint,thrum,thrum
soare,glint,thrum,truth
soare,glint,birth,birth
soare,glint,birth,dirty
soare,glint,birth,mirth
soare,glint,bardy,burly
soare,glint,bardy,lurch
soare,glint,bardy,curly
soare,glint,bardy,dryly
soare,glint,bardy,wryly
soare,glint,drunk
soare,glint,incur
soare,glint,fritz,fritz
soare,glint,fritz,trick
soare,glint,girth
soare,glint,grimy
soare,glint,birch,druid
soare,glint,birch,birch
soare,glint,girly
soare,glint,grind
soare,glint,trunk
soare,glint,gruff
soare,glint,crimp,crick
soare,glint,crimp,brick
soare,glint,crimp,privy
soare,glint,crimp,crimp
soare,glint,crimp,prick
soare,glint,right
soare,glint,crumb,murky
soare,glint,crumb,crump
soare,glint,crumb,crumb
soare,glint,crumb,ruddy
soare,glint,crumb,curvy
soare,glint,grunt
soare,glint,grill
soare,glint,brink,drink
soare,glint,brink,brink
soare,glint,brink,briny
soare,glint,bring,wring
soare,glint,bring,bring
soare,glint,crypt
soare,glint,truly
soare,glint,wrung
soare,glint,brunt,burnt
soare,glint,brunt,brunt
soare,glint,rugby
soare,glint,print
soare,glint,fruit
soare,glint,aduki,krill
soare,glint,aduki,drill
soare,glint,aduki,frill
soare,guilt,twice,twice
soare,guilt,twice,twine
soare,guilt,twice,white
soare,guilt,guile
soare,guilt,bulge,bulge
soare,guilt,bulge,lunge
soare,guilt,hedge,hedge
soare,guilt,hedge,wedge
soare,guilt,champ,fence
soare,guilt,champ,penne
soare,guilt,champ,emcee
soare,guilt,champ,pence
soare,guilt,champ,femme
soare,guilt,champ,hence
soare,guilt,title
soare,guilt,elite
soare,guilt,tithe
soare,guilt,aband,fudge,judge
soare,guilt,aband,fudge,fudge
soare,guilt,aband,nudge
soare,guilt,aband,fugue
soare,guilt,aband,budge
soare,guilt,chute,chute
soare,guilt,chute,etude
soare,guilt,untie
soare,guilt,genie
soare,guilt,tepee,tepee
soare,guilt,tepee,theme
soare,guilt,tepee,thyme
soare,guilt,lithe,lithe
soare,guilt,lithe,tilde
soare,guilt,juice
soare,guilt,flute
soare,guilt,uncle
soare,guilt,binge,hinge
soare,guilt,binge,midge
soare,guilt,binge,binge
soare,guilt,bible
soare,guilt,quite
soare,guilt,tulle
soare,guilt,glide
soare,guilt,bugle
soare,guilt,bilge,liege
soare,guilt,bilge,bilge
soare,guilt,belle,belle
soare,guilt,belle,cycle
soare,guilt,mince,niche
soare,guilt,mince,wince
soare,guilt,mince,niece
soare,guilt,mince,pixie
soare,guilt,mince,piece
soare,guilt,mince,mince
soare,guilt,belie
soare,guilt,butte
soare,guilt,exile,exile
soare,guilt,exile,while
soare,guilt,imbue,pique
soare,guilt,imbue,imbue
soare,guilt,elide
soare,guilt,flume,fluke
soare,guilt,flume,flume
soare,guilt,flume,plume
soare,guilt,flume,elude
soare,guilt,utile
soare,guilt,deuce,venue
soare,guilt,deuce,undue
soare,guilt,deuce,deuce
soare,guilt,unite
soare,guilt,delve,melee
soare,guilt,delve,delve
soare,guilt,cutie
soare,guilt,guide
soare,guilt,chide,knife
soare,guilt,chide,whine
soare,guilt,chide,chide
soare,guilt,chide,chime
soare,guilt,dunce,queue
soare,guilt,dunce,dunce
soare,guilt,ledge
soare,onset,pesto
soare,onset,onset
soare,onset,ethos
soare,denet,tenth
soare,denet,inlet,unmet
soare,denet,inlet,inlet
soare,denet,teeth
soare,denet,medic
soare,denet,edify,field
soare,denet,edify,yield
soare,denet,edify,edify
soare,denet,edify,wield
soare,denet,debug,debug
soare,denet,debug,devil
soare,denet,aleph,lefty
soare,denet,aleph,petty
soare,denet,aleph,fetch
soare,denet,aleph,hefty
soare,denet,aleph,jetty
soare,denet,belch,jelly
soare,denet,belch,helix
soare,denet,belch,belch
soare,denet,belch,weigh
soare,denet,belch,welch
soare,denet,belch,leggy
soare,denet,belch,belly
soare,denet,tenet
soare,denet,weedy
soare,denet,linen,piney
soare,denet,linen,linen
soare,denet,elegy
soare,denet,eking,elfin
soare,denet,eking,eking
soare,denet,eking,eying
soare,denet,beech,geeky
soare,denet,beech,beech
soare,denet,beech,leech
soare,denet,beech,beefy
soare,denet,filet,filet
soare,denet,filet,quiet
soare,denet,edict
soare,denet,dwelt
soare,denet,begin,begun
soare,denet,begin,feign
soare,denet,begin,newly
soare,denet,begin,being
soare,denet,begin,begin
soare,denet,begin,neigh
soare,denet,bleed,bleed
soare,denet,bleed,embed
soare,denet,bicep,chief
soare,denet,bicep,bicep
soare,denet,bicep,libel
soare,denet,bicep,impel
soare,denet,bicep,pixel
soare,denet,check,whelp
soare,denet,check,fleck
soare,denet,check,quell
soare,denet,check,equip
soare,denet,check,check
soare,denet,befit
soare,denet,event
soare,denet,duvet
soare,denet,needy
soare,denet,clued,plied
soare,denet,clued,clued
soare,denet,betel
soare,denet,deign
soare,denet,unfed,unfed
soare,denet,unfed,unwed
soare,denet,unfed,widen
soare,denet,unfed,index
soare,denet,empty,ethic
soare,denet,empty,piety
soare,denet,empty,empty
soare,denet,deity,depth
soare,denet,deity,deity
soare,denet,enemy
soare,denet,cleft,theft
soare,denet,cleft,exult
soare,denet,cleft,cleft
soare,denet,cleft,eight
soare,denet,cleft,evict
soare,denet,denim
soare,denet,thief
soare,denet,kneed
soare,denet,fetid,tepid
soare,denet,fetid,fetid
soare,denet,fetid,teddy
soare,denet,beget
soare,denet,bench,penny
soare,denet,bench,bench
soare,denet,bench,wench
soare,denet,bevel,jewel
soare,denet,bevel,bezel
soare,denet,bevel,level
soare,denet,bevel,bevel
soare,denet,ennui
soare,denet,eject,eject
soare,denet,eject,elect
soare,denet,dwell
soare,denet,inept,inept
soare,denet,inept,knelt
soare,denet,kneel,kneel
soare,denet,kneel,queen
soare,denet,bleep,excel
soare,denet,bleep,expel
soare,denet,bleep,bleep
soare,denet,bleep,wheel
soare,denet,bleep,cheek
soare,denet,debit,debit
soare,denet,debit,debut
soare,denet,tweed
soare,denet,blend,blend
soare,denet,blend,fiend
soare,denet,agila,lumen
soare,denet,agila,vixen
soare,denet,agila,given
soare,denet,agila,hymen
soare,denet,agila,liken
soare,denet,dicey
soare,denet,fleet,fleet
soare,denet,fleet,tweet
soare,savor
soare,stair
soare,cameo,oaken
soare,cameo,cameo
soare,cameo,ocean
soare,cameo,omega
soare,loser,loser
soare,loser,poser
soare,abaca,boast
soare,abaca,coast
soare,abaca,toast
soare,diact,grate
soare,diact,anvil,craze
soare,diact,anvil,crane
soare,diact,anvil,crave
soare,diact,irate
soare,diact,trace
soare,diact,brace,grace
soare,diact,brace,brace
soare,diact,crate
soare,diact,grade
soare,diact,trade
soare,diact,drake,drake
soare,diact,drake,drape
soare,diact,brave,grave
soare,diact,brave,brake
soare,diact,brave,brave
soare,diact,brave,grape,grape
soare,diact,brave,grape,graze
soare,diact,brave,grape,frame
soare,roost,roost
soare,roost,torso
soare,roost,torus
soare,roost,worst
soare,algum,maple
soare,algum,vague
soare,algum,batch,lathe
soare,algum,batch,latte
soare,algum,batch,cable
soare,algum,batch,lance
soare,algum,batch,fable
soare,algum,batch,table
soare,algum,batch,halve
soare,algum,batch,ladle,ladle
soare,algum,batch,ladle,valve
soare,algum,agile
soare,algum,acute
soare,algum,algae
soare,algum,alike,alike
soare,algum,alike,alive
soare,algum,gauge,gauge
soare,algum,gauge,gauze
soare,algum,badge,gaffe
soare,algum,badge,badge
soare,algum,haute
soare,algum,eagle
soare,algum,actin,cache
soare,algum,actin,waive
soare,algum,actin,bathe
soare,algum,actin,naive
soare,algum,actin,dance
soare,algum,actin,payee
soare,algum,mange
soare,algum,value
soare,algum,amble,ample
soare,algum,amble,amble
soare,algum,maize,maize
soare,algum,maize,maybe
soare,algum,anime
soare,algum,ankle,ankle
soare,algum,ankle,apple
soare,algum,angle
soare,algum,mauve
soare,algum,abide
soare,piano
soare,board,board
soare,board,hoard
soare,pudic,curve
soare,pudic,truce
soare,pudic,prime,prime
soare,pudic,prime,prize
soare,pudic,bride,dirge
soare,pudic,bride,drive
soare,pudic,bride,bride
soare,pudic,prune
soare,pudic,crepe
soare,pudic,nerve,rhyme
soare,pudic,nerve,three
soare,pudic,nerve,verve
soare,pudic,nerve,nerve
soare,pudic,nerve,merge
soare,pudic,nerve,verge
soare,pudic,crude
soare,pudic,puree,purge
soare,pudic,puree,puree
soare,pudic,prude
soare,pudic,pride
soare,pudic,gripe,gripe
soare,pudic,gripe,tripe
soare,pudic,rupee
soare,pudic,ridge
soare,pudic,eerie
soare,pudic,crime,crime
soare,pudic,crime,trice
soare,pudic,tribe,trite
soare,pudic,tribe,write
soare,pudic,tribe,tribe
soare,pudic,tribe,brine
soare,pudic,tribe,grime
soare,pudic,tribe,rifle
soare,pudic,tribe,bribe
soare,pudic,creme
soare,pudic,price
soare,pudic,brute,revue
soare,pudic,brute,brute
soare,pudic,urine
soare,feted,decry
soare,feted,weird
soare,feted,clerk,query
soare,feted,clerk,clerk
soare,feted,berry,berry
soare,feted,berry,merry
soare,feted,ferry
soare,feted,retry
soare,feted,inert
soare,feted,exert
soare,feted,leery
soare,feted,fiery
soare,feted,entry
soare,feted,every
soare,linty,aheap,hasty
soare,linty,aheap,pasty
soare,linty,aheap,tasty
soare,linty,nasal
soare,linty,waist
soare,linty,abyss
soare,linty,amiss,basic
soare,linty,amiss,amiss
soare,linty,amiss,basis
soare,linty,assay,gassy
soare,linty,assay,assay
soare,linty,patsy
soare,linty,vista
soare,linty,angst
soare,linty,basil
soare,linty,daisy
soare,linty,nasty
soare,linty,basal,usual
soare,linty,basal,basal
soare,linty,pansy
soare,linty,pasta
soare,linty,basin
soare,linty,palsy
soare,cobra
soare,bufty,yeast
soare,bufty,beast
soare,bufty,feast
soare,bufty,leash
soare,bufty,least
soare,bachs,grasp
soare,bachs,grass
soare,bachs,brass
soare,bachs,trash
soare,bachs,crass
soare,bachs,crash
soare,bachs,brash
soare,plink,slump
soare,plink,aguti,swing
soare,plink,aguti,suing
soare,plink,aguti,sting
soare,plink,aguti,shiny
soare,plink,aguti,stint
soare,plink,snuff
soare,plink,snuck
soare,plink,skill
soare,plink,silky
soare,plink,silly
soare,plink,spicy
soare,plink,spunk
soare,plink,still,still
soare,plink,still,stilt
soare,plink,still,swill
soare,plink,sight,squib
soare,plink,sight,sixth
soare,plink,sight,sushi
soare,plink,sight,sixty
soare,plink,sight,sissy
soare,plink,sight,sight
soare,plink,skulk
soare,plink,skull,sulky
soare,plink,skull,skull
soare,plink,study,shush
soare,plink,study,stuff
soare,plink,study,study
soare,plink,stink
soare,plink,skimp,spiky
soare,plink,skimp,skimp
soare,plink,slink
soare,plink,slung
soare,plink,shift,swift
soare,plink,shift,swish
soare,plink,shift,smith
soare,plink,shift,shift
soare,plink,shift,stiff
soare,plink,slunk
soare,plink,skiff
soare,plink,stick
soare,plink,shyly,sully
soare,plink,shyly,shyly
soare,plink,spill,spill
soare,plink,spill,spilt
soare,plink,spiny
soare,plink,shunt,sunny
soare,plink,shunt,shunt
soare,plink,shunt,swung
soare,plink,shunt,stunt
soare,plink,shunt,stung
soare,plink,shuck,shuck
soare,plink,shuck,stuck
soare,plink,slush,slush
soare,plink,slush,slyly
soare,plink,skunk,stunk
soare,plink,skunk,skunk
soare,plink,stump
soare,plink,split
soare,plink,slick
soare,plink,slimy
soare,plink,sniff
soare,plink,sling
soare,clint,stole
soare,clint,scope
soare,clint,stone
soare,clint,shone
soare,clint,scone
soare,clint,slope
soare,clint,smoke,spoke
soare,clint,smoke,smoke
soare,clint,smoke,shove
soare,clint,stoke,smote
soare,clint,stoke,stoke
soare,clint,stoke,stove
soare,ascot,lasso
soare,ascot,ascot
soare,ascot,mason
soare,filth,slurp
soare,filth,skirt
soare,filth,swirl
soare,filth,shirk
soare,filth,spurt
soare,filth,shirt
soare,filth,spurn
soare,filth,smirk
soare,thilk,staid,stain
soare,thilk,staid,staid
soare,thilk,shaft
soare,thilk,stack,stack
soare,thilk,stack,stank
soare,thilk,slack
soare,thilk,smash,smash
soare,thilk,smash,swash
soare,thilk,smack,snack
soare,thilk,smack,spank
soare,thilk,smack,smack
soare,thilk,shack,shank
soare,thilk,shack,shack
soare,thilk,shawl
soare,thilk,adapt,stamp
soare,thilk,adapt,staff
soare,thilk,adapt,stand
soare,thilk,adapt,scant
soare,thilk,scamp,scamp
soare,thilk,scamp,swamp
soare,thilk,scamp,spasm
soare,thilk,scamp,spawn
soare,thilk,slash
soare,thilk,slant
soare,thilk,stash,stash
soare,thilk,stash,swath
soare,thilk,acidy,scald
soare,thilk,acidy,small
soare,thilk,acidy,scaly
soare,thilk,acidy,scalp
soare,thilk,swami
soare,thilk,shalt
soare,thilk,stall
soare,thilk,shaky
soare,thilk,shall
soare,thilk,slang
soare,thilk,slain,slain
soare,thilk,slain,snail
soare,thilk,shady
soare,thilk,snaky
soare,thilk,stalk
soare,balmy,foray
soare,balmy,aorta
soare,balmy,moral
soare,balmy,royal
soare,balmy,coral
soare,balmy,borax
soare,balmy,polar
soare,balmy,molar
soare,ovary
soare,metro,metro
soare,metro,retro
soare,metro,overt
soare,humic,marry
soare,humic,dairy,dairy
soare,humic,dairy,fairy
soare,humic,umbra
soare,humic,cairn
soare,humic,hairy
soare,humic,harry
soare,humic,carry
soare,humic,angry,angry
soare,humic,angry,parry
soare,humic,ultra
soare,sauce,salve
soare,sauce,saute
soare,sauce,sauce
soare,ached,realm
soare,ached,react
soare,ached,reach
soare,ached,ready
soare,arson
soare,solve
soare,arise,parse
soare,arise,raise
soare,arise,arise
soare,cunit,pulse
soare,cunit,tense
soare,cunit,geese
soare,cunit,issue
soare,cunit,dense
soare,cunit,ensue
soare,cunit,guise
soare,cunit,these
soare,sorry
soare,chore,chore
soare,chore,ombre
soare,cruft,rusty
soare,cruft,crush
soare,cruft,crisp
soare,cruft,truss
soare,cruft,crust
soare,cruft,frisk
soare,cruft,burst
soare,cruft,brush
soare,cruft,trust
soare,cruft,risky
soare,cruft,tryst,wrist
soare,cruft,tryst,tryst
soare,cruft,first
soare,cruft,virus
soare,cruft,brisk,prism
soare,cruft,brisk,brisk
soare,denet,fever,refer
soare,denet,fever,rebel,rebel
soare,denet,fever,rebel,repel
soare,denet,fever,lever
soare,denet,fever,fever
soare,denet,fever,leper
soare,denet,fever,fewer
soare,denet,fever,revel
soare,denet,ether
soare,denet,their
soare,denet,tried
soare,denet,rivet
soare,denet,reedy
soare,denet,diner
soare,denet,enter
soare,denet,defer
soare,denet,diver,drier
soare,denet,diver,diver
soare,denet,diver,dried
soare,denet,diver,dryer
soare,denet,berth,retch
soare,denet,berth,berth
soare,denet,inter
soare,denet,bilgy,flyer
soare,denet,bilgy,fiber
soare,denet,bilgy,liver
soare,denet,bilgy,parer,piper
soare,denet,bilgy,parer,river
soare,denet,bilgy,parer,riper
soare,denet,bilgy,parer,viper
soare,denet,bilgy,parer,fixer
soare,denet,bilgy,bluer
soare,denet,bilgy,flier,flier
soare,denet,bilgy,flier,plier
soare,denet,bilgy,brief
soare,denet,bilgy,buyer
soare,denet,bilgy,cyber
soare,denet,bilgy,purer,purer
soare,denet,bilgy,purer,upper
soare,denet,bilgy,ruler
soare,denet,bilgy,hyper
soare,denet,bilgy,giver
soare,denet,bilgy,filer
soare,denet,bilgy,gruel
soare,denet,bilgy,cruel,cruel
soare,denet,bilgy,cruel,ulcer
soare,denet,bilgy,crier
soare,denet,bilgy,grief
soare,denet,nerdy
soare,denet,bough,tiger
soare,denet,bough,timer
soare,denet,bough,threw
soare,denet,bough,tuber
soare,denet,bough,utter
soare,denet,bough,truer
soare,denet,wreck
soare,denet,under
soare,denet,trend
soare,denet,green,green
soare,denet,green,preen
soare,denet,dimly,inner
soare,denet,dimly,miner
soare,denet,dimly,finer
soare,denet,dimly,liner
soare,denet,deter
soare,denet,abrim,merit
soare,denet,abrim,remit
soare,denet,abrim,refit
soare,denet,abrim,rebut
soare,denet,abrim,recut
soare,denet,infer,nicer
soare,denet,infer,infer
soare,denet,infer,ripen
soare,denet,never,never
soare,denet,never,newer
soare,denet,amply,perky
soare,denet,amply,lemur
soare,denet,amply,perch
soare,denet,amply,femur
soare,denet,amply,reply
soare,denet,amply,jerky
soare,denet,amply,peril
soare,denet,amply,recur
soare,denet,amply,mercy
soare,denet,amply,relic
soare,denet,reign,reign
soare,denet,reign,rerun
soare,denet,erect
soare,denet,meter
soare,denet,renew
soare,denet,acerb,freed,freed
soare,denet,acerb,freed,greed
soare,denet,acerb,creed
soare,denet,acerb,breed
soare,denet,acerb,elder
soare,denet,creek,freer
soare,denet,creek,cheer
soare,denet,creek,ember
soare,denet,creek,queer
soare,denet,creek,creek
soare,denet,creek,creep
soare,denet,riced,rider
soare,denet,riced,wider
soare,denet,riced,cried
soare,denet,riced,cider
soare,denet,riced,fried,fried
soare,denet,riced,fried,pried
soare,denet,riced,ruder
soare,denet,riced,idler
soare,denet,riced,udder
soare,denet,egret,greet
soare,denet,egret,egret
soare,denet,beret
soare,denet,demur,demur
soare,denet,demur,derby
soare,denet,crept,crept
soare,denet,crept,erupt
soare,bundt,anode
soare,bundt,atone
soare,bundt,above
soare,bundt,awoke
soare,bundt,canoe
soare,bundt,abode
soare,bundt,adobe
soare,bundt,alone
soare,sober,sober
soare,sober,sower
soare,nosey,poesy
soare,nosey,nosey
soare,chaos
soare,jumby,noisy
soare,jumby,focus,focus
soare,jumby,focus,locus
soare,jumby,bossy
soare,jumby,mossy
soare,jumby,bosom
soare,jumby,joist
soare,jumby,moist
soare,jumby,joust
soare,jumby,lousy
soare,jumby,bonus
soare,jumby,boost
soare,jumby,foist,foist
soare,jumby,foist,hoist
soare,jumby,foist,posit
soare,bling,opine,opine
soare,bling,opine,ovine
soare,bling,clove,elope
soare,bling,clove,clove
soare,bling,clone
soare,bling,biome
soare,bling,choke,choke
soare,bling,choke,evoke
soare,bling,choke,quote
soare,bling,glove
soare,bling,bloke
soare,bling,whole
soare,bling,ozone,phone
soare,bling,ozone,ozone
soare,bling,gnome
soare,bling,globe
soare,bling,ounce
soare,bling,olive
soare,bling,oxide
soare,bling,diode
soare,trued,credo
soare,trued,decor
soare,trued,tenor
soare,trued,error
soare,trued,outer
soare,trued,offer,offer
soare,trued,offer,owner
soare,trued,order
soare,trued,odder,odder
soare,trued,odder,older
soare,trued,other,otter
soare,trued,other,other
soare,trued,heron
soare,pilum,copse
soare,pilum,posse
soare,pilum,louse
soare,pilum,poise
soare,pilum,mouse
soare,pilum,house
soare,pilum,loose
soare,pilum,goose,noose
soare,pilum,goose,goose
soare,pilum,moose
soare,pilum,noise
soare,adore
soare,kempt,shark
soare,kempt,start
soare,kempt,sharp
soare,kempt,swarm
soare,kempt,stark
soare,kempt,spark
soare,kempt,smart
soare,kempt,acidy,scary
soare,kempt,acidy,snarl
soare,kempt,acidy,scarf
soare,kempt,acidy,shard
soare,glitz,heave,weave
soare,glitz,heave,peace
soare,glitz,heave,chafe
soare,glitz,heave,heave
soare,glitz,heave,knave
soare,glitz,heave,evade
soare,glitz,heave,awake,awake
soare,glitz,heave,awake,quake
soare,glitz,elate,plate
soare,glitz,elate,elate
soare,glitz,glade
soare,glitz,abamp,blame
soare,glitz,abamp,flame
soare,glitz,abamp,blade
soare,glitz,abamp,place,place
soare,glitz,abamp,place,plane
soare,glitz,abamp,flake
soare,glitz,abate
soare,glitz,blaze
soare,glitz,leave,leave
soare,glitz,leave,whale
soare,glitz,amaze
soare,glitz,image
soare,glitz,inane
soare,glitz,agate
soare,glitz,adage,agape
soare,glitz,adage,adage
soare,glitz,glaze
soare,clink,chaff,champ
soare,clink,chaff,chaff
soare,clink,chain
soare,clink,clamp
soare,clink,twang
soare,clink,giant
soare,clink,plain
soare,clink,khaki
soare,clink,chant
soare,clink,clang
soare,clink,black,black
soare,clink,black,flack
soare,clink,clack
soare,clink,adapt,adapt
soare,clink,adapt,guava
soare,clink,clank
soare,clink,claim
soare,clink,again
soare,clink,knack
soare,clink,aahed,aback
soare,clink,aahed,quack
soare,clink,aahed,whack
soare,clink,bland,bland
soare,clink,bland,gland
soare,clink,bland,plant
soare,clink,avail,avail
soare,clink,avail,quail
soare,clink,qualm
soare,clink,await
soare,clink,chalk
soare,clink,abaft,blank
soare,clink,abaft,plank
soare,clink,abaft,flank
soare,clink,flaky
soare,clink,plaid,flail
soare,clink,plaid,plait
soare,clink,plaid,plaid
soare,clink,llama,plaza
soare,clink,llama,llama
soare,clink,thank
soare,klutz,skate
soare,klutz,slave
soare,klutz,stake
soare,klutz,slate
soare,klutz,suave
soare,klutz,damps,shade
soare,klutz,damps,shape
soare,klutz,damps,spade
soare,klutz,damps,shave
soare,klutz,damps,shame
soare,klutz,damps,space
soare,klutz,state
soare,klutz,stale
soare,klutz,shake,shake
soare,klutz,shake,snake
soare,klutz,stage,stave
soare,klutz,stage,stage
soare,klutz,scale,scale
soare,klutz,scale,shale
soare,culty,hotly
soare,culty,mogul,mogul
soare,culty,mogul,would
soare,culty,doing,going
soare,culty,doing,doing
soare,culty,doing,bongo
soare,culty,gawds,goofy
soare,culty,gawds,woody
soare,culty,gawds,moody
soare,culty,gawds,goody
soare,culty,gawds,dowdy,dowdy
soare,culty,gawds,dowdy,howdy
soare,culty,gawds,bobby,boozy
soare,culty,gawds,bobby,booby
soare,culty,gawds,bobby,hobby
soare,culty,gawds,bobby,bobby
soare,culty,gawds,bobby,poppy
soare,culty,gawds,dodgy
soare,culty,gawds,foggy
soare,culty,gawds,woozy
soare,culty,gawds,downy
soare,culty,defog,holly,holly
soare,culty,defog,holly,jolly
soare,culty,defog,golly
soare,culty,defog,dolly
soare,culty,defog,folly
soare,culty,defog,moldy
soare,culty,youth
soare,culty,lofty
soare,culty,login
soare,culty,booty
soare,culty,pouch,vouch
soare,culty,pouch,pouch
soare,culty,booth,motto
soare,culty,booth,tooth
soare,culty,booth,booth
soare,culty,booth,month
soare,culty,joint,motif
soare,culty,joint,point
soare,culty,joint,vomit
soare,culty,joint,toxin
soare,culty,joint,joint
soare,culty,bumph,bound
soare,culty,bumph,mound
soare,culty,bumph,found,wound
soare,culty,bumph,found,found
soare,culty,bumph,bough
soare,culty,bumph,pound
soare,culty,bumph,hound
soare,culty,bumph,dough
soare,culty,mouth
soare,culty,touch
soare,culty,coyly
soare,culty,could
soare,culty,folio
soare,culty,polyp
soare,culty,young
soare,culty,apian,toxic
soare,culty,apian,topic
soare,culty,apian,notch
soare,culty,apian,botch
soare,culty,apian,tonic
soare,culty,ionic,pooch
soare,culty,ionic,ionic
soare,culty,colon
soare,culty,donut,donut
soare,culty,donut,tough
soare,culty,donut,mount
soare,culty,donut,doubt
soare,culty,logic
soare,culty,comic,conch
soare,culty,comic,conic
soare,culty,comic,condo
soare,culty,comic,comic
soare,culty,toddy
soare,culty,count
soare,culty,couch,cough
soare,culty,couch,couch
soare,culty,adown,godly
soare,culty,adown,lowly
soare,culty,adown,nobly
soare,culty,adown,wooly
soare,culty,adown,loopy
soare,culty,adown,lobby
soare,culty,comfy
soare,culty,pouty
soare,culty,moult
soare,clint,lucid
soare,clint,input,input
soare,clint,input,night
soare,clint,input,unfit
soare,clint,dumpy,dumpy
soare,clint,dumpy,guppy,guppy
soare,clint,dumpy,guppy,puppy
soare,clint,dumpy,pygmy
soare,clint,dumpy,gummy,gummy
soare,clint,dumpy,gummy,mummy
soare,clint,dumpy,buddy
soare,clint,dumpy,buggy,fuzzy
soare,clint,dumpy,buggy,buggy
soare,clint,dumpy,muddy
soare,clint,dumpy,dummy
soare,clint,dumpy,jumpy
soare,clint,dumpy,puffy
soare,clint,dumpy,pudgy
soare,clint,dumpy,humph
soare,clint,cinch,cinch
soare,clint,cinch,cumin
soare,clint,cinch,cynic
soare,clint,minty,ninth
soare,clint,minty,minty
soare,clint,unify
soare,clint,abaca,click
soare,clint,abaca,cliff
soare,clint,abaca,climb
soare,clint,twixt
soare,clint,aswim,wight
soare,clint,aswim,might
soare,clint,aswim,fight,tight
soare,clint,aswim,fight,fight
soare,clint,aswim,digit
soare,clint,duchy,duchy
soare,clint,duchy,mucky
soare,clint,dying,dying
soare,clint,dying,vying
soare,clint,dying,whiny
soare,clint,width,timid
soare,clint,width,witty
soare,clint,width,fifth
soare,clint,width,pithy
soare,clint,width,ditty
soare,clint,width,width
soare,clint,width,bitty,bitty
soare,clint,width,bitty,kitty
soare,clint,width,bitty,fifty
soare,clint,pluck
soare,clint,mimic,mimic
soare,clint,mimic,picky
soare,clint,mimic,pubic
soare,clint,fluid
soare,clint,badge,guilt
soare,clint,badge,quilt
soare,clint,badge,built
soare,clint,chick
soare,clint,bluff,plump
soare,clint,bluff,fluff
soare,clint,bluff,plumb
soare,clint,bluff,glyph
soare,clint,bluff,bluff
soare,clint,ninny
soare,clint,blind,fling
soare,clint,blind,blink
soare,clint,blind,blind
soare,clint,chuck,chuck
soare,clint,chuck,chump
soare,clint,icily
soare,clint,blunt
soare,clint,fudgy,biddy
soare,clint,fudgy,piggy
soare,clint,fudgy,hippy,hippy
soare,clint,fudgy,hippy,wimpy
soare,clint,fudgy,giddy
soare,clint,fudgy,vivid
soare,clint,fudgy,dizzy
soare,clint,fudgy,fizzy
soare,clint,fudgy,humid
soare,clint,fudgy,jiffy
soare,clint,nutty
soare,clint,uncut
soare,clint,flint,flint
soare,clint,flint,glint
soare,clint,flick
soare,clint,dampy,pinky
soare,clint,dampy,kinky
soare,clint,dampy,undid
soare,clint,dampy,dingy
soare,clint,dampy,fungi
soare,clint,dampy,unzip
soare,clint,dampy,minim
soare,clint,dampy,windy
soare,clint,vinyl
soare,clint,abamp,hunch
soare,clint,abamp,punch
soare,clint,abamp,munch
soare,clint,abamp,bunch
soare,clint,juicy,which
soare,clint,juicy,quick
soare,clint,juicy,juicy
soare,clint,lying
soare,clint,howdy,pitch
soare,clint,howdy,witch
soare,clint,howdy,hitch
soare,clint,howdy,itchy
soare,clint,howdy,ditch
soare,clint,blitz
soare,clint,dampy,livid
soare,clint,dampy,dilly
soare,clint,dampy,dimly
soare,clint,dampy,fowth,willy
soare,clint,dampy,fowth,billy
soare,clint,dampy,fowth,hilly
soare,clint,dampy,fowth,filly
soare,clint,dampy,lipid
soare,clint,dampy,filmy,milky
soare,clint,dampy,filmy,filmy
soare,clint,dampy,pupil
soare,clint,dampy,vigil
soare,clint,dampy,imply
soare,clint,dampy,idyll
soare,clint,civil
soare,clint,putty,thump
soare,clint,putty,thumb
soare,clint,putty,putty
soare,clint,tunic
soare,clint,lunch,lunch
soare,clint,lunch,lynch
soare,clint,icing
soare,clint,funky,hunky
soare,clint,funky,nymph
soare,clint,funky,funky
soare,clint,unity
soare,clint,unlit
soare,clint,awful,winch
soare,clint,awful,pinch
soare,clint,awful,finch
soare,clint,light,limit
soare,clint,light,light
soare,clint,civic,cubic
soare,clint,civic,civic
soare,clint,gulch,mulch
soare,clint,gulch,lucky
soare,clint,gulch,gulch
soare,clint,clung
soare,clint,bully,bully
soare,clint,bully,adage,gully
soare,clint,bully,adage,dully
soare,clint,bully,adage,fully
soare,clint,bully,lumpy
soare,clint,bully,lymph
soare,clint,bully,pulpy
soare,clint,bully,bulky
soare,clint,filth,tulip
soare,clint,filth,filth
soare,clint,build,guild
soare,clint,build,quill
soare,clint,build,build
soare,clint,blimp
soare,clint,flung,flung
soare,clint,flung,flunk
soare,clint,flung,plunk
soare,clint,cling,clink
soare,clint,cling,cling
soare,clint,chunk
soare,clint,whiff
soare,clint,aband,butch
soare,clint,aband,hutch
soare,clint,aband,dutch
soare,clint,thick
soare,clint,thing,tying
soare,clint,thing,think
soare,clint,thing,thing
soare,clint,thigh
soare,clint,aduki,child
soare,clint,aduki,chili
soare,clint,aduki,chill
soare,clint,until
soare,clint,bunny,funny
soare,clint,bunny,bunny
soare,clint,cluck,clump
soare,clint,cluck,cluck
soare,cyton,donor,honor
soare,cyton,donor,donor
soare,cyton,motor,rotor
soare,cyton,motor,motor
soare,cyton,rocky
soare,cyton,color
soare,cyton,north
soare,cyton,porch
soare,cyton,roomy,roomy
soare,cyton,roomy,rowdy
soare,cyton,roomy,wordy
soare,cyton,robot
soare,cyton,forth,forth
soare,cyton,forth,worth
soare,cyton,forty
soare,cyton,moron
soare,cyton,forum,morph
soare,cyton,forum,rough
soare,cyton,forum,world
soare,cyton,forum,forgo
soare,cyton,forum,forum
soare,cyton,round
soare,cyton,corny
soare,cyton,robin
soare,cyton,torch
soare,cyton,horny
soare,chant,shore
soare,chant,store
soare,chant,snore
soare,chant,score
soare,chant,spore,spore
soare,chant,spore,swore
soare,faugh,gorge
soare,faugh,horde
soare,faugh,force,forte
soare,faugh,force,force
soare,faugh,borne
soare,faugh,rogue
soare,faugh,rouge
soare,faugh,forge
soare,faugh,route
soare,loamy,koala
soare,loamy,coach
soare,loamy,loamy
soare,loamy,loath
soare,loamy,foamy
soare,chugs,amass
soare,chugs,class
soare,chugs,quasi
soare,chugs,clash
soare,chugs,clasp
soare,chugs,gnash
soare,chugs,quash
soare,chugs,blast,blast
soare,chugs,blast,psalm
soare,chugs,blast,flask
soare,chugs,awash,awash
soare,chugs,awash,flash
soare,chugs,chasm
soare,chugs,glass
soare,abaca,agora
soare,abaca,acorn
soare,abaca,flora
soare,abaca,adorn
soare,abaca,macro
soare,abaca,abort
soare,atony,sooth
soare,atony,soggy
soare,atony,sooty
soare,atony,sonic
soare,atony,solid
soare,atony,south
soare,atony,sound
soare,roach
soare,abaft,blare
soare,abaft,aware
soare,abaft,flare
soare,abaft,glare
soare,afire,afire
soare,afire,azure
soare,fitch,curry
soare,fitch,hurry
soare,fitch,chirp
soare,fitch,flirt
soare,fitch,whirl
soare,fitch,blurb
soare,fitch,churn
soare,fitch,furry
soare,fitch,myrrh
soare,fitch,quirk
soare,fitch,blurt
soare,fitch,third
soare,fitch,twirl
soare,lathy,heard
soare,lathy,beard,rearm
soare,lathy,beard,beard
soare,lathy,yearn
soare,lathy,learn
soare,lathy,weary
soare,lathy,heart
soare,lathy,teary
soare,lathy,pearl
soare,bundt,drone
soare,bundt,probe
soare,bundt,crone,crone
soare,bundt,crone,prone
soare,bundt,trope,trope
soare,bundt,trope,trove
soare,bundt,trope,wrote
soare,bundt,drove
soare,bundt,grope,grove
soare,bundt,grope,grope
soare,bundt,grope,froze
soare,bundt,grope,prove
soare,bundt,erode
soare,bundt,broke
soare,acids,dross
soare,acids,frost
soare,acids,cross
soare,acids,visor
soare,acids,gross
soare,cuppy,scrap
soare,cuppy,spray
soare,cuppy,strap
soare,cuppy,sugar
soare,cuppy,stray
soare,cuppy,scram
soare,cuppy,satyr
soare,cuppy,straw
soare,dempt,steak,steak
soare,dempt,steak,steal
soare,dempt,sepia
soare,dempt,stead
soare,dempt,sweat
soare,dempt,sneak
soare,dempt,sedan
soare,dempt,speak
soare,dempt,steam
soare,cloot,octal
soare,cloot,talon
soare,cloot,allot
soare,cloot,macho
soare,cloot,aloof
soare,cloot,canon
soare,cloot,along,aloud
soare,cloot,along,along
soare,cloot,taboo
soare,cloot,aglow
soare,cloot,baton
soare,cloot,about,about
soare,cloot,about,adopt
soare,cloot,afoul,viola
soare,cloot,afoul,afoul
soare,cloot,abaft,aloft
soare,cloot,abaft,float
soare,cloot,abaft,bloat
soare,cloot,abaft,gloat
soare,cloot,cacao
soare,cloot,abbot
soare,cloot,atoll
soare,cloot,cloak
soare,cloot,allow,alloy
soare,cloot,allow,allow
soare,cloot,annoy,axion
soare,cloot,annoy,axiom
soare,cloot,annoy,wagon
soare,cloot,annoy,annoy
soare,cloot,annoy,bayou
soare,cloot,quota
soare,cloot,afoot
soare,cloot,banjo,banjo
soare,cloot,banjo,mango
soare,cloot,banjo,mambo
soare,cloot,banjo,audio
soare,cloot,agony,agony
soare,cloot,agony,avoid
soare,cloot,agony,among
soare,cloot,offal
soare,cloot,patio,tango
soare,cloot,patio,patio
soare,cloot,bacon,havoc
soare,cloot,bacon,bacon
soare,arbor,apron
soare,arbor,ardor,ardor
soare,arbor,ardor,armor
soare,arbor,carol,carol
soare,arbor,carol,rayon
soare,arbor,carol,tarot
soare,arbor,abhor
soare,arbor,croak,croak
soare,arbor,croak,groan
soare,arbor,croak,organ
soare,arbor,arrow
soare,arbor,labor
soare,arbor,actor
soare,arbor,vinyl,major
soare,arbor,vinyl,mayor
soare,arbor,vinyl,manor
soare,arbor,vinyl,vapor
soare,arbor,vinyl,favor
soare,arbor,vinyl,valor
soare,arbor,arbor
soare,arbor,radio,ratio
soare,arbor,radio,cargo
soare,arbor,radio,radio
soare,arbor,broad
soare,arbor,razor
soare,arbor,baron
soare,arbor,aroma
soare,pling,smile
soare,pling,snipe
soare,pling,singe
soare,pling,aback,spite
soare,pling,aback,spice
soare,pling,aback,spike
soare,pling,segue
soare,pling,ached,slice
soare,pling,ached,slide
soare,pling,ached,slime
soare,pling,sieve
soare,pling,siege
soare,pling,shine,shine
soare,pling,shine,swine
soare,pling,sense
soare,pling,spine
soare,pling,since
soare,pling,scene
soare,pling,smite,suite
soare,pling,smite,smite
soare,pling,smite,seize
soare,pling,style
soare,pling,snide
soare,clipt,train
soare,clipt,flair
soare,clipt,trail
soare,clipt,trawl
soare,clipt,brawl,drawl
soare,clipt,brawl,brawl
soare,clipt,wrack
soare,clipt,frail,frail
soare,clipt,frail,grail
soare,clipt,draft,graft
soare,clipt,draft,grant
soare,clipt,draft,draft
soare,clipt,prank,prawn
soare,clipt,prank,prank
soare,clipt,graph
soare,clipt,braid,braid
soare,clipt,braid,brain
soare,clipt,braid,grain
soare,clipt,braid,drain
soare,clipt,crack,crazy
soare,clipt,crack,crack
soare,clipt,crack,crank
soare,clipt,crawl
soare,clipt,chair
soare,clipt,track
soare,clipt,craft
soare,clipt,trait
soare,clipt,wrath
soare,clipt,brand,brawn
soare,clipt,brand,drawn
soare,clipt,brand,frank
soare,clipt,brand,grand
soare,clipt,brand,drama
soare,clipt,brand,fraud
soare,clipt,brand,brand
soare,clipt,brand,gravy
soare,clipt,brand,drank
soare,clipt,cramp
soare,clipt,tramp
soare,clipt,tract
soare,dault,salsa
soare,dault,sandy
soare,dault,apish,sappy
soare,dault,apish,sassy
soare,dault,apish,savvy
soare,dault,sadly
soare,dault,squat
soare,dault,squad
soare,dault,salad
soare,dault,scuba
soare,dault,saint
soare,dault,sally
soare,dault,sigma
soare,dault,satin
soare,dault,splat
soare,dault,saucy,saucy
soare,dault,saucy,sauna
soare,dault,sumac
soare,dault,salty
soare,roast
soare,shire,shire
soare,shire,spire
soare,harsh,marsh
soare,harsh,raspy
soare,harsh,harsh
soare,harsh,artsy
soare,arose
soare,ampul,amuse
soare,ampul,abuse
soare,ampul,masse
soare,ampul,aisle
soare,ampul,cause
soare,ampul,paste
soare,ampul,bacha,haste
soare,ampul,bacha,taste,taste
soare,ampul,bacha,taste,waste
soare,ampul,bacha,baste
soare,ampul,bacha,caste
soare,ampul,aside
soare,ampul,false
soare,ampul,lapse
soare,ampul,pause
soare,agloo,gloss
soare,agloo,gusto
soare,agloo,ghost
soare,agloo,kiosk
soare,agloo,bison
soare,agloo,floss
soare,agloo,disco
soare,butch,strut
soare,butch,syrup
soare,butch,surly
soare,butch,strip
soare,butch,scrum
soare,butch,shrub
soare,butch,sprig
soare,butch,scrub
soare,butch,shrug
