stale,itchy
stale,ampul,smell
stale,ampul,shell,swell
stale,ampul,shell,shell
stale,ampul,spell
stale,ampul,shelf
stale,dowry,quell
stale,dowry,yield
stale,dowry,whelp
stale,dowry,wield
stale,dowry,dwell
stale,dowry,belly,jelly
stale,dowry,belly,belly
stale,dowry,cello,cello
stale,dowry,cello,hello
stale,dowry,reply
stale,dowry,field
stale,dowry,newly
stale,plink,slimy
stale,plink,sulky
stale,plink,solid
stale,plink,spoil
stale,plink,slunk
stale,plink,spool
stale,plink,sling
stale,plink,silky
stale,plink,slung
stale,plink,scowl
stale,plink,slick
stale,plink,swirl
stale,plink,slosh,slush
stale,plink,slosh,slosh
stale,plink,slump,slurp
stale,plink,slump,slump
stale,plink,slump,sloop
stale,plink,slink
stale,furol,album,album
stale,furol,album,laugh
stale,furol,aloof
stale,furol,laced,modal
stale,furol,laced,local
stale,furol,laced,loyal
stale,furol,laced,zonal
stale,furol,laced,vocal
stale,furol,pupal
stale,furol,mural,rural
stale,furol,mural,mural
stale,furol,flora
stale,furol,larva
stale,furol,rival
stale,furol,annul
stale,furol,focal
stale,furol,labor,labor
stale,furol,labor,valor
stale,furol,molar,molar
stale,furol,molar,polar
stale,furol,offal
stale,furol,coral,moral
stale,furol,coral,coral
stale,furol,aglow,allow
stale,furol,aglow,alloy
stale,furol,aglow,aglow
stale,furol,carol
stale,furol,royal
stale,furol,viral
stale,furol,along,along
stale,furol,along,polka
stale,furol,along,cloak
stale,furol,aloud
stale,furol,final
stale,furol,lunar
stale,furol,afoul
stale,furol,awful
stale,furol,inlay,valid
stale,furol,inlay,lilac
stale,furol,inlay,alpha
stale,furol,inlay,balmy
stale,furol,inlay,allay
stale,furol,inlay,bylaw
stale,furol,inlay,lanky
stale,furol,inlay,iliac
stale,furol,inlay,inlay
stale,furol,inlay,align
stale,furol,inlay,alibi
stale,furol,banal,axial
stale,furol,banal,anvil
stale,furol,banal,cabal
stale,furol,banal,naval
stale,furol,banal,cavil
stale,furol,banal,banal
stale,furol,banal,papal
stale,furol,banal,canal
stale,furol,ralph
stale,courd,rowdy,donor
stale,courd,rowdy,wordy
stale,courd,rowdy,rowdy
stale,courd,chuck,chump
stale,courd,chuck,chuck
stale,courd,chuck,chunk
stale,courd,occur
stale,courd,dumpy,dummy
stale,courd,dumpy,dumpy
stale,courd,dumpy,buddy
stale,courd,dumpy,muddy
stale,courd,dumpy,pudgy
stale,courd,corny
stale,courd,croup,curio
stale,courd,croup,croup
stale,courd,rough
stale,courd,couch,couch
stale,courd,couch,cough
stale,courd,ruddy
stale,courd,birch,brick
stale,courd,birch,birch
stale,courd,birch,prick
stale,courd,chord
stale,courd,curvy
stale,courd,fjord
stale,courd,bongo,bobby
stale,courd,bongo,foggy
stale,courd,bongo,woozy
stale,courd,bongo,goofy
stale,courd,bongo,booby,boozy
stale,courd,bongo,booby,booby
stale,courd,bongo,poppy
stale,courd,bongo,hobby
stale,courd,bongo,going
stale,courd,bongo,bongo
stale,courd,ovoid
stale,courd,chock
stale,courd,drunk
stale,courd,grind,grind
stale,courd,grind,rigid
stale,courd,dingy,biddy
stale,courd,dingy,giddy
stale,courd,dingy,dying
stale,courd,dingy,dizzy
stale,courd,dingy,dingy
stale,courd,dingy,windy
stale,courd,crick,crimp
stale,courd,crick,crick
stale,courd,baggy,privy
stale,courd,baggy,briny
stale,courd,baggy,bring
stale,courd,baggy,brink
stale,courd,baggy,wring
stale,courd,baggy,grimy
stale,courd,pouch,pouch
stale,courd,pouch,vouch
stale,courd,dough
stale,courd,hydro
stale,courd,frock
stale,courd,druid
stale,courd,gimpy,humph
stale,courd,gimpy,guppy
stale,courd,gimpy,mummy
stale,courd,gimpy,puffy
stale,courd,gimpy,puppy
stale,courd,gimpy,fungi
stale,courd,gimpy,unify
stale,courd,gimpy,buggy
stale,courd,gimpy,funky,hunky
stale,courd,gimpy,funky,funky
stale,courd,gimpy,funky,fuzzy
stale,courd,gimpy,funky,funny
stale,courd,gimpy,funky,bunny
stale,courd,gimpy,gummy
stale,courd,gimpy,unzip
stale,courd,gimpy,jumpy
stale,courd,hempy,quick
stale,courd,hempy,juicy
stale,courd,hempy,punch
stale,courd,hempy,hunch
stale,courd,hempy,pubic
stale,courd,hempy,munch
stale,courd,hempy,bunch
stale,courd,hempy,mucky
stale,courd,fawny,picky
stale,courd,fawny,pinch
stale,courd,fawny,which
stale,courd,fawny,finch
stale,courd,fawny,mimic
stale,courd,fawny,icing
stale,courd,fawny,winch
stale,courd,brood,brood
stale,courd,brood,frond
stale,courd,ivory
stale,courd,duchy
stale,courd,worry
stale,courd,bough,young
stale,courd,bough,bough
stale,courd,furry,hurry
stale,courd,furry,quirk
stale,courd,furry,furry
stale,courd,forum
stale,courd,nymph,hippy
stale,courd,nymph,wimpy
stale,courd,nymph,fizzy,jiffy
stale,courd,nymph,fizzy,fizzy
stale,courd,nymph,pygmy
stale,courd,nymph,ninny
stale,courd,nymph,nymph
stale,courd,nymph,pinky
stale,courd,nymph,vying
stale,courd,nymph,whiny
stale,courd,nymph,kinky
stale,courd,nymph,minim
stale,courd,nymph,whiff
stale,courd,nymph,piggy
stale,courd,micro
stale,courd,dowry
stale,courd,vivid
stale,courd,knock
stale,courd,gumbo,buxom
stale,courd,gumbo,union
stale,courd,gumbo,jumbo
stale,courd,gumbo,opium
stale,courd,gumbo,gumbo
stale,courd,churn
stale,courd,humid,humid
stale,courd,humid,undid
stale,courd,horny,morph
stale,courd,horny,moron
stale,courd,horny,horny
stale,courd,horny,honor
stale,courd,horny,robin
stale,courd,horny,forgo
stale,courd,horny,roomy
stale,courd,condo
stale,courd,crumb,crumb
stale,courd,crumb,crump
stale,courd,comic,conic
stale,courd,comic,comfy
stale,courd,comic,conch
stale,courd,comic,comic
stale,courd,drink
stale,courd,anion,crown
stale,courd,anion,choir
stale,courd,anion,crony
stale,courd,anion,crook
stale,courd,anion,crock
stale,courd,cinch,cinch
stale,courd,cinch,cynic
stale,courd,cinch,civic
stale,courd,cinch,chick
stale,courd,murky,rugby
stale,courd,murky,murky
stale,courd,mourn
stale,courd,gimpy,minor
stale,courd,gimpy,groom
stale,courd,gimpy,groin
stale,courd,gimpy,primo
stale,courd,gimpy,rhino
stale,courd,gimpy,proof
stale,courd,gimpy,grown
stale,courd,gimpy,irony
stale,courd,gimpy,wrong
stale,courd,gimpy,broom
stale,courd,gimpy,prior
stale,courd,gimpy,proxy
stale,courd,gimpy,prong
stale,courd,gimpy,brook,brown
stale,courd,gimpy,brook,frown
stale,courd,gimpy,brook,brook
stale,courd,gimpy,rigor,rigor
stale,courd,gimpy,rigor,vigor
stale,courd,dingo,widow
stale,courd,dingo,idiom
stale,courd,dingo,dingo
stale,courd,cubic,cubic
stale,courd,cubic,cumin
stale,courd,inbox,onion
stale,courd,inbox,whoop
stale,courd,inbox,phony
stale,courd,inbox,owing
stale,courd,inbox,known
stale,courd,inbox,hippo
stale,courd,inbox,inbox
stale,courd,inbox,bingo
stale,courd,incur
stale,courd,bumph,hound
stale,courd,bumph,found,wound
stale,courd,bumph,found,found
stale,courd,bumph,pound
stale,courd,bumph,mound
stale,courd,bumph,bound
stale,courd,crowd
stale,courd,furor,furor
stale,courd,furor,rumor
stale,courd,furor,humor
stale,courd,furor,juror
stale,courd,furor,group
stale,courd,ionic,pooch
stale,courd,ionic,ionic
stale,courd,porch,rocky
stale,courd,porch,porch
stale,courd,chirp
stale,courd,droop,drown
stale,courd,droop,droop
stale,courd,curry
stale,courd,round
stale,courd,proud
stale,courd,gourd
stale,courd,gruff,gruff
stale,courd,gruff,wrung
stale,courd,dowdy,woody
stale,courd,dowdy,dodgy
stale,courd,dowdy,doing
stale,courd,dowdy,goody,moody
stale,courd,dowdy,goody,goody
stale,courd,dowdy,howdy
stale,courd,dowdy,downy
stale,courd,dowdy,dowdy
stale,courd,myrrh
stale,brugh,crass
stale,brugh,awash
stale,brugh,quasi
stale,brugh,amass
stale,brugh,gnash
stale,brugh,quash
stale,brugh,brass
stale,brugh,grasp,grass
stale,brugh,grasp,grasp
stale,brugh,chaos,chaos
stale,brugh,chaos,chasm
stale,brugh,brash
stale,brugh,crash
stale,dealt,dealt
stale,dealt,exalt
stale,attic
stale,atoll
stale,hepar,sneak
stale,hepar,shear
stale,hepar,safer,saner
stale,hepar,safer,safer
stale,hepar,sedan
stale,hepar,spear
stale,hepar,smear,swear
stale,hepar,smear,smear
stale,hepar,sepia
stale,hepar,speak
stale,pully,skulk
stale,pully,surly
stale,pully,scold
stale,pully,silly
stale,pully,sully
stale,pully,shyly
stale,pully,spill
stale,pully,skull
stale,pully,skill,swill
stale,pully,skill,skill
stale,pully,slyly
stale,elate,plate
stale,elate,elate
stale,fount,tulip
stale,fount,glint
stale,fount,clout
stale,fount,cloth
stale,fount,flirt
stale,fount,lofty
stale,fount,blunt
stale,fount,flout
stale,fount,blurt
stale,fount,light,light
stale,fount,light,limit
stale,fount,filth
stale,fount,until
stale,fount,unlit
stale,fount,pilot
stale,fount,blitz,blitz
stale,fount,blitz,twirl
stale,fount,flint
stale,chirt,tract
stale,chirt,thank
stale,chirt,draft,grant
stale,chirt,draft,draft
stale,chirt,draft,graft
stale,chirt,tiara
stale,chirt,apart,apart
stale,chirt,apart,quart
stale,chirt,trait
stale,chirt,tramp
stale,chirt,track
stale,chirt,await,await
stale,chirt,await,giant
stale,chirt,craft
stale,chirt,wrath
stale,chirt,adapt
stale,chirt,chart
stale,chirt,train
stale,chirt,chant
stale,chirt,twang
stale,ferny,learn
stale,ferny,pearl
stale,ferny,leach
stale,ferny,email
stale,ferny,leaky
stale,ferny,leafy
stale,north,fritz
stale,north,quoth
stale,north,month
stale,north,booty,motto
stale,north,booty,booty
stale,north,booty,pouty
stale,north,thing,thing
stale,north,thing,think
stale,north,input,input
stale,north,input,tying
stale,north,input,uncut
stale,north,input,unfit
stale,north,input,tunic
stale,north,thorn
stale,north,forty
stale,north,torch
stale,north,night
stale,north,notch
stale,north,abamp,mirth
stale,north,abamp,birth
stale,north,abamp,girth
stale,north,ninth
stale,north,fifth,width
stale,north,fifth,fifth
stale,north,photo
stale,north,thump,thick
stale,north,thump,might
stale,north,thump,thumb
stale,north,thump,thump
stale,north,thump,fight,wight
stale,north,thump,fight,fight
stale,north,thump,tight
stale,north,thump,pithy
stale,north,front,front
stale,north,front,intro
stale,north,bemix,motif
stale,north,bemix,doubt
stale,north,bemix,toddy
stale,north,bemix,vomit
stale,north,bemix,toxic
stale,north,bemix,topic
stale,north,trout,droit
stale,north,trout,tutor
stale,north,trout,grout
stale,north,trout,tumor
stale,north,trout,troop
stale,north,trout,orbit
stale,north,trout,trout
stale,north,brunt,grunt
stale,north,brunt,print
stale,north,brunt,brunt
stale,north,brunt,trunk
stale,north,digit,twixt
stale,north,digit,digit
stale,north,digit,timid
stale,north,turbo
stale,north,nutty
stale,north,dirty
stale,north,motor,robot
stale,north,motor,rotor
stale,north,motor,motor
stale,north,motor,court
stale,north,ditto
stale,north,minty,minty
stale,north,minty,unity
stale,north,throb,throw
stale,north,throb,throb
stale,north,truth
stale,north,biped,thigh
stale,north,biped,butch
stale,north,biped,dutch
stale,north,biped,hitch,hitch
stale,north,biped,hitch,witch
stale,north,biped,ditch
stale,north,biped,hutch
stale,north,biped,pitch
stale,north,junto,junto
stale,north,junto,pinto
stale,north,batik,bitty
stale,north,batik,fifty
stale,north,batik,ditty,ditty
stale,north,batik,ditty,witty
stale,north,batik,putty
stale,north,batik,kitty
stale,north,broth,broth
stale,north,broth,froth
stale,north,forth,worth
stale,north,forth,forth
stale,north,burnt
stale,north,ought
stale,north,bigot,bigot
stale,north,bigot,optic
stale,north,bigot,outdo
stale,north,bigot,idiot
stale,north,bigot,outgo
stale,north,bigot,pivot
stale,north,abohm,booth
stale,north,abohm,tooth
stale,north,abohm,youth
stale,north,abohm,mouth
stale,north,ingot
stale,north,thrum
stale,north,botch,tough
stale,north,botch,touch
stale,north,botch,botch
stale,north,north
stale,north,thong
stale,north,cajun,point
stale,north,cajun,donut
stale,north,cajun,tonic
stale,north,cajun,toxin
stale,north,cajun,joint
stale,north,cajun,mount
stale,north,cajun,count
stale,north,trick,trick
stale,north,trick,truck
stale,north,trick,fruit
stale,north,trick,trump
stale,north,trick,crypt
stale,north,trick,drift
stale,north,right,right
stale,north,right,third
stale,chapt,swept
stale,chapt,sweet
stale,chapt,spent
stale,chapt,sheet
stale,chapt,setup
stale,chapt,scent
stale,bedim,blame
stale,bedim,franc,glaze
stale,bedim,franc,glare
stale,bedim,franc,plane
stale,bedim,franc,place
stale,bedim,franc,flare
stale,bedim,franc,flake
stale,bedim,flame
stale,bedim,glade
stale,bedim,leave
stale,bedim,blade
stale,bedim,blare,blaze
stale,bedim,blare,blare
stale,close,loose
stale,close,pulse
stale,close,close
stale,close,louse
stale,tense,terse
stale,tense,those
stale,tense,these
stale,tense,tense
stale,churn,graph
stale,churn,chaff,champ
stale,churn,chaff,chaff
stale,churn,coach
stale,churn,whack
stale,churn,roach
stale,churn,piano
stale,churn,chard,chard
stale,churn,chard,charm
stale,churn,khaki
stale,churn,award,ovary
stale,churn,award,award
stale,churn,award,dwarf
stale,churn,award,board
stale,churn,award,diary
stale,churn,guard,guard
stale,churn,guard,quark
stale,churn,abide,prawn
stale,churn,abide,brawn
stale,churn,abide,drawn
stale,churn,abide,brain
stale,churn,abide,drain
stale,churn,abide,grain
stale,churn,fraud
stale,churn,hoard
stale,churn,wharf
stale,churn,chain
stale,churn,braid,gravy
stale,churn,braid,drama
stale,churn,braid,bravo
stale,churn,braid,braid
stale,churn,guava
stale,churn,foamy
stale,churn,aback
stale,churn,knack
stale,churn,crank
stale,churn,chair
stale,churn,wrack
stale,churn,again
stale,churn,bifid,brand
stale,churn,bifid,drank
stale,churn,bifid,frank
stale,churn,bifid,prank
stale,churn,bifid,grand
stale,churn,abysm,crack
stale,churn,abysm,crazy
stale,churn,abysm,cramp
stale,churn,quack
stale,chirk,shank
stale,chirk,scamp
stale,chirk,shady
stale,chirk,spank
stale,chirk,spasm,spawn
stale,chirk,spasm,soapy
stale,chirk,spasm,swamp
stale,chirk,spasm,spasm
stale,chirk,smack,snack
stale,chirk,smack,smack
stale,chirk,shack
stale,chirk,spark
stale,chirk,scarf,scary
stale,chirk,scarf,scarf
stale,chirk,shaky
stale,chirk,swarm
stale,chirk,shark
stale,chirk,smash,swash
stale,chirk,smash,smash
stale,chirk,shard,sharp
stale,chirk,shard,shard
stale,chirk,swami
stale,chirk,snaky
stale,boeuf,lupus
stale,boeuf,gloss
stale,boeuf,bliss
stale,boeuf,lousy
stale,boeuf,flush
stale,boeuf,locus
stale,boeuf,blush
stale,boeuf,floss
stale,boeuf,plush
stale,steel
stale,chirp,spare
stale,chirp,dumka,shade
stale,chirp,dumka,shave
stale,chirp,dumka,shake
stale,chirp,dumka,shame
stale,chirp,snake,snake
stale,chirp,snake,suave
stale,chirp,shape
stale,chirp,scare
stale,chirp,snare
stale,chirp,spade
stale,chirp,share
stale,chirp,space
stale,abaft,yeast
stale,abaft,feast
stale,abaft,beast
stale,lathe,latte
stale,lathe,lathe
stale,prink,stack
stale,prink,stark
stale,prink,staff,staff
stale,prink,staff,stash
stale,prink,stand
stale,prink,stank
stale,prink,start
stale,prink,stain
stale,prink,staid
stale,prink,stair
stale,prink,stamp
stale,natty,vista
stale,natty,waist
stale,natty,angst
stale,natty,pasta
stale,natty,ascot
stale,natty,nasty
stale,natty,hasty,pasty
stale,natty,hasty,hasty
stale,natty,tasty
stale,natty,patsy
stale,natty,artsy
stale,atone
stale,scale,shale
stale,scale,scale
stale,argan,glean
stale,argan,gavel
stale,argan,legal
stale,argan,angel
stale,argan,abamp,lapel
stale,argan,abamp,label
stale,argan,abamp,hazel
stale,argan,abamp,camel
stale,argan,clean
stale,argan,navel,navel
stale,argan,navel,panel
stale,argan,medal,fecal
stale,argan,medal,bleak
stale,argan,medal,medal
stale,argan,medal,equal
stale,argan,medal,pedal
stale,argan,medal,plead
stale,argan,medal,delay
stale,argan,medal,ideal
stale,argan,medal,decal
stale,argan,penal
stale,argan,regal
stale,argan,renal
stale,argan,alien
stale,argan,relax,relay
stale,argan,relax,clear
stale,argan,relax,relax
stale,argan,relax,feral
stale,argan,abled,alley
stale,argan,abled,abled
stale,argan,lager
stale,argan,laden
stale,argan,bagel
stale,argan,baler,layer
stale,argan,baler,paler
stale,argan,baler,baler
stale,argan,gleam
stale,tease
stale,crimp,amaze
stale,crimp,image
stale,crimp,awake,evade,evade
stale,crimp,awake,evade,heave
stale,crimp,awake,adage
stale,crimp,awake,weave
stale,crimp,awake,quake
stale,crimp,awake,awake
stale,crimp,awake,knave
stale,crimp,drape,grape
stale,crimp,drape,drape
stale,crimp,agape
stale,crimp,anvil,crane
stale,crimp,anvil,crave
stale,crimp,anvil,craze
stale,crimp,chafe
stale,crimp,brace,brace
stale,crimp,brace,grace
stale,crimp,inane
stale,crimp,aware
stale,crimp,peace
stale,crimp,gived,grade
stale,crimp,gived,brake
stale,crimp,gived,graze
stale,crimp,gived,grave
stale,crimp,gived,drake
stale,crimp,gived,brave
stale,crimp,frame
stale,acred,steed
stale,acred,stern
stale,acred,steep
stale,acred,stein
stale,acred,steer
stale,spilt
stale,still,still
stale,still,stilt
stale,acold,slope
stale,acold,slide
stale,acold,slice
stale,acold,solve
stale,acold,slime
stale,asset
stale,chiru,spurt
stale,chiru,shout,shunt
stale,chiru,shout,shout
stale,chiru,shoot
stale,chiru,sooty
stale,chiru,scout
stale,chiru,skirt
stale,chiru,short
stale,chiru,sight,sight
stale,chiru,sight,sixth
stale,chiru,shift
stale,chiru,sixty
stale,chiru,snout,spout
stale,chiru,snout,snout
stale,chiru,south
stale,chiru,snort,snort
stale,chiru,snort,sport
stale,chiru,smith
stale,chiru,shirt
stale,chiru,sooth
stale,chiru,swift
stale,basal,lasso
stale,basal,basal
stale,basal,palsy
stale,basal,usual
stale,basal,nasal
stale,basal,basil
stale,salty,splat
stale,salty,salty
stale,pucer,unset
stale,pucer,crest
stale,pucer,wrest
stale,pucer,ester
stale,pucer,beset,onset
stale,pucer,beset,beset
stale,pucer,fetus
stale,pucer,pesto
stale,pucer,testy,exist
stale,pucer,testy,zesty
stale,pucer,testy,heist
stale,pucer,testy,testy
stale,pucer,guest,guest
stale,pucer,guest,quest
stale,pucer,reset
stale,pucer,upset
stale,pucer,chest
stale,amour,smote
stale,amour,suite
stale,amour,smite
stale,amour,spite
stale,mealy,realm
stale,mealy,mealy
stale,sweat
stale,caron,china
stale,caron,nadir,nadir
stale,caron,nadir,randy
stale,caron,nadir,rainy
stale,caron,wagon
stale,caron,axion
stale,caron,woman
stale,caron,annoy
stale,caron,cargo
stale,caron,havoc
stale,caron,carry
stale,caron,borax,foray
stale,caron,borax,borax
stale,caron,manor
stale,caron,agony,gonad
stale,caron,agony,agony
stale,caron,agony,among
stale,caron,agony,nomad
stale,caron,canon
stale,caron,arrow
stale,caron,rayon
stale,caron,mambo
stale,caron,adorn,groan
stale,caron,adorn,adorn
stale,caron,adorn,organ
stale,caron,vicar
stale,caron,aging,ninja
stale,caron,aging,aping
stale,caron,aging,aging
stale,caron,macaw,wacky
stale,caron,macaw,macaw
stale,caron,macaw,magic
stale,caron,banjo,mango
stale,caron,banjo,banjo
stale,caron,bifid,rabid
stale,caron,bifid,radii
stale,caron,bifid,fairy
stale,caron,bifid,rapid
stale,caron,bifid,rabbi
stale,caron,bifid,rajah
stale,caron,bifid,hairy
stale,caron,bifid,dairy
stale,caron,bifid,radar
stale,caron,macro
stale,caron,cacao
stale,caron,axiom
stale,caron,abamp,ardor
stale,caron,abamp,abhor
stale,caron,abamp,armor
stale,caron,abamp,arbor
stale,caron,radio
stale,caron,macho
stale,caron,circa
stale,caron,agora,broad
stale,caron,agora,aroma
stale,caron,agora,agora
stale,caron,angry
stale,caron,deify,manga
stale,caron,deify,handy
stale,caron,deify,fanny
stale,caron,deify,fauna
stale,caron,deify,dandy
stale,caron,deify,mania
stale,caron,deify,mangy,nanny
stale,caron,deify,mangy,mangy
stale,caron,cabin
stale,caron,cobra,croak
stale,caron,cobra,cobra
stale,caron,affix,affix
stale,caron,affix,pizza
stale,caron,affix,aphid
stale,caron,acorn
stale,caron,urban
stale,caron,march
stale,caron,mocha
stale,caron,admin,admin
stale,caron,admin,human
stale,caron,admin,avian
stale,caron,acrid
stale,caron,pagan
stale,caron,ranch
stale,caron,cigar
stale,caron,candy,candy
stale,caron,candy,canny
stale,caron,baron
stale,caron,rumba,rumba
stale,caron,rumba,friar
stale,caron,rumba,umbra
stale,caron,rumba,augur
stale,caron,rumba,briar
stale,caron,jivey,razor
stale,caron,jivey,vapor
stale,caron,jivey,major
stale,caron,jivey,favor
stale,caron,jivey,mayor
stale,caron,cabby,caddy
stale,caron,cabby,cabby
stale,caron,cairn
stale,caron,audio,vodka
stale,caron,audio,avoid
stale,caron,audio,audio
stale,caron,audio,dogma
stale,caron,array
stale,caron,manic,manic
stale,caron,manic,fancy
stale,caron,manic,panic
stale,caron,chirp,harry
stale,caron,chirp,harpy
stale,caron,chirp,hardy
stale,caron,chirp,parka
stale,caron,chirp,karma
stale,caron,chirp,parry
stale,caron,chirp,marry
stale,caron,apron
stale,caron,cocoa
stale,caron,comma
stale,caron,midgy,happy,jazzy
stale,caron,midgy,happy,happy
stale,caron,midgy,kayak
stale,caron,midgy,gamma
stale,caron,midgy,kappa
stale,caron,midgy,baggy
stale,caron,midgy,madam
stale,caron,midgy,gaudy
stale,caron,midgy,bawdy
stale,caron,midgy,mafia,maxim
stale,caron,midgy,mafia,mafia
stale,caron,midgy,mammy
stale,caron,midgy,magma
stale,caron,midgy,daddy,daddy
stale,caron,midgy,daddy,paddy
stale,caron,midgy,gawky
stale,caron,midgy,vapid
stale,caron,midgy,mamma
stale,caron,bacon
stale,caron,bayou
stale,slate
stale,tatar,abamp,tamer
stale,tatar,abamp,taper
stale,tatar,abamp,taker
stale,tatar,tread
stale,tatar,tweak
stale,tatar,beech,water
stale,tatar,beech,cater
stale,tatar,beech,hater
stale,tatar,beech,eater
stale,tatar,after
stale,tatar,great
stale,tatar,treat
stale,tatar,taken
stale,tatar,eaten,eaten
stale,tatar,eaten,matey
stale,tatar,terra
stale,tatar,avert
stale,tatar,extra
stale,tatar,earth
stale,tatar,cheat,begat
stale,tatar,cheat,wheat
stale,tatar,cheat,cheat
stale,tatar,theta
stale,tatar,adept,adept
stale,tatar,adept,agent
stale,tatar,cadet,facet
stale,tatar,cadet,cadet
stale,aping,ample
stale,aping,angle
stale,aping,ankle
stale,aping,cable,fable
stale,aping,cable,ladle
stale,aping,cable,cable
stale,aping,agile
stale,aping,maple
stale,aping,apple
stale,aping,amble
stale,aping,eagle
stale,campy,scaly
stale,campy,scalp
stale,campy,small
stale,campy,scald
stale,campy,shall
stale,churn,teach
stale,churn,heart
stale,churn,death,heath
stale,churn,death,death
stale,churn,meaty
stale,churn,react
stale,churn,enact
stale,churn,meant
stale,churn,teary
stale,churn,exact
stale,etude
stale,cornu,nurse
stale,cornu,obese,obese
stale,cornu,obese,whose
stale,cornu,agami,moose
stale,cornu,agami,posse
stale,cornu,agami,goose
stale,cornu,agami,poise
stale,cornu,guise,guise
stale,cornu,guise,issue
stale,cornu,copse
stale,cornu,ensue
stale,cornu,house,mouse
stale,cornu,house,house
stale,cornu,purse
stale,cornu,chose
stale,cornu,horse,horse
stale,cornu,horse,worse
stale,cornu,dense
stale,cornu,prose
stale,cornu,rinse
stale,cornu,curse
stale,cornu,geese
stale,cornu,reuse
stale,cornu,rouse
stale,cornu,verse
stale,cornu,noise,noose
stale,cornu,noise,noise
stale,dwelt,dwelt
stale,dwelt,exult
stale,dwelt,knelt
stale,anker,stove
stale,anker,stone
stale,anker,store
stale,anker,stoke
stale,slant
stale,chalk,qualm
stale,chalk,chalk
stale,chalk,koala
stale,sadly,sadly
stale,sadly,sally
stale,fault,fault
stale,fault,adult
stale,fault,aptly
stale,fault,tally
stale,fault,vault
stale,acute,haute
stale,acute,acute
stale,acute,bathe
stale,anigh,slash
stale,anigh,slack
stale,anigh,snail
stale,anigh,slain
stale,anigh,snarl
stale,anigh,slang
stale,anigh,shawl
stale,aarti,trawl
stale,aarti,trail
stale,aarti,plait
stale,aarti,loath
stale,aarti,plant
stale,stale
stale,easel
stale,smile
stale,yupon,sassy,savvy
stale,yupon,sassy,sassy
stale,yupon,spray
stale,yupon,sugar,sugar
stale,yupon,sugar,sumac
stale,yupon,scrap
stale,yupon,savoy
stale,yupon,scuba,scuba
stale,yupon,scuba,squad
stale,yupon,sonar
stale,yupon,sauna
stale,yupon,savor
stale,yupon,saucy
stale,yupon,sappy
stale,yupon,sandy
stale,yupon,scram,scram
stale,yupon,scram,sigma
stale,leash
stale,ambry,weary
stale,ambry,yearn
stale,ambry,beady
stale,ambry,ready
stale,ambry,heady,heavy
stale,ambry,heady,heady
stale,ambry,peach
stale,ambry,beard
stale,ambry,heard
stale,ambry,rearm
stale,ambry,reach
stale,ambry,beach
stale,aches,flash
stale,aches,glass
stale,aches,clash
stale,aches,class
stale,aches,flask
stale,aches,clasp
stale,galvo,alike
stale,galvo,algae
stale,galvo,large
stale,galvo,value
stale,galvo,alive
stale,galvo,alone
stale,galvo,halve,valve
stale,galvo,halve,halve
stale,galvo,lance
stale,rohes,miser,wiser
stale,rohes,miser,miser
stale,rohes,guess
stale,rohes,risen,risen
stale,rohes,risen,riser
stale,rohes,resin
stale,rohes,verso
stale,rohes,rebus
stale,rohes,nosey
stale,rohes,chess
stale,rohes,poser
stale,rohes,poesy
stale,rohes,usher
stale,rohes,bused
stale,rohes,pesky
stale,rohes,fresh
stale,rohes,ached,cress
stale,rohes,ached,dress
stale,rohes,ached,press
stale,smelt,spelt
stale,smelt,smelt
stale,sleet,sleet
stale,sleet,slept
stale,leant,leant
stale,leant,leapt
stale,least
stale,bever,devil
stale,bever,denim,liken
stale,bever,denim,lumen
stale,bever,denim,clued
stale,bever,denim,plied
stale,bever,denim,linen
stale,bever,denim,olden
stale,bever,denim,impel
stale,bever,denim,pixel
stale,bever,denim,golem
stale,bever,denim,dowel
stale,bever,denim,model
stale,bever,level
stale,bever,bluer
stale,bever,fluid,flier
stale,bever,fluid,ulcer
stale,bever,fluid,liner
stale,bever,fluid,ruler
stale,bever,fluid,idler
stale,bever,fluid,filer
stale,bever,fluid,flyer
stale,bever,fluid,older
stale,bever,fluid,plier
stale,bever,fluid,lower
stale,bever,elfin,elfin
stale,bever,elfin,fleck
stale,bever,celom,lemon
stale,bever,celom,helix
stale,bever,celom,leggy
stale,bever,celom,felon
stale,bever,celom,melon
stale,bever,celom,welch
stale,bever,hovel,hovel
stale,bever,hovel,novel
stale,bever,bevel
stale,bever,rebel
stale,bever,blend
stale,bever,elegy
stale,bever,jewel
stale,bever,libel
stale,bever,belch,below
stale,bever,belch,belch
stale,bever,cruel,cruel
stale,bever,cruel,gruel
stale,bever,bleed,bleep
stale,bever,bleed,bleed
stale,bever,vowel
stale,bever,liver,lover
stale,bever,liver,liver
stale,bever,repel
stale,bever,elder
stale,bever,leery
stale,bever,leech
stale,bever,elbow
stale,bever,lever
stale,bever,bezel
stale,bever,aheap,kneel
stale,bever,aheap,excel
stale,bever,aheap,expel
stale,bever,aheap,wheel
stale,bever,leper
stale,bever,clerk
stale,bever,peril,relic
stale,bever,peril,peril
stale,bever,bowel
stale,bever,revel
stale,bever,lemur
stale,skate
stale,durgy,argue
stale,durgy,gauge
stale,durgy,maybe,maybe
stale,durgy,maybe,payee
stale,durgy,azure
stale,durgy,adore
stale,durgy,barge
stale,durgy,range
stale,durgy,mange
stale,durgy,badge
stale,durgy,afire
stale,durgy,dance
stale,durgy,agree
stale,durgy,mauve
stale,durgy,carve,farce
stale,durgy,carve,carve
stale,durgy,naive,maize
stale,durgy,naive,waive
stale,durgy,naive,naive
stale,durgy,naive,cache
stale,durgy,naive,above
stale,durgy,naive,canoe
stale,durgy,naive,awoke
stale,durgy,naive,anime
stale,durgy,gauze,gauze
stale,durgy,gauze,vague
stale,durgy,gaffe
stale,durgy,abide,anode
stale,durgy,abide,abide
stale,durgy,abide,abode
stale,durgy,abide,adobe
stale,salve
stale,bogey,moult
stale,bogey,hotly
stale,bogey,truly
stale,bogey,guilt
stale,bogey,quilt
stale,bogey,troll
stale,bogey,built
stale,cymar,ocean,pecan
stale,cymar,ocean,ocean
stale,cymar,harem
stale,cymar,dream
stale,cymar,cedar
stale,cymar,aloha,apnea
stale,cymar,aloha,annex
stale,cymar,aloha,haven
stale,cymar,aloha,oaken
stale,cymar,aloha,waxen
stale,cymar,cheap
stale,cymar,caper
stale,cymar,decay
stale,cymar,amend,amend
stale,cymar,amend,enema
stale,cymar,amend,omega
stale,cymar,amend,media
stale,cymar,mecca
stale,cymar,abbey
stale,cymar,amber,amber
stale,cymar,amber,maker
stale,cymar,cream
stale,cymar,recap
stale,cymar,bawds,freak
stale,cymar,bawds,dread
stale,cymar,bawds,rehab
stale,cymar,bawds,wreak
stale,cymar,bawds,break
stale,cymar,bawds,bread
stale,cymar,hyena
stale,cymar,gamer
stale,cymar,ramen
stale,cymar,gayer,gayer
stale,cymar,gayer,payer
stale,cymar,creak
stale,cymar,racer
stale,cymar,began,vegan
stale,cymar,began,knead
stale,cymar,began,began
stale,cymar,began,kebab
stale,cymar,began,ahead
stale,cymar,debar,rebar
stale,cymar,debar,debar
stale,cymar,gawks,baker
stale,cymar,gawks,wager
stale,cymar,gawks,aider
stale,cymar,gawks,wafer,wafer
stale,cymar,gawks,wafer,waver
stale,cymar,gawks,anger
stale,cymar,gawks,eager
stale,cymar,gawks,paper,parer
stale,cymar,gawks,paper,rarer
stale,cymar,gawks,paper,paper
stale,cymar,gawks,gazer
stale,cymar,cameo
stale,cymar,cagey
stale,cymar,repay
stale,cymar,arena,arena
stale,cymar,arena,opera
stale,cymar,arena,raven
stale,cymar,arena,zebra
stale,other,otter
stale,other,utter
stale,other,ethic
stale,other,ether
stale,other,other
stale,false,false
stale,false,lapse
stale,psalm
stale,droit,rusty
stale,droit,gusty,gusty
stale,droit,gusty,musty
stale,droit,roost
stale,droit,worst
stale,droit,first
stale,droit,posit
stale,droit,joust
stale,droit,twist
stale,droit,boost,boost
stale,droit,boost,ghost
stale,droit,tipsy
stale,droit,visit
stale,droit,fehme,hoist
stale,droit,fehme,moist
stale,droit,fehme,joist
stale,droit,fehme,foist
stale,droit,gusto
stale,droit,truss
stale,droit,torso,torus
stale,droit,torso,torso
stale,droit,crust,crust
stale,droit,crust,trust
stale,droit,crust,tryst
stale,droit,burst
stale,droit,dusty
stale,droit,frost
stale,droit,midst
stale,droit,wrist
stale,midgy,apply,apply
stale,midgy,apply,rally
stale,midgy,voila
stale,midgy,dally
stale,midgy,madly
stale,midgy,manly
stale,midgy,villa,villa
stale,midgy,villa,viola
stale,midgy,badly
stale,midgy,caulk
stale,midgy,amply
stale,midgy,gaily
stale,midgy,daily
stale,midgy,gayly
stale,lusty
stale,table
stale,lithe,elite
stale,lithe,flute
stale,lithe,lithe
stale,lithe,tilde
stale,bless,flesh
stale,bless,welsh
stale,bless,loser
stale,bless,bless
stale,unrip,sorry
stale,unrip,spicy,spiky
stale,unrip,spicy,spicy
stale,unrip,scoop,scoop
stale,unrip,scoop,swoop
stale,unrip,shirk,shirk
stale,unrip,shirk,smirk
stale,unrip,snowy
stale,unrip,shock,shock
stale,unrip,shock,smock
stale,unrip,shock,scoff
stale,unrip,shock,showy
stale,unrip,shock,soggy
stale,unrip,shock,smoky
stale,unrip,shock,shook
stale,unrip,sushi
stale,unrip,spunk
stale,unrip,sprig
stale,unrip,sonic
stale,unrip,snoop
stale,unrip,suing
stale,unrip,scrub,scrub
stale,unrip,scrub,shrub
stale,unrip,scrub,scrum
stale,unrip,scrub,shrug
stale,unrip,spoof,spook
stale,unrip,spoof,spoof
stale,unrip,sword
stale,unrip,spurn
stale,unrip,shuck,shush
stale,unrip,shuck,shuck
stale,unrip,aduki,sunny
stale,unrip,aduki,skunk
stale,unrip,aduki,swung
stale,unrip,aduki,sound
stale,unrip,achar,scorn
stale,unrip,achar,shorn
stale,unrip,achar,sworn
stale,unrip,sniff
stale,unrip,spiny
stale,unrip,shiny,scion
stale,unrip,shiny,shiny
stale,unrip,shiny,swing
stale,unrip,syrup
stale,unrip,skimp
stale,unrip,scour
stale,unrip,squib
stale,unrip,shown,synod
stale,unrip,shown,shown
stale,unrip,shown,swoon
stale,unrip,snuck,snuff
stale,unrip,snuck,snuck
stale,unrip,sissy,swish
stale,unrip,sissy,sissy
stale,unrip,sissy,skiff
stale,unrip,spoon
stale,aargh,shaft
stale,aargh,smart
stale,aargh,scant
stale,aargh,swath
stale,toric,tithe,twine
stale,toric,tithe,tithe
stale,toric,quite,white
stale,toric,quite,unite
stale,toric,quite,quite
stale,toric,wrote
stale,toric,cutie
stale,toric,there
stale,toric,butte
stale,toric,chute
stale,toric,twice
stale,toric,forte
stale,toric,write
stale,toric,tepee,theme
stale,toric,tepee,tepee
stale,toric,tepee,thyme
stale,toric,trice
stale,toric,untie
stale,toric,three
stale,toric,trope,trope
stale,toric,trope,trove
stale,toric,quote
stale,toric,abamp,tripe
stale,toric,abamp,trite
stale,toric,abamp,tribe
stale,toric,route
stale,toric,truce
stale,toric,brute
stale,ashen,essay
stale,ashen,askew
stale,ashen,ashen
stale,lease
stale,saint,squat
stale,saint,saint
stale,saint,satin
stale,saint,satyr
stale,stole,style
stale,stole,stole
stale,alway,strap
stale,alway,straw
stale,alway,stray
stale,stool
stale,shalt
stale,steal
stale,sloth,sloth
stale,sloth,split
stale,eider,rivet
stale,eider,empty
stale,eider,eject,event
stale,eider,eject,eject
stale,eider,teddy
stale,eider,tried
stale,eider,merit,merit
stale,eider,merit,remit
stale,eider,merit,inert
stale,eider,merit,refit
stale,eider,tenor
stale,eider,entry,entry
stale,eider,entry,erupt
stale,eider,duvet
stale,eider,meter
stale,eider,tweed
stale,eider,depot,depth
stale,eider,depot,debut
stale,eider,depot,detox
stale,eider,depot,depot
stale,eider,enter
stale,eider,egret
stale,eider,befit,befit
stale,eider,befit,inept
stale,eider,evict
stale,eider,fetid,deity
stale,eider,fetid,debit
stale,eider,fetid,tepid
stale,eider,fetid,fetid
stale,eider,quiet,quiet
stale,eider,quiet,thief
stale,eider,beret,greet
stale,eider,beret,beret
stale,eider,eight
stale,eider,trend
stale,eider,teeth
stale,eider,outer,voter
stale,eider,outer,tuber
stale,eider,outer,truer
stale,eider,outer,outer
stale,eider,outer,tower
stale,eider,beget,tweet
stale,eider,beget,tenet
stale,eider,beget,beget
stale,eider,erect,erect
stale,eider,erect,exert
stale,eider,inter
stale,eider,their
stale,eider,jetty,tempo
stale,eider,jetty,jetty
stale,eider,jetty,tenth
stale,eider,jetty,theft
stale,eider,jetty,petty
stale,eider,jetty,hefty
stale,eider,jetty,fetch
stale,eider,mucho,retry
stale,eider,mucho,retro
stale,eider,mucho,rebut
stale,eider,mucho,metro
stale,eider,mucho,overt
stale,eider,mucho,berth
stale,eider,mucho,recut
stale,eider,mucho,crept
stale,eider,mucho,retch
stale,eider,edict
stale,eider,deter
stale,eider,comet,octet
stale,eider,comet,often
stale,eider,comet,comet
stale,eider,comet,token
stale,eider,comet,totem
stale,eider,comet,unmet
stale,eider,comet,covet
stale,eider,piety
stale,eider,tiger,tiger
stale,eider,tiger,timer
stale,eider,threw
stale,tacit,habit
stale,tacit,abbot,afoot
stale,tacit,abbot,abbot
stale,tacit,abbot,abort,abort
stale,tacit,abbot,abort,about
stale,tacit,abbot,adopt
stale,tacit,aorta,quota
stale,tacit,aorta,junta
stale,tacit,aorta,aorta
stale,tacit,aorta,aunty
stale,tacit,tacit
stale,tacit,patio,ratio
stale,tacit,patio,patio
stale,tacit,admit,audit
stale,tacit,admit,admit
stale,tacit,amity
stale,tacit,actor
stale,tacit,caput,caput
stale,tacit,caput,carat
stale,tacit,triad
stale,tacit,tibia
stale,tacit,abamp,batch
stale,tacit,abamp,patch
stale,tacit,abamp,cahow,catch
stale,tacit,abamp,cahow,hatch
stale,tacit,abamp,cahow,watch
stale,tacit,abamp,match
stale,tacit,cacti
stale,tacit,catty
stale,tacit,barfi,fatty
stale,tacit,barfi,ratty
stale,tacit,barfi,patty
stale,tacit,barfi,batty
stale,tacit,tarot,tarot
stale,tacit,tarot,taunt
stale,tacit,tacky
stale,tacit,tatty
stale,tacit,faint,faint
stale,tacit,faint,paint
stale,tacit,taint
stale,tacit,yacht
stale,tacit,today,topaz
stale,tacit,today,tonga
stale,tacit,today,today
stale,tacit,antic
stale,tacit,tapir
stale,tacit,abamp,baton
stale,tacit,abamp,datum
stale,tacit,abamp,warty
stale,tacit,abamp,party
stale,tacit,bandy,tawny
stale,tacit,bandy,tango
stale,tacit,bandy,tardy
stale,tacit,bandy,tabby
stale,tacit,bandy,taffy
stale,tacit,bandy,tangy
stale,tacit,bandy,taboo
stale,tacit,titan
stale,tacit,dough,gamut
stale,tacit,dough,daunt
stale,tacit,dough,jaunt,vaunt
stale,tacit,dough,jaunt,jaunt
stale,tacit,dough,haunt
stale,tacit,dough,gaunt
stale,tacit,faith
stale,birch,trash
stale,birch,roast
stale,birch,boast
stale,birch,toast
stale,birch,coast
stale,mucho,bushy,pushy
stale,mucho,bushy,bushy
stale,mucho,focus
stale,mucho,fishy
stale,mucho,using,virus
stale,mucho,using,using
stale,mucho,using,usurp
stale,mucho,bosom
stale,mucho,dross,gross
stale,mucho,dross,noisy
stale,mucho,dross,visor
stale,mucho,dross,kiosk
stale,mucho,dross,bison
stale,mucho,dross,bossy
stale,mucho,dross,dross
stale,mucho,brush
stale,mucho,mushy
stale,mucho,bonus
stale,mucho,musky
stale,mucho,missy
stale,mucho,humus
stale,mucho,prism
stale,mucho,minus
stale,mucho,disco
stale,mucho,ficus
stale,mucho,mucus
stale,mucho,dusky,fussy
stale,mucho,dusky,dusky
stale,mucho,music
stale,mucho,cross
stale,mucho,whisk
stale,mucho,crisp
stale,mucho,brisk,brisk
stale,mucho,brisk,wispy
stale,mucho,brisk,risky
stale,mucho,brisk,frisk
stale,mucho,brisk,gipsy
stale,mucho,brisk,gypsy
stale,mucho,husky,husky
stale,mucho,husky,hussy
stale,mucho,crush
stale,mucho,mossy
stale,achar,cease
stale,achar,phase
stale,achar,abase
stale,achar,chase
stale,achar,erase
stale,achar,usage
stale,islet
stale,pleat,alter
stale,pleat,pleat
stale,pleat,alert
stale,pleat,eclat
stale,pleat,valet
stale,pleat,delta,delta
stale,pleat,delta,later
stale,pleat,bleat,cleat
stale,pleat,bleat,bleat
stale,pleat,fetal,metal
stale,pleat,fetal,fetal
stale,pleat,petal
stale,sleek,spiel
stale,sleek,sleek
stale,sleek,sleep
stale,crudo,chime
stale,crudo,pavan,grove
stale,crudo,pavan,grope
stale,crudo,pavan,prone
stale,crudo,pavan,probe
stale,crudo,pavan,prove
stale,crudo,pavan,broke,froze
stale,crudo,pavan,broke,broke
stale,crudo,drone,drone
stale,crudo,drone,drove
stale,crudo,chore
stale,crudo,voice
stale,crudo,urine
stale,crudo,deuce
stale,crudo,crude
stale,crudo,puree,rupee
stale,crudo,puree,revue
stale,crudo,puree,puree
stale,crudo,puree,purge
stale,crudo,choke
stale,crudo,crone
stale,crudo,prune
stale,crudo,gamba,prime
stale,crudo,gamba,grime
stale,crudo,gamba,gripe
stale,crudo,gamba,prize
stale,crudo,gamba,brine
stale,crudo,gamba,bribe
stale,crudo,forge,forge
stale,crudo,forge,ombre
stale,crudo,forge,gorge
stale,crudo,forge,borne
stale,crudo,hinge,hinge
stale,crudo,hinge,knife
stale,crudo,hinge,penne
stale,crudo,hinge,binge
stale,crudo,hinge,pixie
stale,crudo,hinge,whine
stale,crudo,hinge,genie
stale,crudo,hinge,femme
stale,crudo,vogue
stale,crudo,bunje,budge
stale,crudo,bunje,undue
stale,crudo,bunje,judge
stale,crudo,bunje,fudge
stale,crudo,bunje,nudge
stale,crudo,horde
stale,crudo,erode
stale,crudo,curve
stale,crudo,gouge
stale,crudo,hedge,hedge
stale,crudo,hedge,wedge
stale,crudo,hedge,midge
stale,crudo,creme,crime
stale,crudo,creme,crepe
stale,crudo,creme,creme
stale,crudo,queue,fugue
stale,crudo,queue,imbue
stale,crudo,queue,venue
stale,crudo,queue,queue
stale,crudo,queue,pique
stale,crudo,force
stale,crudo,neive,verve
stale,crudo,neive,fibre
stale,crudo,neive,rhyme
stale,crudo,neive,nerve
stale,crudo,neive,eerie
stale,crudo,neive,where
stale,crudo,neive,merge
stale,crudo,neive,verge
stale,crudo,neive,genre
stale,crudo,dodge
stale,crudo,bride,pride
stale,crudo,bride,bride
stale,crudo,dunce
stale,crudo,chide
stale,crudo,dirge,ridge
stale,crudo,dirge,dirge
stale,crudo,diode,oxide
stale,crudo,diode,diode
stale,crudo,coupe
stale,crudo,drive
stale,crudo,rogue
stale,crudo,wheep,pence
stale,crudo,wheep,emcee
stale,crudo,wheep,niece
stale,crudo,wheep,hence
stale,crudo,wheep,mince
stale,crudo,wheep,niche
stale,crudo,wheep,piece
stale,crudo,wheep,fence
stale,crudo,wheep,wince
stale,crudo,ounce
stale,crudo,guide
stale,crudo,ovine,movie
stale,crudo,ovine,biome
stale,crudo,ovine,ovine
stale,crudo,ovine,ozone
stale,crudo,ovine,gnome
stale,crudo,ovine,opine
stale,crudo,ovine,phone
stale,crudo,ovine,evoke
stale,crudo,ovine,booze
stale,crudo,prude
stale,crudo,juice
stale,crudo,price
stale,crudo,rouge
stale,aisle
stale,bijou,exile,exile
stale,bijou,exile,while
stale,bijou,noble
stale,bijou,bugle
stale,bijou,cycle
stale,bijou,uncle
stale,bijou,whole
stale,bijou,boule
stale,bijou,rifle
stale,bijou,guile
stale,bijou,belle
stale,bijou,bible
stale,saute
stale,korun,stout
stale,korun,sting,sting
stale,korun,sting,stint
stale,korun,storm,story
stale,korun,storm,storm
stale,korun,stoop,stoop
stale,korun,stoop,stoic
stale,korun,stoop,stomp
stale,korun,stoop,stood
stale,korun,stuck
stale,korun,strut
stale,korun,stork
stale,korun,stung,stunt
stale,korun,stung,stung
stale,korun,stock
stale,korun,stick
stale,korun,stony
stale,korun,abysm,stump
stale,korun,abysm,study
stale,korun,abysm,stuff
stale,korun,stink
stale,korun,stunk
stale,korun,strip
stale,korun,stiff
stale,rotan,altar
stale,rotan,abaft,gloat
stale,rotan,abaft,float
stale,rotan,abaft,bloat
stale,rotan,tonal
stale,rotan,tidal,tidal
stale,rotan,tidal,tubal
stale,rotan,allot,aloft
stale,rotan,allot,allot
stale,rotan,trial
stale,rotan,latch
stale,rotan,talon
stale,rotan,octal
stale,rotan,natal
stale,rotan,fatal,vital
stale,rotan,fatal,fatal
stale,rotan,total
stale,rotan,ultra
stale,rotan,waltz
stale,garth,stage
stale,garth,stake,stave
stale,garth,stake,stake
stale,garth,stare
stale,garth,state
stale,utile
stale,coign,abaca,click
stale,coign,abaca,climb
stale,coign,abaca,cliff
stale,coign,plumb,lymph
stale,coign,plumb,bulky
stale,coign,plumb,bluff
stale,coign,plumb,fluff
stale,coign,plumb,plumb
stale,coign,plumb,plump
stale,coign,plumb,lumpy
stale,coign,plumb,blurb
stale,coign,plumb,pulpy
stale,coign,flick
stale,coign,block,block
stale,coign,block,flock
stale,coign,clung
stale,coign,lucky,mulch
stale,coign,lucky,lucky
stale,coign,lucky,lurch
stale,coign,lucky,pluck
stale,coign,blown,flown
stale,coign,blown,blown
stale,coign,blown,nylon
stale,coign,login
stale,coign,colon
stale,coign,lunch,lynch
stale,coign,lunch,lunch
stale,coign,lingo
stale,coign,lucid,lucid
stale,coign,lucid,lyric
stale,coign,igloo
stale,coign,blond
stale,coign,flung
stale,coign,cluck,clump
stale,coign,cluck,cluck
stale,coign,blimp,whirl
stale,coign,blimp,blimp
stale,coign,broil,broil
stale,coign,broil,limbo
stale,coign,abamp,loopy
stale,coign,abamp,moldy
stale,coign,abamp,lobby
stale,coign,abamp,polyp
stale,coign,abamp,lorry
stale,coign,chump,fluid
stale,coign,chump,lipid
stale,coign,chump,livid
stale,coign,chump,filmy
stale,coign,chump,pupil
stale,coign,chump,lurid
stale,coign,chump,milky
stale,coign,clown
stale,coign,folio
stale,coign,cling
stale,coign,vinyl
stale,coign,blood,floor
stale,coign,blood,blood
stale,coign,blood,bloom
stale,coign,blood,drool
stale,coign,blood,flour
stale,coign,blood,prowl
stale,coign,blood,flood
stale,coign,clock,clock
stale,coign,clock,cloud
stale,coign,fling,lying
stale,coign,fling,fling
stale,coign,gulch
stale,coign,glyph
stale,coign,vigil
stale,coign,color
stale,coign,mogul
stale,coign,glory,growl
stale,coign,glory,ghoul
stale,coign,glory,glory
stale,coign,glory,gloom
stale,coign,flunk,flunk
stale,coign,flunk,plunk
stale,coign,blind,blind
stale,coign,blind,blink
stale,coign,clink
stale,coign,civil
stale,coign,logic
stale,brick,flaky
stale,brick,clank
stale,brick,adunc,flail
stale,brick,adunc,plain
stale,brick,adunc,avail
stale,brick,adunc,quail
stale,brick,adunc,plaid
stale,brick,clack,clack
stale,brick,clack,flack
stale,brick,black
stale,brick,drawl
stale,brick,crawl
stale,brick,brawl
stale,brick,blank
stale,brick,clamp,clamp
stale,brick,clamp,clang
stale,brick,flank,plank
stale,brick,flank,flank
stale,brick,bland
stale,brick,claim
stale,brick,frail,frail
stale,brick,frail,grail
stale,brick,llama,plaza
stale,brick,llama,gland
stale,brick,llama,loamy
stale,brick,llama,llama
stale,brick,alarm
stale,brick,flair
stale,hewer,abrim,sober
stale,hewer,abrim,surer
stale,hewer,abrim,skier
stale,hewer,abrim,super
stale,hewer,spied
stale,hewer,semen,seven
stale,hewer,semen,semen
stale,hewer,speck,speck
stale,hewer,speck,spend
stale,hewer,sewer
stale,hewer,sperm
stale,hewer,sever
stale,hewer,sheen,sheen
stale,hewer,sheen,sheep
stale,hewer,sneer
stale,hewer,siren
stale,hewer,serif,serum
stale,hewer,serif,serif
stale,hewer,sheik
stale,hewer,sinew
stale,hewer,seedy
stale,hewer,shied
stale,hewer,shrew
stale,hewer,sower
stale,hewer,screw
stale,hewer,speed
stale,hewer,sheer
stale,hewer,sweep
stale,abrim,arise
stale,abrim,masse
stale,abrim,parse
stale,abrim,amuse
stale,abrim,abuse
stale,abrim,cause,cause
stale,abrim,cause,pause
stale,abrim,arose
stale,abrim,aside
stale,abrim,raise
stale,title,title
stale,title,tulle
stale,slave
stale,adeem,stead
stale,adeem,steak
stale,adeem,steam
stale,stalk,stall
stale,stalk,stalk
stale,corgi,ovate
stale,corgi,abate
stale,corgi,crate
stale,corgi,trade
stale,corgi,trace
stale,corgi,agate
stale,corgi,grate
stale,corgi,irate
stale,ethos
stale,chirp,shine
stale,chirp,shire
stale,chirp,scene,scone
stale,chirp,scene,scene
stale,chirp,siege,singe
stale,chirp,siege,siege
stale,chirp,siege,sieve
stale,chirp,snipe,spine
stale,chirp,snipe,spike
stale,chirp,snipe,snipe
stale,chirp,snide,snide
stale,chirp,snide,seize
stale,chirp,snide,swine
stale,chirp,shone,shove
stale,chirp,shone,shone
stale,chirp,since
stale,chirp,score
stale,chirp,spice
stale,chirp,shore
stale,chirp,spree
stale,chirp,spire
stale,chirp,segue,smoke
stale,chirp,segue,segue
stale,chirp,segue,sense
stale,chirp,serve,serve
stale,chirp,serve,surge
stale,chirp,spore
stale,chirp,scope
stale,chirp,scree
stale,chirp,spoke
stale,chirp,snore,swore
stale,chirp,snore,snore
stale,missy,pansy
stale,missy,arson
stale,missy,raspy
stale,missy,amiss
stale,missy,basis
stale,missy,assay
stale,missy,marsh
stale,missy,abyss
stale,missy,daisy
stale,missy,basic,basin
stale,missy,basic,basic
stale,missy,gassy
stale,missy,harsh
stale,missy,mason
stale,blast
stale,whale
stale,diner,emery,jerky,perky
stale,diner,emery,jerky,jerky
stale,diner,emery,berry,berry
stale,diner,emery,berry,ferry
stale,diner,emery,query
stale,diner,emery,wreck
stale,diner,emery,perch
stale,diner,emery,merry
stale,diner,emery,every
stale,diner,emery,mercy
stale,diner,embed,modem
stale,diner,embed,embed
stale,diner,diver
stale,diner,deign
stale,diner,brief,brief
stale,diner,brief,grief
stale,diner,index
stale,diner,cheek,gooey
stale,diner,cheek,cheek
stale,diner,cheek,covey
stale,diner,bicep
stale,diner,ripen
stale,diner,infer
stale,diner,under
stale,diner,abamp,money
stale,diner,abamp,honey
stale,diner,abamp,boney
stale,diner,given,given
stale,diner,given,vixen
stale,diner,crier
stale,diner,denim
stale,diner,renew
stale,diner,nicer
stale,diner,green,green
stale,diner,green,preen
stale,diner,demon
stale,diner,heron,rerun
stale,diner,heron,heron
stale,diner,fiend
stale,diner,odder,udder
stale,diner,odder,order
stale,diner,odder,ruder
stale,diner,odder,odder
stale,diner,piney
stale,diner,decor,decor
stale,diner,decor,demur
stale,diner,nerdy
stale,diner,endow,endow
stale,diner,endow,needy
stale,diner,arrow,cider
stale,diner,arrow,wider
stale,diner,arrow,rider
stale,diner,widen
stale,diner,ennui
stale,diner,befog,rodeo
stale,diner,befog,creed
stale,diner,befog,freed
stale,diner,befog,breed
stale,diner,befog,greed
stale,diner,dried
stale,diner,weird
stale,diner,weedy
stale,diner,inner
stale,diner,dopey
stale,diner,debug,debug
stale,diner,debug,decoy
stale,diner,equip,weigh
stale,diner,equip,equip
stale,diner,dozen
stale,diner,creek,creep
stale,diner,creek,creek
stale,diner,never,never
stale,diner,never,newer
stale,diner,reign
stale,diner,decry,decry
stale,diner,decry,derby
stale,diner,unfed,unfed
stale,diner,unfed,unwed
stale,diner,unfed,kneed
stale,diner,finer,miner
stale,diner,finer,finer
stale,diner,diner
stale,diner,begin,being
stale,diner,begin,neigh
stale,diner,begin,begin
stale,diner,begin,feign
stale,diner,begin,eking,eking
stale,diner,begin,eking,eying
stale,diner,error,femur
stale,diner,error,recur
stale,diner,error,error
stale,diner,mocks,hymen
stale,diner,mocks,queen
stale,diner,mocks,woken
stale,diner,mocks,women
stale,diner,mocks,woven
stale,diner,mocks,coven
stale,diner,abamp,wench
stale,diner,abamp,penny
stale,diner,abamp,venom
stale,diner,abamp,bench
stale,diner,video
stale,diner,credo,credo
stale,diner,credo,reedy
stale,diner,beech,gecko
stale,diner,beech,epoch
stale,diner,beech,beech
stale,diner,beech,geeky
stale,diner,beech,check
stale,diner,beech,epoxy
stale,diner,beech,beefy
stale,diner,chief
stale,diner,edify,edify
stale,diner,edify,medic
stale,diner,goner,goner
stale,diner,goner,owner
stale,diner,apace,cried
stale,diner,apace,fried
stale,diner,apace,pried
stale,diner,dicey
stale,diner,defer,defer
stale,diner,defer,dryer
stale,diner,enjoy,begun
stale,diner,enjoy,envoy
stale,diner,enjoy,enemy
stale,diner,enjoy,enjoy
stale,diner,enjoy,ebony
stale,diner,drier
stale,diner,whomp,mower
stale,diner,whomp,fewer
stale,diner,whomp,hyper
stale,diner,whomp,ember
stale,diner,whomp,purer,upper
stale,diner,whomp,purer,purer
stale,diner,whomp,cheer
stale,diner,whomp,wooer
stale,diner,whomp,power
stale,diner,whomp,befit,queer
stale,diner,whomp,befit,fever
stale,diner,whomp,befit,refer
stale,diner,whomp,befit,cyber
stale,diner,whomp,befit,buyer
stale,diner,whomp,befit,freer
stale,diner,whomp,rover,cover
stale,diner,whomp,rover,offer
stale,diner,whomp,rover,rover
stale,diner,whomp,rover,roger
stale,diner,whomp,rover,corer
stale,diner,whomp,rover,aback,boxer
stale,diner,whomp,rover,aback,foyer
stale,diner,whomp,rover,aback,joker
stale,diner,whomp,mover
stale,diner,whomp,hover
stale,diner,whomp,cower,rower
stale,diner,whomp,cower,cower
stale,diner,whomp,homer
stale,diner,whomp,poker
stale,diner,fiery
stale,diner,river,fiber,fiber
stale,diner,river,fiber,piper
stale,diner,river,fiber,fixer
stale,diner,river,giver
stale,diner,river,viper
stale,diner,river,river
stale,diner,river,riper
stale,early,fella
stale,early,early
stale,durgy,world
stale,durgy,dryly
stale,durgy,quill
stale,durgy,idyll
stale,durgy,dilly,dimly
stale,durgy,dilly,dilly
stale,durgy,dilly,dolly
stale,durgy,oddly
stale,durgy,girly
stale,durgy,bully,fully
stale,durgy,bully,bully
stale,durgy,golly
stale,durgy,grill
stale,durgy,frill,frill
stale,durgy,frill,krill
stale,durgy,drill,drill
stale,durgy,drill,droll
stale,durgy,guild
stale,durgy,winch,billy,filly
stale,durgy,winch,billy,billy
stale,durgy,winch,holly
stale,durgy,winch,imply
stale,durgy,winch,nobly
stale,durgy,winch,folly,jolly
stale,durgy,winch,folly,folly
stale,durgy,winch,icily
stale,durgy,winch,coyly
stale,durgy,winch,hilly
stale,durgy,winch,lowly
stale,durgy,winch,wooly
stale,durgy,winch,willy
stale,durgy,chili,chill
stale,durgy,chili,chili
stale,durgy,chili,knoll
stale,durgy,build
stale,durgy,gully
stale,durgy,burly,curly
stale,durgy,burly,burly
stale,durgy,child
stale,durgy,could,could
stale,durgy,could,would
stale,durgy,dully
stale,durgy,wryly
stale,durgy,godly
stale,sauce
stale,foehn,elect
stale,foehn,hotel
stale,foehn,fleet
stale,foehn,lefty
stale,foehn,inlet
stale,foehn,filet
stale,foehn,betel
stale,foehn,motel,motel
stale,foehn,motel,towel
stale,foehn,extol
stale,foehn,cleft
stale,adhan,shoal
stale,adhan,solar
stale,adhan,salad
stale,adhan,salvo
stale,adhan,salon
stale,adhan,salsa
stale,bacha,baste
stale,bacha,attap,waste
stale,bacha,attap,taste
stale,bacha,attap,paste
stale,bacha,caste
stale,bacha,haste
stale,bingo,belie
stale,bingo,glide
stale,bingo,lunge
stale,bingo,bilge
stale,bingo,clove,clove
stale,bingo,clove,elope
stale,bingo,globe
stale,bingo,clone
stale,bingo,bulge
stale,bingo,olive
stale,bingo,flume,plume
stale,bingo,flume,elude
stale,bingo,flume,flume
stale,bingo,flume,delve
stale,bingo,flume,fluke
stale,bingo,flume,melee
stale,bingo,elide
stale,bingo,lodge
stale,bingo,liege
stale,bingo,ledge
stale,bingo,bloke
stale,bingo,glove
