trice,bards,rifle
trice,bards,fibre
trice,bards,rinse
trice,bards,eerie
trice,bards,ridge
trice,bards,dirge
trice,flans,agast,sting
trice,flans,agast,stint
trice,flans,agast,stink
trice,flans,badge,guilt
trice,flans,badge,built
trice,flans,badge,quilt
trice,flans,foist
trice,flans,flint
trice,flans,paint
trice,flans,waist
trice,flans,blitz
trice,flans,faith
trice,flans,unity
trice,flans,smith,hoist
trice,flans,smith,moist
trice,flans,smith,smith
trice,flans,smith,joist
trice,flans,idiot
trice,flans,shift,shift
trice,flans,shift,swift
trice,flans,shift,stiff
trice,flans,saint
trice,flans,glint
trice,flans,joint,point
trice,flans,joint,joint
trice,flans,amity
trice,flans,faint
trice,flans,spilt,still
trice,flans,spilt,spilt
trice,flans,spilt,stilt
trice,bicep,bicep
trice,bicep,dicey
trice,bicep,medic
trice,mercy,reach
trice,mercy,perch
trice,mercy,mercy
trice,forte,route
trice,forte,stare
trice,forte,forte
trice,forte,store
trice,abaca,brute
trice,abaca,grate
trice,abaca,wrote
trice,chief
trice,chair,incur
trice,chair,curio
trice,chair,chair
trice,chair,vicar
trice,chair,micro
trice,chair,acrid
trice,chair,cigar
trice,chair,lyric
trice,chair,choir
trice,amens,piece
trice,amens,niece
trice,amens,wince
trice,amens,mince
trice,amens,since
trice,koaps,cramp
trice,koaps,croak
trice,koaps,crank
trice,koaps,crook
trice,koaps,crash
trice,koaps,crush
trice,koaps,crump
trice,koaps,cross
trice,koaps,croup
trice,koaps,crass
trice,koaps,crawl,crawl
trice,koaps,crawl,crazy
trice,koaps,crony,crowd
trice,koaps,crony,crown
trice,koaps,crony,crony
trice,koaps,crumb
trice,bedad,drier
trice,bedad,dried
trice,bedad,fried,fried
trice,bedad,fried,pried
trice,bedad,grief
trice,bedad,brief
trice,antic,stoic
trice,antic,itchy
trice,antic,antic
trice,antic,attic
trice,antic,cacti
trice,antic,optic
trice,salto,butte
trice,salto,etude
trice,salto,style
trice,salto,skate,state
trice,salto,skate,skate
trice,salto,stole
trice,salto,bumph,haste
trice,salto,bumph,baste
trice,salto,bumph,paste
trice,salto,bumph,waste
trice,salto,atone
trice,salto,quote
trice,salto,abate,agate
trice,salto,abate,abate
trice,salto,akene,stoke
trice,salto,akene,stone
trice,salto,akene,stove
trice,salto,smote
trice,salto,agave,stage
trice,salto,agave,stave
trice,salto,agave,stake
trice,salto,stale
trice,salto,flute
trice,salto,elate,plate
trice,salto,elate,elate
trice,salto,latte
trice,salto,ovate
trice,salto,haute
trice,salto,slate
trice,salto,bathe
trice,salto,lathe
trice,salto,saute
trice,write
trice,apron,toxic
trice,apron,tunic
trice,apron,tonic
trice,apron,topic
trice,apron,tacit
trice,algid,braid
trice,algid,brain
trice,algid,irony
trice,algid,broil
trice,algid,frail
trice,algid,grail
trice,algid,drain
trice,algid,druid
trice,algid,groin
trice,algid,grain
trice,mauls,khaph,shake
trice,mauls,khaph,spade
trice,mauls,khaph,abase
trice,mauls,khaph,snake
trice,mauls,khaph,shape
trice,mauls,khaph,shade,shade
trice,mauls,khaph,shade,shave
trice,mauls,khaph,phase
trice,mauls,house
trice,mauls,pause
trice,mauls,blame,flame
trice,mauls,blame,blame
trice,mauls,boule
trice,mauls,gauge,gauze
trice,mauls,gauge,gauge
trice,mauls,mouse
trice,mauls,amuse
trice,mauls,abuse
trice,mauls,amble,ample
trice,mauls,amble,amble
trice,mauls,bulge,lunge
trice,mauls,bulge,bulge
trice,mauls,mauve
trice,mauls,lease,lease
trice,mauls,lease,slave
trice,mauls,amaze
trice,mauls,smoke
trice,mauls,false,lapse
trice,mauls,false,salve
trice,mauls,false,false
trice,mauls,quake
trice,mauls,aband,eagle
trice,mauls,aband,fable
trice,mauls,aband,ladle
trice,mauls,elude,fluke
trice,mauls,elude,elude
trice,mauls,maple
trice,mauls,vague
trice,mauls,belle,belle
trice,mauls,belle,noble
trice,mauls,belle,whole
trice,mauls,adown,weave
trice,mauls,adown,knave
trice,mauls,adown,evade
trice,mauls,adown,abode
trice,mauls,adown,adage
trice,mauls,adown,above
trice,mauls,adown,awake
trice,mauls,adown,anode
trice,mauls,adown,awoke
trice,mauls,adown,agape
trice,mauls,adown,adobe
trice,mauls,adown,heave
trice,mauls,choon,phone
trice,mauls,choon,ozone
trice,mauls,choon,penne
trice,mauls,choon,hedge
trice,mauls,choon,evoke
trice,mauls,choon,booze
trice,mauls,choon,wedge
trice,mauls,choon,dodge
trice,mauls,value
trice,mauls,gouge
trice,mauls,shame
trice,mauls,louse
trice,mauls,shale
trice,mauls,globe,lodge
trice,mauls,globe,bloke
trice,mauls,globe,elope
trice,mauls,globe,ledge
trice,mauls,globe,delve
trice,mauls,globe,globe
trice,mauls,globe,glove
trice,mauls,bland,flake,glaze
trice,mauls,bland,flake,flake
trice,mauls,bland,plane
trice,mauls,bland,blade
trice,mauls,bland,glade
trice,mauls,bland,alone
trice,mauls,bland,leave
trice,mauls,bland,blaze
trice,mauls,bland,algae
trice,mauls,badge,badge
trice,mauls,badge,gaffe
trice,mauls,badge,payee
trice,mauls,loose,solve
trice,mauls,loose,slope
trice,mauls,loose,loose
trice,mauls,bugle
trice,mauls,pulse
trice,mauls,suave,usage
trice,mauls,suave,suave
trice,mauls,shone,geese
trice,mauls,shone,shone
trice,mauls,shone,spoke
trice,mauls,shone,obese,obese
trice,mauls,shone,obese,posse
trice,mauls,shone,shove
trice,mauls,shone,whose
trice,mauls,shone,noose
trice,mauls,shone,goose
trice,mauls,shone,dense
trice,mauls,shone,sense
trice,mauls,halve,valve
trice,mauls,halve,halve
trice,mauls,bingo,vogue
trice,mauls,bingo,budge
trice,mauls,bingo,undue
trice,mauls,bingo,venue
trice,mauls,bingo,nudge
trice,mauls,bingo,fugue
trice,mauls,bingo,queue
trice,mauls,bingo,fudge,fudge
trice,mauls,bingo,fudge,judge
trice,mauls,moose
trice,mauls,masse
trice,mauls,ensue,segue
trice,mauls,ensue,ensue
trice,mauls,angle,apple
trice,mauls,angle,angle
trice,mauls,angle,ankle
trice,mauls,angle,whale
trice,mauls,mange,maybe
trice,mauls,mange,mange
trice,mauls,melee
trice,mauls,flume,flume
trice,mauls,flume,plume
trice,mauls,femme,gnome
trice,mauls,femme,femme
trice,third,twirl
trice,third,third
trice,shirk,dairy,fairy
trice,shirk,dairy,dairy
trice,shirk,hairy
trice,shirk,rainy
trice,shirk,quirk
trice,shirk,smirk
trice,shirk,rhino
trice,shirk,swirl
trice,shirk,whirl
trice,shirk,shirk
trice,shand,feign
trice,shand,plied
trice,shand,shied
trice,shand,alien
trice,shand,spied
trice,shand,edify
trice,shand,eking,eying
trice,shand,eking,eking
trice,shand,eking,being
trice,shand,spiel
trice,shand,deign
trice,shand,neigh
trice,shand,weigh
trice,slang,noise
trice,slang,maize,waive
trice,slang,maize,abide
trice,slang,maize,maize
trice,slang,alike,alike
trice,slang,alike,alive
trice,slang,aheap,shine
trice,slang,aheap,spine
trice,slang,aheap,swine
trice,slang,agile
trice,slang,anime,anime
trice,slang,anime,naive
trice,slang,seize,spike
trice,slang,seize,seize
trice,slang,oxide
trice,slang,poise
trice,slang,opine,whine
trice,slang,opine,ovine
trice,slang,opine,opine
trice,slang,guise
trice,slang,glide
trice,slang,slide,slime
trice,slang,slide,slide
trice,slang,exile,exile
trice,slang,exile,while
trice,slang,guide
trice,slang,elide,elide
trice,slang,elide,olive
trice,slang,aside
trice,slang,snide,snipe
trice,slang,snide,snide
trice,slang,smile
trice,slang,guile
trice,slang,knife
trice,dekes,creek
trice,dekes,creep
trice,dekes,cress
trice,dekes,cruel
trice,dekes,creak
trice,dekes,credo
trice,dekes,cream
trice,dekes,creed
trice,ablet,train
trice,ablet,trait
trice,ablet,trail
trice,cider,nicer
trice,cider,cider
trice,cider,relic
trice,carat,carat
trice,carat,court
trice,carat,chart
trice,carat,actor
trice,carve,score
trice,carve,scree
trice,carve,curve
trice,carve,chore
trice,carve,carve
trice,carve,curse
trice,carve,scare
trice,bhang,grunt
trice,bhang,brunt
trice,bhang,artsy
trice,bhang,frost
trice,bhang,grout
trice,bhang,graft
trice,bhang,grant
trice,bhang,wrath
trice,bhang,front
trice,bhang,froth
trice,bhang,draft
trice,bhang,broth
trice,gambs,friar
trice,gambs,briar
trice,gambs,primo
trice,gambs,wring
trice,gambs,grimy
trice,gambs,prism
trice,gambs,grill,grill
trice,gambs,grill,grind
trice,gambs,frisk
trice,gambs,brisk
trice,gambs,alkyd,drill
trice,gambs,alkyd,krill
trice,gambs,alkyd,frill
trice,gambs,alkyd,drink
trice,gambs,alkyd,prior
trice,gambs,alkyd,privy
trice,gambs,bring
trice,gambs,brink,briny
trice,gambs,brink,brink
trice,erect
trice,nodal,dopey
trice,nodal,amend
trice,nodal,nosey
trice,nodal,whups,wheel
trice,nodal,whups,expel
trice,nodal,whups,spell
trice,nodal,whups,bevel,bevel
trice,nodal,whups,bevel,level
trice,nodal,whups,bevel,bezel
trice,nodal,whups,swell
trice,nodal,whups,quell
trice,nodal,whups,jewel
trice,nodal,whups,smell
trice,nodal,whups,shell
trice,nodal,blend
trice,nodal,felon,lemon
trice,nodal,felon,felon
trice,nodal,felon,melon
trice,nodal,knead
trice,nodal,olden
trice,nodal,leafy,fella
trice,nodal,leafy,mealy
trice,nodal,leafy,leash
trice,nodal,leafy,leafy
trice,nodal,leafy,leaky
trice,nodal,leafy,alley
trice,nodal,lumen
trice,nodal,glean
trice,nodal,novel
trice,nodal,omega
trice,nodal,endow
trice,nodal,penal
trice,nodal,baghs,lapel
trice,nodal,baghs,easel
trice,nodal,baghs,bagel
trice,nodal,baghs,hazel
trice,nodal,baghs,label
trice,nodal,baghs,gavel
trice,nodal,demon
trice,nodal,enjoy,ebony
trice,nodal,enjoy,venom
trice,nodal,enjoy,envoy
trice,nodal,enjoy,enjoy
trice,nodal,dowel
trice,nodal,bhels,jelly
trice,nodal,bhels,sleek,sleek
trice,nodal,bhels,sleek,sleep
trice,nodal,bhels,shelf
trice,nodal,bhels,bless
trice,nodal,bhels,flesh
trice,nodal,bhels,bleep
trice,nodal,bhels,belly
trice,nodal,bhels,leggy
trice,nodal,bhels,welsh
trice,nodal,bhels,elegy
trice,nodal,bhels,whelp
trice,nodal,ankhs,beefy
trice,nodal,ankhs,sweep
trice,nodal,ankhs,pesky
trice,nodal,ankhs,guess
trice,nodal,ankhs,sheep
trice,nodal,ankhs,geeky
trice,nodal,angel,panel
trice,nodal,angel,angel
trice,nodal,kneel
trice,nodal,bleed
trice,nodal,oaken
trice,nodal,gooey,gooey
trice,nodal,gooey,poesy
trice,nodal,bowel,hovel
trice,nodal,bowel,vowel
trice,nodal,bowel,bowel
trice,nodal,began,sneak
trice,nodal,began,vegan
trice,nodal,began,began
trice,nodal,abled
trice,nodal,newly
trice,nodal,essay,essay
trice,nodal,essay,kebab
trice,nodal,essay,speak
trice,nodal,equal,equal
trice,nodal,equal,legal
trice,nodal,dwell
trice,nodal,navel
trice,nodal,abmho,boney
trice,nodal,abmho,money
trice,nodal,abmho,women
trice,nodal,abmho,woken,woven
trice,nodal,abmho,woken,woken
trice,nodal,abmho,honey
trice,nodal,golem
trice,nodal,below,elbow
trice,nodal,below,below
trice,nodal,below,hello
trice,nodal,dozen
trice,nodal,unfed,unfed
trice,nodal,unfed,unwed
trice,nodal,unfed,spend
trice,nodal,unfed,kneed
trice,nodal,ahead
trice,nodal,sedan
trice,nodal,epoxy
trice,nodal,abbey,heavy
trice,nodal,abbey,abbey
trice,nodal,abbey,askew
trice,nodal,delay,delay
trice,nodal,delay,plead
trice,nodal,annex,hyena
trice,nodal,annex,enema
trice,nodal,annex,ashen
trice,nodal,annex,apnea
trice,nodal,annex,annex
trice,nodal,annex,haven
trice,nodal,annex,waxen
trice,nodal,laden
trice,nodal,modem
trice,nodal,beady,heady
trice,nodal,beady,beady
trice,nodal,model
trice,nodal,medal,pedal
trice,nodal,medal,medal
trice,nodal,bleak,gleam
trice,nodal,bleak,bleak
trice,nodal,needy
trice,nodal,bused,embed
trice,nodal,bused,speed
trice,nodal,bused,debug
trice,nodal,bused,seedy
trice,nodal,bused,weedy
trice,nodal,bused,bused
trice,nodal,semen,enemy
trice,nodal,semen,semen
trice,nodal,semen,begun
trice,nodal,semen,hymen
trice,nodal,semen,queen
trice,nodal,semen,sheen
trice,nodal,semen,penny
trice,nodal,semen,seven
trice,tepid
trice,cried,cried
trice,cried,crier
trice,trick
trice,crimp,crisp
trice,crimp,crimp
trice,dynel,email
trice,dynel,video
trice,dynel,fiend
trice,dynel,linen
trice,dynel,impel,impel
trice,dynel,impel,libel
trice,dynel,impel,pixel
trice,dynel,liken
trice,dynel,piney
trice,dynel,field,wield
trice,dynel,field,field
trice,dynel,yield
trice,dynel,index,index
trice,dynel,index,widen
trice,dynel,media
trice,dynel,denim
trice,dynel,devil
trice,dynel,ennui
trice,dynel,elfin
trice,dynel,equip,sheik
trice,dynel,equip,sepia
trice,dynel,equip,equip
trice,dynel,begin
trice,dynel,helix
trice,dynel,given,given
trice,dynel,given,vixen
trice,dynel,sinew
trice,dynel,ideal
trice,diels,eight
trice,diels,islet
trice,diels,inlet
trice,diels,befit
trice,diels,stein
trice,diels,fetid
trice,diels,piety
trice,diels,inept
trice,diels,filet
trice,diels,debit
trice,terse,terse
trice,terse,there
trice,terse,three
trice,calms,facet
trice,calms,cleat
trice,calms,cleft
trice,calms,octet
trice,calms,cheat
trice,calms,comet
trice,calms,chest
trice,calms,cadet
trice,calms,covet
trice,calms,scent
trice,calms,eclat
trice,crack,crock
trice,crack,frock
trice,crack,crack
trice,crack,wrack
trice,carol,racer
trice,carol,screw
trice,carol,clerk
trice,carol,cover,cover
trice,carol,cover,cower
trice,carol,caper
trice,carol,cheer,cyber
trice,carol,cheer,cheer
trice,carol,ulcer
trice,carol,cedar
trice,carol,decry,decry
trice,carol,decry,recur
trice,carol,recap
trice,carol,corer
trice,carol,clear
trice,carol,decor
trice,birch,circa
trice,birch,birch
trice,trace,trace
trice,trace,truce
trice,manul,basic
trice,manul,ficus
trice,manul,comic
trice,manul,panic
trice,manul,calos,ionic
trice,manul,calos,sonic
trice,manul,calos,cynic
trice,manul,calos,conic
trice,manul,lucid
trice,manul,magic
trice,manul,mimic
trice,manul,civil
trice,manul,cabin
trice,manul,cumin
trice,manul,logic
trice,manul,civic,picky
trice,manul,civic,civic
trice,manul,music
trice,manul,cavil
trice,manul,claim
trice,manul,cubic,pubic
trice,manul,cubic,cubic
trice,manul,chain
trice,manul,lilac
trice,manul,manic
trice,salon,soapy
trice,salon,agony,gonad
trice,salon,agony,agony
trice,salon,agony,among
trice,salon,agony,nomad
trice,salon,balmy,balmy
trice,salon,balmy,dally
trice,salon,skunk,snuff
trice,salon,skunk,swung
trice,salon,skunk,spunk
trice,salon,skunk,sunny
trice,salon,skunk,skunk
trice,salon,sloop,sloop
trice,salon,sloop,spool
trice,salon,dumpy,gummy,mummy
trice,salon,dumpy,gummy,gummy
trice,salon,dumpy,buggy,buggy
trice,salon,dumpy,buggy,fuzzy
trice,salon,dumpy,pudgy
trice,salon,dumpy,pygmy
trice,salon,dumpy,guppy,guppy
trice,salon,dumpy,guppy,puppy
trice,salon,dumpy,buddy
trice,salon,dumpy,dummy
trice,salon,dumpy,puffy
trice,salon,dumpy,muddy
trice,salon,dumpy,humph
trice,salon,dumpy,jumpy
trice,salon,dumpy,dumpy
trice,salon,polka
trice,salon,dough,dowdy
trice,salon,dough,booby,boozy
trice,salon,dough,booby,booby
trice,salon,dough,booby,bobby
trice,salon,dough,booby,woozy
trice,salon,dough,booby,poppy
trice,salon,dough,dodgy
trice,salon,dough,gumbo
trice,salon,dough,foggy
trice,salon,dough,dough
trice,salon,dough,goofy
trice,salon,dough,bough
trice,salon,dough,moody,woody
trice,salon,dough,moody,moody
trice,salon,dough,howdy
trice,salon,dough,goody
trice,salon,dough,jumbo
trice,salon,dough,hobby
trice,salon,hokum,fussy
trice,salon,hokum,hussy
trice,salon,hokum,bushy,pushy
trice,salon,hokum,bushy,bushy
trice,salon,hokum,husky
trice,salon,hokum,musky
trice,salon,hokum,gypsy
trice,salon,hokum,humus
trice,salon,hokum,mushy
trice,salon,hokum,dusky
trice,salon,banjo,banjo
trice,salon,banjo,mango
trice,salon,salon
trice,salon,blood,blood
trice,salon,blood,gloom
trice,salon,blood,bloom
trice,salon,blood,flood
trice,salon,apish,savvy
trice,salon,apish,sappy
trice,salon,apish,sassy
trice,salon,bonus
trice,salon,sulky,sully
trice,salon,sulky,sulky
trice,salon,aglow,alloy
trice,salon,aglow,aglow
trice,salon,aglow,allow
trice,salon,blond,blond
trice,salon,blond,nobly
trice,salon,blond,knoll
trice,salon,bayou
trice,salon,palsy
trice,salon,guava
trice,salon,spoon,swoon
trice,salon,spoon,spoon
trice,salon,shall,slash
trice,salon,shall,shawl
trice,salon,shall,shall
trice,salon,shall,small
trice,salon,funky,bunny
trice,salon,funky,hunky
trice,salon,funky,funny
trice,salon,funky,nymph
trice,salon,funky,funky
trice,salon,sadly
trice,salon,floss,gloss
trice,salon,floss,floss
trice,salon,floss,lousy
trice,salon,nasal
trice,salon,salad,sally
trice,salon,salad,salad
trice,salon,salad,salsa
trice,salon,mason
trice,salon,woman
trice,salon,pagan
trice,salon,ahull,shyly
trice,salon,ahull,slyly
trice,salon,ahull,skulk
trice,salon,ahull,slump
trice,salon,ahull,skull
trice,salon,ahull,slush
trice,salon,chawk,swamp
trice,salon,chawk,spasm
trice,salon,chawk,squad
trice,salon,chawk,shaky
trice,salon,chawk,shady
trice,salon,chawk,smash
trice,salon,chawk,swash
trice,salon,known
trice,salon,allay,bylaw
trice,salon,allay,allay
trice,salon,midgy,gawky
trice,salon,midgy,mammy
trice,salon,midgy,bawdy
trice,salon,midgy,daddy,paddy
trice,salon,midgy,daddy,daddy
trice,salon,midgy,kayak
trice,salon,midgy,baggy
trice,salon,midgy,magma
trice,salon,midgy,gamma
trice,salon,midgy,mamma
trice,salon,midgy,happy,happy
trice,salon,midgy,happy,jazzy
trice,salon,midgy,madam
trice,salon,midgy,gaudy
trice,salon,midgy,kappa
trice,salon,snowy,sound
trice,salon,snowy,snowy
trice,salon,slang
trice,salon,shank,spank
trice,salon,shank,snaky
trice,salon,shank,shank
trice,salon,shoal
trice,salon,sandy,sandy
trice,salon,sandy,sauna
trice,salon,aloof
trice,salon,pansy
trice,salon,buxom,buxom
trice,salon,buxom,whoop
trice,salon,blown,flown
trice,salon,blown,blown
trice,salon,spoof,spook
trice,salon,spoof,shook
trice,salon,spoof,spoof
trice,salon,spoof,swoop
trice,salon,shown
trice,salon,loyal,offal
trice,salon,loyal,koala
trice,salon,loyal,loyal
trice,salon,loyal,aloud
trice,salon,loyal,loamy
trice,salon,loyal,afoul
trice,salon,loyal,modal
trice,salon,badly,bulky
trice,salon,badly,pulpy
trice,salon,badly,dully
trice,salon,badly,bully
trice,salon,badly,fully,fully
trice,salon,badly,fully,gully
trice,salon,bosom
trice,salon,savoy
trice,salon,lanky,lanky
trice,salon,lanky,banal
trice,salon,lanky,manly
trice,salon,lanky,naval
trice,salon,amply,plaza
trice,salon,amply,album
trice,salon,amply,apply
trice,salon,amply,llama
trice,salon,amply,qualm
trice,salon,amply,pupal
trice,salon,amply,amply
trice,salon,amply,flaky
trice,salon,amply,alpha
trice,salon,amply,awful
trice,salon,annoy
trice,salon,slosh
trice,salon,dogma,dogma
trice,salon,dogma,foamy
trice,salon,dogma,vodka
trice,salon,nylon
trice,salon,bossy,mossy
trice,salon,bossy,bossy
trice,salon,amiga,madly
trice,salon,amiga,badly
trice,salon,amiga,papal
trice,salon,amiga,gayly
trice,salon,amiga,laugh
trice,salon,flash,flask
trice,salon,flash,glass
trice,salon,flash,psalm
trice,salon,flash,usual
trice,salon,flash,flash
trice,salon,flung,flunk
trice,salon,flung,flung
trice,salon,flung,plunk
trice,salon,mambo
trice,salon,shush
trice,salon,gassy
trice,salon,fjeld,polyp
trice,salon,fjeld,jolly
trice,salon,fjeld,folly
trice,salon,fjeld,golly,golly
trice,salon,fjeld,golly,holly
trice,salon,fjeld,moldy
trice,salon,fjeld,dolly
trice,salon,gnash
trice,salon,lasso
trice,salon,salvo
trice,salon,snoop,synod
trice,salon,snoop,snoop
trice,salon,showy,soggy
trice,salon,showy,showy
trice,salon,showy,smoky
trice,salon,chynd,fauna
trice,salon,chynd,handy
trice,salon,chynd,dandy
trice,salon,chynd,manga
trice,salon,chynd,fanny,fanny
trice,salon,chynd,fanny,nanny
trice,salon,chynd,mangy
trice,salon,spawn
trice,salon,baffs,plush
trice,salon,baffs,lupus
trice,salon,baffs,blush
trice,salon,baffs,flush
trice,salon,bumph,downy
trice,salon,bumph,mound
trice,salon,bumph,found,young
trice,salon,bumph,found,found
trice,salon,bumph,found,wound
trice,salon,bumph,bongo
trice,salon,bumph,bound
trice,salon,bumph,pound
trice,salon,bumph,phony
trice,salon,bumph,hound
trice,salon,wooly,would
trice,salon,wooly,lobby
trice,salon,wooly,lowly
trice,salon,wooly,loopy
trice,salon,wooly,godly
trice,salon,wooly,ghoul
trice,salon,wooly,oddly
trice,salon,wooly,wooly
trice,salon,wooly,mogul
trice,salon,along,zonal
trice,salon,along,along
trice,salon,wagon
trice,salon,human
trice,salon,bluff,plump
trice,salon,bluff,bluff
trice,salon,bluff,plumb
trice,salon,bluff,glyph
trice,salon,bluff,lymph
trice,salon,bluff,fluff
trice,salon,bluff,lumpy
trice,salon,slung,slunk
trice,salon,slung,slung
trice,salon,bland,flank,flank
trice,salon,bland,flank,plank
trice,salon,bland,blank
trice,salon,bland,annul
trice,salon,bland,bland
trice,salon,bland,gland
trice,salon,basal
trice,salon,abyss,assay
trice,salon,abyss,amass
trice,salon,abyss,abyss
trice,salon,abyss,quash
trice,salon,abyss,awash
trice,faded,dress
trice,faded,freer
trice,faded,breed,greed
trice,faded,breed,breed
trice,faded,green,gruel
trice,faded,green,green
trice,faded,green,preen
trice,faded,error,press
trice,faded,error,error
trice,faded,freak
trice,faded,fresh
trice,faded,freed
trice,faded,bread
trice,faded,dread
trice,faded,break,break
trice,faded,break,wreak
trice,faded,break,arena
trice,faded,order
trice,faded,dryer
trice,faded,dream
trice,ankhs,think
trice,ankhs,tying
trice,ankhs,twixt
trice,ankhs,twist
trice,ankhs,taint
trice,ankhs,thigh
trice,ankhs,thing
trice,cowps,finch
trice,cowps,cinch
trice,cowps,disco
trice,cowps,winch
trice,cowps,pinch
trice,plush,quoth
trice,plush,patty
trice,plush,stamp,stomp
trice,plush,stamp,stoop
trice,plush,stamp,stamp
trice,plush,joust
trice,plush,patsy
trice,plush,ghost
trice,plush,shunt
trice,plush,mouth,mouth
trice,plush,mouth,youth
trice,plush,putty
trice,plush,shout
trice,plush,hasty,shaft
trice,plush,hasty,hasty
trice,plush,hasty,shoot
trice,plush,south
trice,plush,splat
trice,plush,kyang,stunt
trice,plush,kyang,study
trice,plush,kyang,stung
trice,plush,kyang,stuff
trice,plush,kyang,squat
trice,plush,kyang,stunk
trice,plush,spout
trice,plush,haunt
trice,plush,sloth
trice,plush,among,gusto
trice,plush,among,gusty
trice,plush,among,snout
trice,plush,among,stout
trice,plush,among,dusty
trice,plush,among,musty
trice,plush,lusty
trice,plush,abbot,abbot
trice,plush,abbot,motto
trice,plush,abbot,booty
trice,plush,abbot,fatty
trice,plush,abbot,baton
trice,plush,abbot,batty
trice,plush,abbot,afoot
trice,plush,adapt,adapt
trice,plush,adapt,adopt
trice,plush,stump
trice,plush,abaft,float
trice,plush,abaft,gloat
trice,plush,abaft,allot
trice,plush,abaft,bloat
trice,plush,abaft,aloft
trice,plush,hotly
trice,plush,gadje,jaunt
trice,plush,gadje,doubt
trice,plush,gadje,mount
trice,plush,gadje,vaunt
trice,plush,gadje,gaunt
trice,plush,gadje,daunt
trice,plush,sooth,sooth
trice,plush,sooth,swath
trice,plush,flout
trice,plush,fatal,lofty
trice,plush,fatal,atoll
trice,plush,fatal,natal
trice,plush,fatal,fatal
trice,plush,fatal,waltz
trice,plush,stand,stony
trice,plush,stand,sooty
trice,plush,stand,stand
trice,plush,stand,staff
trice,plush,stand,stood
trice,plush,stand,nasty
trice,plush,stand,stank
trice,plush,stalk,stalk
trice,plush,stalk,stall
trice,plush,stalk,stool
trice,plush,stalk,salty
trice,plush,shalt
trice,plush,angst,angst
trice,plush,angst,boost
trice,plush,angst,boast
trice,plush,pasta,pasta
trice,plush,pasta,pasty
trice,plush,pouty
trice,plush,slant
trice,plush,blunt
trice,plush,ought
trice,plush,blast
trice,plush,photo
trice,plush,plant
trice,plush,aptly
trice,plush,loath
trice,plush,booth,booth
trice,plush,booth,month
trice,plush,stash
trice,plush,fault,vault
trice,plush,fault,adult
trice,plush,fault,fault
trice,plush,fault,moult
trice,plush,adorn,outdo
trice,plush,adorn,quota
trice,plush,adorn,about
trice,plush,adorn,gamut
trice,plush,adorn,junto
trice,plush,adorn,aunty
trice,plush,adorn,donut
trice,plush,adorn,nutty
trice,plush,adorn,outgo
trice,plush,adorn,junta
trice,plush,adorn,datum
trice,snail,idyll
trice,snail,basin
trice,snail,solid
trice,snail,inbox
trice,snail,basis
trice,snail,lipid,livid
trice,snail,lipid,fluid
trice,snail,lipid,folio
trice,snail,lipid,lipid
trice,snail,undid,undid
trice,snail,undid,unzip
trice,snail,minim
trice,snail,lingo
trice,snail,login
trice,snail,squib
trice,snail,ovoid,humid
trice,snail,ovoid,ovoid
trice,snail,ovoid,vivid
trice,snail,silky,silly
trice,snail,silky,silky
trice,snail,swami
trice,snail,admin,admin
trice,snail,admin,mania
trice,snail,slain
trice,snail,inlay
trice,snail,vinyl
trice,snail,aahed,vapid
trice,snail,aahed,audio
trice,snail,aahed,affix
trice,snail,aahed,mafia
trice,snail,aahed,aphid
trice,snail,aahed,avoid
trice,snail,aahed,maxim
trice,snail,ninja
trice,snail,filly,limbo
trice,snail,filly,filmy
trice,snail,filly,filly
trice,snail,filly,dimly
trice,snail,filly,igloo
trice,snail,filly,imply
trice,snail,filly,milky
trice,snail,filly,bandh,hilly
trice,snail,filly,bandh,willy
trice,snail,filly,bandh,billy
trice,snail,filly,bandh,dilly
trice,snail,anvil
trice,snail,abaft,avail
trice,snail,abaft,flail
trice,snail,abaft,quail
trice,snail,plain
trice,snail,villa,villa
trice,snail,villa,viola
trice,snail,basil
trice,snail,quasi
trice,snail,defog,dizzy
trice,snail,defog,piggy
trice,snail,defog,biddy
trice,snail,defog,hippo
trice,snail,defog,giddy
trice,snail,defog,hippy,wimpy
trice,snail,defog,hippy,hippy
trice,snail,defog,fizzy
trice,snail,defog,widow
trice,snail,defog,jiffy
trice,snail,bison,minus
trice,snail,bison,bison
trice,snail,khaki
trice,snail,pizza
trice,snail,sigma
trice,snail,again
trice,snail,plaid
trice,snail,gipsy,gipsy
trice,snail,gipsy,wispy
trice,snail,gipsy,missy
trice,snail,gipsy,kiosk
trice,snail,gipsy,fishy
trice,snail,valid
trice,snail,final
trice,snail,snail
trice,snail,pupil,vigil
trice,snail,pupil,pupil
trice,snail,piano
trice,snail,kiddo,fungi
trice,snail,kiddo,ninny
trice,snail,kiddo,dingy
trice,snail,kiddo,windy
trice,snail,kiddo,kinky
trice,snail,kiddo,dingo
trice,snail,kiddo,pinky
trice,snail,kiddo,bingo
trice,snail,sissy,sushi
trice,snail,sissy,sissy
trice,snail,spoil
trice,wreck
trice,brace,brace
trice,brace,grace
trice,alums,trust
trice,alums,trawl
trice,alums,truly
trice,alums,troll
trice,alums,truss
trice,alums,tramp
trice,alums,trump
trice,alums,trout
trice,alums,troop
trice,alums,tryst
trice,alums,trunk,truth
trice,alums,trunk,trunk
trice,alums,trash
trice,great,greet
trice,great,great
trice,great,erupt
trice,great,wrest
trice,chide,chime
trice,chide,chide
trice,twice
trice,torch
trice,gaols,talon
trice,gaols,tasty
trice,gaols,today,today
trice,gaols,today,topaz
trice,gaols,thong
trice,gaols,tooth
trice,gaols,taboo
trice,gaols,tough
trice,gaols,thumb,thumb
trice,gaols,thumb,thump
trice,gaols,tango
trice,gaols,thank
trice,gaols,tangy
trice,gaols,tally
trice,gaols,toast
trice,gaols,bantu,tawny
trice,gaols,bantu,tatty
trice,gaols,bantu,taunt
trice,gaols,bantu,tabby
trice,gaols,bantu,taffy
trice,gaols,tonga
trice,gaols,tubal
trice,gaols,toddy
trice,gaols,twang
trice,gaols,tonal,tonal
trice,gaols,tonal,total
trice,habus,hutch
trice,habus,stack
trice,habus,dutch
trice,habus,botch
trice,habus,hatch
trice,habus,notch
trice,habus,batch
trice,habus,clamp,patch
trice,habus,clamp,match
trice,habus,clamp,catch
trice,habus,clamp,latch
trice,habus,clamp,watch
trice,habus,stuck
trice,habus,stock
trice,habus,butch
trice,tenet,tenet
trice,tenet,teddy,teddy
trice,tenet,teddy,tempo
trice,tenet,tweak
trice,tenet,taken,token
trice,tenet,taken,taken
trice,tenet,tenth
trice,tenet,teeth
trice,tenet,towel
trice,tenet,tweed
trice,tenet,totem
trice,tenet,theft
trice,tenet,theta
trice,tenet,tweet
trice,tenet,testy
trice,spalt,pesto
trice,spalt,upset
trice,spalt,asset
trice,spalt,death,meaty
trice,spalt,death,death
trice,spalt,death,heath
trice,spalt,steed
trice,spalt,leant
trice,spalt,swept
trice,spalt,petal
trice,spalt,pleat
trice,spalt,aguna,quest
trice,spalt,aguna,onset
trice,spalt,aguna,beset
trice,spalt,aguna,unset
trice,spalt,aguna,guest
trice,spalt,steel
trice,spalt,meant
trice,spalt,setup,steep
trice,spalt,setup,setup
trice,spalt,spent
trice,spalt,sweat
trice,spalt,detox,jetty
trice,spalt,detox,hefty
trice,spalt,detox,detox
trice,spalt,detox,often
trice,spalt,debut,unmet
trice,spalt,debut,duvet
trice,spalt,debut,beget
trice,spalt,debut,event
trice,spalt,debut,debut
trice,spalt,adeem,steak
trice,spalt,adeem,stead
trice,spalt,adeem,steam
trice,spalt,slept
trice,spalt,hotel,motel
trice,spalt,hotel,lefty
trice,spalt,hotel,betel
trice,spalt,hotel,extol
trice,spalt,hotel,hotel
trice,spalt,smelt
trice,spalt,dealt,dealt
trice,spalt,dealt,exalt
trice,spalt,dwelt,exult
trice,spalt,dwelt,knelt
trice,spalt,dwelt,dwelt
trice,spalt,spelt
trice,spalt,sleet
trice,spalt,bleat,valet
trice,spalt,bleat,bleat
trice,spalt,abaft,feast
trice,spalt,abaft,beast
trice,spalt,abaft,yeast
trice,spalt,least
trice,spalt,fetal,metal
trice,spalt,fetal,fetal
trice,spalt,fetal,delta
trice,spalt,depth,depth
trice,spalt,depth,petty
trice,spalt,depth,empty
trice,spalt,agent,begat
trice,spalt,agent,wheat
trice,spalt,agent,agent
trice,spalt,adept
trice,spalt,depot
trice,spalt,steal
trice,spalt,ethos,zesty
trice,spalt,ethos,ethos
trice,spalt,ethos,fetus
trice,spalt,leapt
trice,spalt,fleet
trice,spalt,sheet,sheet
trice,spalt,sheet,sweet
trice,spalt,eaten,matey
trice,spalt,eaten,eaten
trice,tiger,their
trice,tiger,tiger
trice,tiger,timer
trice,dowps,witch
trice,dowps,hitch
trice,dowps,pitch
trice,dowps,ditch
trice,lithe,lithe
trice,lithe,untie
trice,stick
trice,farce,farce
trice,farce,force
trice,niche
trice,lease,theme
trice,lease,tulle
trice,lease,these
trice,lease,tease
trice,lease,table
trice,lease,taste
trice,lease,tense
trice,lease,those
trice,lease,thyme
trice,lease,tepee
trice,alant,enact
trice,alant,elect
trice,alant,exact
trice,alant,eject
trice,alant,fetch
trice,easel,exert
trice,easel,entry
trice,easel,after
trice,easel,alert
trice,easel,hater,water
trice,easel,hater,hater
trice,easel,steer
trice,easel,eater
trice,easel,stern
trice,easel,ester
trice,easel,extra
trice,easel,avert,avert
trice,easel,avert,heart
trice,easel,later
trice,easel,alter
trice,easel,deter,deter
trice,easel,deter,meter
trice,easel,deter,beret
trice,easel,enter,ether
trice,easel,enter,egret
trice,easel,enter,enter
trice,easel,reset
trice,easel,earth
trice,easel,other,otter
trice,easel,other,outer
trice,easel,other,utter
trice,easel,other,other
trice,easel,other,voter
trice,easel,retro,retro
trice,easel,retro,retry
trice,easel,retro,rebut
trice,easel,retro,berth
trice,easel,retro,overt
trice,easel,retro,metro
trice,cushy,quick
trice,cushy,which
trice,cushy,chick
trice,cushy,click
trice,cushy,spicy
trice,cushy,juicy
trice,cushy,slick
trice,cushy,flick
trice,exist,quiet
trice,exist,deity
trice,exist,exist
trice,exist,heist
trice,tried
trice,aspen,reign
trice,aspen,flier
trice,aspen,skier
trice,aspen,weird
trice,aspen,plier
trice,comal,scrub
trice,comal,charm
trice,comal,occur,scour
trice,comal,occur,occur
trice,comal,occur,scorn
trice,comal,acorn
trice,comal,carol
trice,comal,scarf,scary
trice,comal,scarf,scarf
trice,comal,scrap
trice,comal,corny
trice,comal,coral
trice,comal,macro
trice,comal,scrum
trice,comal,churn,churn
trice,comal,churn,curry
trice,comal,churn,curvy
trice,comal,curly
trice,comal,scram
trice,comal,cargo
trice,comal,carry,carry
trice,comal,carry,chard
trice,comal,cobra
trice,comal,color
trice,comal,chord
trice,comal,rocky
trice,abacs,crypt
trice,abacs,craft
trice,abacs,crust
trice,guans,snare
trice,guans,gorge
trice,guans,genre
trice,guans,phese,shore
trice,guans,phese,horse
trice,guans,phese,serve
trice,guans,phese,swore
trice,guans,phese,worse
trice,guans,phese,spore
trice,guans,phese,verse
trice,guans,phese,spree
trice,guans,parse
trice,guans,barge,barge
trice,guans,barge,large
trice,guans,barge,agree
trice,guans,share,share
trice,guans,share,spare
trice,guans,blare,flare
trice,guans,blare,aware
trice,guans,blare,blare
trice,guans,glare
trice,guans,snore
trice,guans,revue
trice,guans,azure
trice,guans,borne
trice,guans,ombre,horde
trice,guans,ombre,verve
trice,guans,ombre,where
trice,guans,ombre,ombre
trice,guans,ombre,rhyme
trice,guans,purse
trice,guans,nerve
trice,guans,range
trice,guans,puree,puree
trice,guans,puree,rupee
trice,guans,rogue,rouge
trice,guans,rogue,rogue
trice,guans,nurse
trice,guans,merge,merge
trice,guans,merge,verge
trice,guans,merge,forge
trice,guans,reuse,rouse
trice,guans,reuse,reuse
trice,guans,surge
trice,guans,adore
trice,guans,purge
trice,abamp,brick
trice,abamp,crick
trice,abamp,prick
trice,track,truck
trice,track,tract
trice,track,track
trice,chons,scale
trice,chons,clove
trice,chons,uncle
trice,chons,scope
trice,chons,copse
trice,chons,close
trice,chons,emcee
trice,chons,choke
trice,chons,scone
trice,chons,cache
trice,chons,chase
trice,chons,clone
trice,chons,chose
trice,chons,coupe
trice,chons,canoe
trice,chons,chafe
trice,chons,cause,cease
trice,chons,cause,cause
trice,chons,cable,cable
trice,chons,cable,cycle
trice,chons,scene
trice,crime
trice,shirt,skirt
trice,shirt,flirt
trice,shirt,shirt
trice,irate
trice,droit,droit
trice,droit,fruit
trice,droit,orbit
trice,deash,deuce
trice,deash,dance
trice,deash,ounce
trice,deash,lance
trice,deash,place
trice,deash,sauce
trice,deash,peace
trice,deash,hence
trice,deash,fence,fence
trice,deash,fence,pence
trice,deash,space
trice,deash,dunce
trice,cater,cater
trice,cater,recut
trice,shire,shire
trice,shire,raise
trice,shire,afire
trice,shire,spire
trice,acute,chute
trice,acute,caste
trice,acute,acute
trice,bland,droll,droll
trice,bland,droll,dryly
trice,bland,droll,drool
trice,bland,brook,broom
trice,bland,brook,brook
trice,bland,brook,brush
trice,bland,brash,bravo
trice,bland,brash,brass
trice,bland,brash,brash
trice,bland,prawn
trice,bland,fraud
trice,bland,armor,aroma
trice,bland,armor,arrow
trice,bland,armor,array
trice,bland,armor,armor
trice,bland,proof,groom
trice,bland,proof,proof
trice,bland,proof,gruff
trice,bland,proof,proxy
trice,bland,proof,gross
trice,bland,proof,group
trice,bland,brown
trice,bland,growl,wryly
trice,bland,growl,prowl
trice,bland,growl,growl
trice,bland,groan,organ
trice,bland,groan,groan
trice,bland,groan,arson
trice,bland,grasp,gravy
trice,bland,grasp,grasp
trice,bland,grasp,graph
trice,bland,grasp,grass
trice,bland,drawl
trice,bland,frond
trice,bland,drown
trice,bland,urban
trice,bland,drawn
trice,bland,prong,prong
trice,bland,prong,wrung
trice,bland,prong,wrong
trice,bland,drama
trice,bland,ardor
trice,bland,grand
trice,bland,brand
trice,bland,arbor
trice,bland,proud
trice,bland,broad
trice,bland,frown,frown
trice,bland,frown,grown
trice,bland,brawn
trice,bland,drunk
trice,bland,drank
trice,bland,droop,dross
trice,bland,droop,droop
trice,bland,brood
trice,bland,brawl
trice,bland,frank,prank
trice,bland,frank,frank
trice,triad,triad
trice,triad,trial
trice,refit,inert
trice,refit,inter
trice,refit,rivet
trice,refit,remit
trice,refit,merit
trice,refit,refit
trice,ethic
trice,edict,evict
trice,edict,edict
trice,zupan,crepe
trice,zupan,crave
trice,zupan,craze
trice,zupan,crane
trice,zupan,crone
trice,zupan,creme
trice,zupan,crude
trice,culms,suite
trice,culms,unite
trice,culms,spite
trice,culms,white
trice,culms,smite
trice,culms,quite
trice,culms,elite
trice,culms,utile
trice,nodal,decoy
trice,nodal,clean
trice,nodal,cheap
trice,nodal,coven
trice,nodal,cameo
trice,nodal,gecko
trice,nodal,covey
trice,nodal,cheek,cheek
trice,nodal,cheek,chess
trice,nodal,cagey
trice,nodal,fecal
trice,nodal,pecan
trice,nodal,cello
trice,nodal,camel
trice,nodal,clued
trice,nodal,excel
trice,nodal,decay
trice,nodal,decal
trice,nodal,ocean
trice,cairn,cairn
trice,cairn,chirp
trice,rinds,ripen
trice,rinds,rider
trice,rinds,bevel,viper
trice,rinds,bevel,fiery
trice,rinds,bevel,fixer,fixer
trice,rinds,bevel,fixer,piper
trice,rinds,bevel,fiber
trice,rinds,bevel,giver
trice,rinds,bevel,filer
trice,rinds,bevel,liver
trice,rinds,afald,finer
trice,rinds,afald,miner
trice,rinds,afald,liner
trice,rinds,miser,wiser
trice,rinds,miser,miser
trice,rinds,riper,riper
trice,rinds,riper,river
trice,rinds,siren
trice,rinds,peril
trice,rinds,risen
trice,rinds,inner
trice,rinds,diner
trice,rinds,infer
trice,rinds,aider,diver
trice,rinds,aider,aider
trice,rinds,aider,wider
trice,rinds,serif
trice,rinds,idler
trice,rinds,riser
trice,rinds,resin
trice,slang,noisy
trice,slang,whiny
trice,slang,sling
trice,slang,gaily
trice,slang,skiff,swish
trice,slang,skiff,skiff
trice,slang,skiff,skimp
trice,slang,skiff,spiky
trice,slang,bliss
trice,slang,avian,avian
trice,slang,avian,axion
trice,slang,axiom
trice,slang,blind,blink
trice,slang,blind,blind
trice,slang,build,build
trice,slang,build,quill
trice,slang,idiom,whiff
trice,slang,idiom,idiom
trice,slang,idiom,opium
trice,slang,blimp
trice,slang,aging,aging
trice,slang,aging,aping
trice,slang,amiss,daisy
trice,slang,amiss,amiss
trice,slang,doing,vying
trice,slang,doing,owing
trice,slang,doing,doing
trice,slang,doing,dying
trice,slang,doing,going
trice,slang,sniff
trice,slang,onion,unify
trice,slang,onion,union
trice,slang,onion,onion
trice,slang,lying
trice,slang,guild
trice,slang,slink
trice,slang,fling
trice,slang,alibi
trice,slang,whisk
trice,slang,apeak,spill
trice,slang,apeak,swill
trice,slang,apeak,skill
trice,slang,slimy
trice,slang,align
trice,slang,suing,swing
trice,slang,suing,suing
trice,slang,shiny,shiny
trice,slang,shiny,spiny
trice,slang,using
trice,slang,daily,daily
trice,slang,daily,voila
trice,slang,daily,axial
trice,tacky
trice,thief
trice,blini,icing
trice,blini,icily
trice,blini,cling,cling
trice,blini,cling,clink
trice,blini,china
trice,blini,chili
trice,blini,climb
trice,blini,child,child
trice,blini,child,chill
trice,blini,scion
trice,blini,cliff
trice,blini,iliac
trice,palsy,flyer
trice,palsy,gamer,maker
trice,palsy,gamer,ramen
trice,palsy,gamer,eager,wager
trice,palsy,gamer,eager,eager
trice,palsy,gamer,gazer
trice,palsy,gamer,harem
trice,palsy,gamer,barfi,baker
trice,palsy,gamer,barfi,wafer
trice,palsy,gamer,barfi,waver
trice,palsy,gamer,barfi,rarer
trice,palsy,gamer,gamer
trice,palsy,gamer,raven
trice,palsy,spear
trice,palsy,safer,safer
trice,palsy,safer,saner
trice,palsy,sperm,super
trice,palsy,sperm,sperm
trice,palsy,poker,purer
trice,palsy,poker,power
trice,palsy,poker,poker
trice,palsy,opera
trice,palsy,debar,zebra
trice,palsy,debar,anger
trice,palsy,debar,heard
trice,palsy,debar,amber
trice,palsy,debar,debar
trice,palsy,debar,rebar
trice,palsy,debar,rehab
trice,palsy,debar,rearm
trice,palsy,debar,beard
trice,palsy,relay
trice,palsy,ready,weary
trice,palsy,ready,ready
trice,palsy,early
trice,palsy,gayer
trice,palsy,reply
trice,palsy,loser
trice,palsy,perky
trice,palsy,upper
trice,palsy,yearn
trice,palsy,leper,leper
trice,palsy,leper,repel
trice,palsy,jembe,merry
trice,palsy,jembe,query
trice,palsy,jembe,jerky
trice,palsy,jembe,reedy
trice,palsy,jembe,every
trice,palsy,jembe,ferry,ferry
trice,palsy,jembe,ferry,nerdy
trice,palsy,jembe,derby
trice,palsy,jembe,berry
trice,palsy,hyper
trice,palsy,serow,sever
trice,palsy,serow,sober
trice,palsy,serow,sewer
trice,palsy,serow,usher
trice,palsy,serow,sheer,sneer
trice,palsy,serow,sheer,sheer
trice,palsy,serow,rebus
trice,palsy,serow,surer
trice,palsy,serow,sower
trice,palsy,serow,shrew
trice,palsy,serow,serum
trice,palsy,buyer,buyer
trice,palsy,buyer,foyer
trice,palsy,relax
trice,palsy,abmho,smear
trice,palsy,abmho,swear
trice,palsy,abmho,shear
trice,palsy,regal,realm
trice,palsy,regal,regal
trice,palsy,regal,learn
trice,palsy,regal,renal
trice,palsy,regal,feral
trice,palsy,dover,older
trice,palsy,dover,lemur
trice,palsy,dover,elder
trice,palsy,dover,lover
trice,palsy,dover,revel
trice,palsy,dover,bluer
trice,palsy,dover,lower
trice,palsy,dover,rebel
trice,palsy,dover,lever
trice,palsy,paler
trice,palsy,lager
trice,palsy,layer
trice,palsy,poser
trice,palsy,repay
trice,palsy,leery
trice,palsy,paper,paper
trice,palsy,paper,parer
trice,palsy,baler
trice,palsy,verso
trice,palsy,pearl
trice,palsy,payer
trice,palsy,rownd,newer
trice,palsy,rownd,refer
trice,palsy,rownd,offer
trice,palsy,rownd,roger,rover
trice,palsy,rownd,roger,roger
trice,palsy,rownd,fewer
trice,palsy,rownd,owner
trice,palsy,rownd,never
trice,palsy,rownd,rodeo
trice,palsy,rownd,goner
trice,palsy,rownd,rower
trice,palsy,rownd,under
trice,palsy,rownd,odder
trice,palsy,rownd,ruder
trice,palsy,rownd,renew
trice,palsy,rownd,wooer
trice,palsy,rownd,abmho,mover
trice,palsy,rownd,abmho,homer
trice,palsy,rownd,abmho,boxer
trice,palsy,rownd,abmho,joker
trice,palsy,rownd,abmho,hover
trice,palsy,rownd,mower
trice,palsy,rownd,femur,queer
trice,palsy,rownd,femur,femur
trice,palsy,rownd,femur,fever
trice,palsy,rownd,femur,ember
trice,palsy,rownd,rerun
trice,palsy,rownd,heron
trice,palsy,rownd,defer,defer
trice,palsy,rownd,defer,demur
trice,palsy,rownd,defer,udder
trice,palsy,ruler
trice,gadso,birth,mirth
trice,gadso,birth,birth
trice,gadso,ratio
trice,gadso,stair
trice,gadso,first
trice,gadso,strip
trice,gadso,girth
trice,gadso,intro
trice,gadso,right
trice,gadso,dirty
trice,bings,bilge
trice,bings,genie
trice,bings,image
trice,bings,liege,midge
trice,bings,liege,liege
trice,bings,binge
trice,bings,issue
trice,bings,bible,bible
trice,bings,bible,biome
trice,bings,aisle,sieve
trice,bings,aisle,aisle
trice,bings,hinge
trice,bings,siege
trice,bings,inane
trice,bings,belie
trice,bings,movie
trice,bings,pique,pixie
trice,bings,pique,diode
trice,bings,pique,pique
trice,bings,singe
trice,bings,imbue
trice,trice
trice,soapy,embow,rotor
trice,soapy,embow,forth,forth
trice,soapy,embow,forth,north
trice,soapy,embow,worth
trice,soapy,embow,motor
trice,soapy,embow,robot
trice,soapy,sport
trice,soapy,ratty,ratty
trice,soapy,ratty,warty
trice,soapy,quart
trice,soapy,satyr
trice,soapy,forty
trice,soapy,smart,start
trice,soapy,smart,stark
trice,soapy,smart,smart
trice,soapy,burst
trice,soapy,abort
trice,soapy,straw
trice,soapy,altar,ultra
trice,soapy,altar,altar
trice,soapy,story
trice,soapy,ament,short
trice,soapy,ament,snort
trice,soapy,ament,stork
trice,soapy,ament,storm
trice,soapy,roast
trice,soapy,stray
trice,soapy,strap
trice,soapy,strut
trice,soapy,blurt,blurt
trice,soapy,blurt,burnt
trice,soapy,aorta
trice,soapy,party
trice,soapy,apart
trice,soapy,spurt
trice,soapy,roost,roost
trice,soapy,roost,worst
trice,soapy,rusty
trice,trope,trade
trice,trope,trope
trice,trope,trove
trice,chant,ascot
trice,chant,scant
trice,chant,cloth
trice,chant,scout
trice,chant,yacht
trice,chant,chant
trice,chant,octal
trice,chant,caput
trice,chant,uncut
trice,chant,clout
trice,chant,count
trice,chant,catty
trice,chant,coast
trice,dumps,gripe
trice,dumps,grime
trice,dumps,bribe,brine
trice,dumps,bribe,bribe
trice,dumps,pride
trice,dumps,bride
trice,dumps,arise
trice,dumps,prime
trice,dumps,prize
trice,dumps,urine
trice,dumps,drive
trice,split,sixth,sixty
trice,split,sixth,sixth
trice,split,pinto,pithy
trice,split,pinto,pinto
trice,split,unlit
trice,split,filth
trice,split,sight
trice,split,until
trice,split,satin,staid
trice,split,satin,satin
trice,split,satin,stain
trice,split,light
trice,split,visit
trice,split,dinky,ditty
trice,split,dinky,ninth
trice,split,dinky,minty
trice,split,dinky,width
trice,split,dinky,ditto
trice,split,dinky,fifth
trice,split,dinky,bitty,bitty
trice,split,dinky,bitty,witty
trice,split,dinky,bitty,fifty
trice,split,dinky,kitty
trice,split,vital
trice,split,admit,await
trice,split,admit,audit
trice,split,admit,vomit
trice,split,admit,habit
trice,split,admit,admit
trice,split,admit,digit
trice,split,admit,unfit
trice,split,woman,wight
trice,split,woman,might
trice,split,woman,fight
trice,split,woman,giant
trice,split,woman,night
trice,split,woman,ingot
trice,split,woman,bigot
trice,split,motif
trice,split,input,input
trice,split,input,pivot
trice,split,patio
trice,split,pilot
trice,split,plait
trice,split,split
trice,split,midst
trice,split,posit
trice,split,limit
trice,split,vista
trice,crate
trice,react,react
trice,react,retch
trice,ponds,prone
trice,ponds,arose
trice,ponds,drape
trice,ponds,grope
trice,ponds,erase
trice,ponds,prune
trice,ponds,grape
trice,ponds,drake
trice,ponds,prude
trice,ponds,grade
trice,ponds,drone
trice,ponds,probe,probe
trice,ponds,probe,prove
trice,ponds,abaft,grove
trice,ponds,abaft,froze
trice,ponds,abaft,broke
trice,ponds,brave,frame,graze
trice,ponds,brave,frame,frame
trice,ponds,brave,grave
trice,ponds,brave,brave
trice,ponds,brave,argue
trice,ponds,brave,brake
trice,ponds,drove
trice,ponds,erode
trice,ponds,prose
trice,afoul,spice
trice,afoul,voice
trice,afoul,juice
trice,afoul,slice
trice,shaul,whack
trice,shaul,lynch
trice,shaul,cluck,cluck
trice,shaul,cluck,pluck
trice,shaul,gulch,mulch
trice,shaul,gulch,gulch
trice,shaul,gulch,lunch
trice,shaul,chuck
trice,shaul,abaft,flack
trice,shaul,abaft,clack
trice,shaul,abaft,black
trice,shaul,coach
trice,shaul,slack
trice,shaul,abaft,block
trice,shaul,abaft,clock
trice,shaul,abaft,flock
trice,shaul,aback,knack
trice,shaul,aback,aback
trice,shaul,shuck
trice,shaul,knock
trice,shaul,bumph,munch
trice,shaul,bumph,punch
trice,shaul,bumph,bunch
trice,shaul,bumph,hunch
trice,shaul,bumph,couch,couch
trice,shaul,bumph,couch,vouch
trice,shaul,bumph,pouch
trice,shaul,snuck
trice,shaul,fancy
trice,shaul,conch,conch
trice,shaul,conch,pooch
trice,shaul,smock
trice,shaul,smack,snack
trice,shaul,smack,smack
trice,shaul,shack
trice,shaul,saucy
trice,shaul,quack
trice,shaul,shock
trice,shaul,chock
trice,mouls,mucky
trice,mouls,duchy
trice,mouls,macaw
trice,mouls,focus
trice,mouls,clash,clasp
trice,mouls,clash,clash
trice,mouls,cloud
trice,mouls,scuba
trice,mouls,macho
trice,mouls,chump
trice,mouls,bacon,bacon
trice,mouls,bacon,havoc
trice,mouls,bacon,canon
trice,mouls,bacon,cacao
trice,mouls,comfy,comma
trice,mouls,comfy,comfy
trice,mouls,sumac
trice,mouls,cocoa,cocoa
trice,mouls,cocoa,condo
trice,mouls,chalk
trice,mouls,mocha
trice,mouls,clamp
trice,mouls,clump
trice,mouls,class
trice,mouls,acidy,scald
trice,mouls,acidy,scaly
trice,mouls,acidy,scalp
trice,mouls,candy,cabby
trice,mouls,candy,canny
trice,mouls,candy,wacky
trice,mouls,candy,caddy
trice,mouls,candy,chaff
trice,mouls,candy,candy
trice,mouls,mucus
trice,mouls,chasm,scamp
trice,mouls,chasm,chasm
trice,mouls,could
trice,mouls,scoff,scoop
trice,mouls,scoff,scoff
trice,mouls,clang,cabal
trice,mouls,clang,canal
trice,mouls,clang,clank
trice,mouls,clang,clang
trice,mouls,locus
trice,mouls,chunk
trice,mouls,clung
trice,mouls,champ
trice,mouls,lucky
trice,mouls,caulk
trice,mouls,chaos
trice,mouls,cloak,clown
trice,mouls,cloak,cloak
trice,mouls,falls,local
trice,mouls,falls,vocal
trice,mouls,falls,colon
trice,mouls,falls,focal
trice,mouls,cough
trice,mouls,coyly
trice,mouls,scowl
trice,mouls,scold
trice,thick
trice,armor,taker,taker
trice,armor,taker,taper
trice,armor,terra
trice,armor,tamer
trice,armor,tower
trice,armor,teary
trice,armor,threw
trice,armor,tuber
trice,armor,tenor
trice,belah,beech,beech
trice,belah,beech,bench
trice,belah,epoch
trice,belah,mecca
trice,belah,wench
trice,belah,fleck
trice,belah,peach
trice,belah,speck
trice,belah,belch
trice,belah,beach
trice,belah,check
trice,belah,leech
trice,belah,leach
trice,belah,welch
trice,twine
trice,radio,vigor,minor
trice,radio,vigor,vigor
trice,radio,vigor,ivory
trice,radio,vigor,visor
trice,radio,radio
trice,radio,sprig
trice,radio,rigor
trice,radio,rabid,rapid
trice,radio,rabid,rabid
trice,radio,lurid
trice,radio,robin
trice,radio,rabbi
trice,radio,flair
trice,radio,risky
trice,radio,diary
trice,radio,nadir
trice,radio,rival
trice,radio,radii
trice,radio,rigid
trice,radio,girly,virus
trice,radio,girly,girly
trice,radio,viral
trice,loamy,foray
trice,loamy,mayor
trice,loamy,karma
trice,loamy,blurb,slurp
trice,loamy,blurb,blurb
trice,loamy,marry
trice,loamy,aargh,rugby
trice,loamy,aargh,ruddy
trice,loamy,aargh,hurry
trice,loamy,aargh,furry
trice,loamy,burly,burly
trice,loamy,burly,surly
trice,loamy,major,manor
trice,loamy,major,major
trice,loamy,syrup
trice,loamy,molar,molar
trice,loamy,molar,moral
trice,loamy,labor
trice,loamy,myrrh
trice,loamy,shrub,spurn
trice,loamy,shrub,usurp
trice,loamy,shrub,shrug
trice,loamy,shrub,shrub
trice,loamy,hydro
trice,loamy,rayon
trice,loamy,rumba,marsh
trice,loamy,rumba,umbra
trice,loamy,rumba,rumba
trice,loamy,favor,baron
trice,loamy,favor,abhor
trice,loamy,favor,savor
trice,loamy,favor,vapor
trice,loamy,favor,favor
trice,loamy,favor,apron
trice,loamy,favor,razor
trice,loamy,favor,adorn,agora
trice,loamy,favor,adorn,adorn
trice,loamy,ralph,ralph
trice,loamy,ralph,rural
trice,loamy,world
trice,loamy,humor,rumor
trice,loamy,humor,humor
trice,loamy,glory
trice,loamy,dowry,dowry
trice,loamy,dowry,rowdy
trice,loamy,dowry,sorry
trice,loamy,dowry,worry
trice,loamy,dowry,horny
trice,loamy,dowry,wordy
trice,loamy,royal
trice,loamy,moron,mourn
trice,loamy,moron,morph
trice,loamy,moron,forum
trice,loamy,moron,moron
trice,loamy,flora,valor
trice,loamy,flora,flora
trice,loamy,larva,larva
trice,loamy,larva,lunar
trice,loamy,harsh,rajah
trice,loamy,harsh,augur
trice,loamy,harsh,parka
trice,loamy,harsh,radar
trice,loamy,harsh,harsh
trice,loamy,harsh,sugar
trice,loamy,snarl
trice,loamy,spued,wharf
trice,loamy,spued,award
trice,loamy,spued,shard
trice,loamy,spued,dwarf
trice,loamy,spued,guard
trice,loamy,spued,spark
trice,loamy,spued,sharp
trice,loamy,spued,shark
trice,loamy,spued,quark
trice,loamy,ovary
trice,loamy,rally
trice,loamy,floor,flour
trice,loamy,floor,floor
trice,loamy,board,hoard
trice,loamy,board,board
trice,loamy,lorry
trice,loamy,roomy
trice,loamy,borax,borax
trice,loamy,borax,sonar
trice,loamy,donor,gourd
trice,loamy,donor,forgo
trice,loamy,donor,honor
trice,loamy,donor,round
trice,loamy,donor,donor
trice,loamy,donor,rough
trice,loamy,alarm
trice,loamy,parry,parry
trice,loamy,parry,hardy
trice,loamy,parry,randy
trice,loamy,parry,raspy
trice,loamy,parry,harry
trice,loamy,parry,angry
trice,loamy,parry,harpy
trice,loamy,parry,spray
trice,loamy,murky
trice,loamy,polar,polar
trice,loamy,polar,solar
trice,loamy,swarm
trice,loamy,mural
trice,loamy,ajwan,furor
trice,loamy,ajwan,juror
trice,loamy,ajwan,sworn
trice,loamy,ajwan,sword
trice,loamy,ajwan,fjord
trice,loamy,ajwan,shorn
trice,teach
trice,tapir,tiara
trice,tapir,tapir
trice,roach,lurch
trice,roach,roach
trice,roach,porch
trice,roach,march
trice,roach,ranch
trice,touch
trice,butoh,torso
trice,butoh,tutor
trice,butoh,thorn
trice,butoh,turbo
trice,butoh,throb
trice,butoh,tarot
trice,butoh,throw
trice,butoh,tardy
trice,butoh,torus
trice,butoh,thrum
trice,butoh,tumor
trice,adapt,print
trice,adapt,fritz
trice,adapt,wrist
trice,adapt,drift
trice,abamp,tripe
trice,abamp,trite
trice,abamp,tribe
trice,tread,tread
trice,tread,truer
trice,tread,trend
trice,tread,treat
trice,algid,titan
trice,algid,tulip
trice,algid,tight
trice,algid,tidal
trice,algid,tipsy
trice,algid,toxin
trice,algid,timid
trice,algid,tibia
trice,crept,crest
trice,crept,crept
trice,tilde,tithe
trice,tilde,tilde
trice,tilde,title
trice,price
trice,cutie
